-- --------------------------------------------------------
-- Хост:                         127.0.0.1
-- Версия сервера:               10.3.13-MariaDB - mariadb.org binary distribution
-- Операционная система:         Win64
-- HeidiSQL Версия:              9.5.0.5196
-- --------------------------------------------------------

/*!40101 SET @OLD_CHARACTER_SET_CLIENT=@@CHARACTER_SET_CLIENT */;
/*!40101 SET NAMES utf8 */;
/*!50503 SET NAMES utf8mb4 */;
/*!40014 SET @OLD_FOREIGN_KEY_CHECKS=@@FOREIGN_KEY_CHECKS, FOREIGN_KEY_CHECKS=0 */;
/*!40101 SET @OLD_SQL_MODE=@@SQL_MODE, SQL_MODE='NO_AUTO_VALUE_ON_ZERO' */;


-- Дамп структуры базы данных blue_bird_cafe
CREATE DATABASE IF NOT EXISTS `blue_bird_cafe` /*!40100 DEFAULT CHARACTER SET utf8 */;
USE `blue_bird_cafe`;

-- Дамп структуры для таблица blue_bird_cafe.admins
CREATE TABLE IF NOT EXISTS `admins` (
  `id` int(10) unsigned NOT NULL AUTO_INCREMENT,
  `name` varchar(191) COLLATE utf8mb4_unicode_ci NOT NULL,
  `email` varchar(191) COLLATE utf8mb4_unicode_ci NOT NULL,
  `password` varchar(191) COLLATE utf8mb4_unicode_ci DEFAULT NULL,
  `status` tinyint(1) NOT NULL DEFAULT 0,
  `role_id` int(10) unsigned NOT NULL,
  `remember_token` varchar(100) COLLATE utf8mb4_unicode_ci DEFAULT NULL,
  `created_at` timestamp NULL DEFAULT NULL,
  `updated_at` timestamp NULL DEFAULT NULL,
  PRIMARY KEY (`id`),
  UNIQUE KEY `admins_email_unique` (`email`)
) ENGINE=InnoDB AUTO_INCREMENT=3 DEFAULT CHARSET=utf8mb4 COLLATE=utf8mb4_unicode_ci ROW_FORMAT=DYNAMIC;

-- Дамп данных таблицы blue_bird_cafe.admins: ~2 rows (приблизительно)
/*!40000 ALTER TABLE `admins` DISABLE KEYS */;
REPLACE INTO `admins` (`id`, `name`, `email`, `password`, `status`, `role_id`, `remember_token`, `created_at`, `updated_at`) VALUES
	(1, 'Example', 'admin@example.com', '$2y$10$RKNxntULAQQn77kTZPlcDuooGSmheTSsTI4h3w7BNEBI7eYBb141S', 1, 1, 'UsHe1bI1tKFtLn4GueGPO3jN1zW7Om2UIepz1VASVDT8XnBtpZYTKfvOPmgA', NULL, NULL),
	(2, 'dima', 'dima_test@test.com', '$2y$10$WW8lu4OQlkFLC.W95Lkv/.qJ.FO.z.KhJpjISr8gxse30P6dsD0HO', 1, 1, NULL, '2019-08-29 17:43:13', '2019-08-29 17:43:13');
/*!40000 ALTER TABLE `admins` ENABLE KEYS */;

-- Дамп структуры для таблица blue_bird_cafe.admin_password_resets
CREATE TABLE IF NOT EXISTS `admin_password_resets` (
  `email` varchar(191) COLLATE utf8mb4_unicode_ci NOT NULL,
  `token` varchar(191) COLLATE utf8mb4_unicode_ci NOT NULL,
  `created_at` timestamp NULL DEFAULT NULL,
  KEY `admin_password_resets_email_index` (`email`)
) ENGINE=InnoDB DEFAULT CHARSET=utf8mb4 COLLATE=utf8mb4_unicode_ci ROW_FORMAT=DYNAMIC;

-- Дамп данных таблицы blue_bird_cafe.admin_password_resets: ~0 rows (приблизительно)
/*!40000 ALTER TABLE `admin_password_resets` DISABLE KEYS */;
/*!40000 ALTER TABLE `admin_password_resets` ENABLE KEYS */;

-- Дамп структуры для таблица blue_bird_cafe.attributes
CREATE TABLE IF NOT EXISTS `attributes` (
  `id` int(10) unsigned NOT NULL AUTO_INCREMENT,
  `code` varchar(191) COLLATE utf8mb4_unicode_ci NOT NULL,
  `admin_name` varchar(191) COLLATE utf8mb4_unicode_ci NOT NULL,
  `type` varchar(191) COLLATE utf8mb4_unicode_ci NOT NULL,
  `validation` varchar(191) COLLATE utf8mb4_unicode_ci DEFAULT NULL,
  `position` int(11) DEFAULT NULL,
  `is_required` tinyint(1) NOT NULL DEFAULT 0,
  `is_unique` tinyint(1) NOT NULL DEFAULT 0,
  `value_per_locale` tinyint(1) NOT NULL DEFAULT 0,
  `value_per_channel` tinyint(1) NOT NULL DEFAULT 0,
  `is_filterable` tinyint(1) NOT NULL DEFAULT 0,
  `is_configurable` tinyint(1) NOT NULL DEFAULT 0,
  `is_user_defined` tinyint(1) NOT NULL DEFAULT 1,
  `is_visible_on_front` tinyint(1) NOT NULL DEFAULT 0,
  `created_at` timestamp NULL DEFAULT NULL,
  `updated_at` timestamp NULL DEFAULT NULL,
  `swatch_type` varchar(191) COLLATE utf8mb4_unicode_ci DEFAULT NULL,
  `use_in_flat` tinyint(1) NOT NULL DEFAULT 1,
  PRIMARY KEY (`id`),
  UNIQUE KEY `attributes_code_unique` (`code`)
) ENGINE=InnoDB AUTO_INCREMENT=45 DEFAULT CHARSET=utf8mb4 COLLATE=utf8mb4_unicode_ci ROW_FORMAT=DYNAMIC;

-- Дамп данных таблицы blue_bird_cafe.attributes: ~34 rows (приблизительно)
/*!40000 ALTER TABLE `attributes` DISABLE KEYS */;
REPLACE INTO `attributes` (`id`, `code`, `admin_name`, `type`, `validation`, `position`, `is_required`, `is_unique`, `value_per_locale`, `value_per_channel`, `is_filterable`, `is_configurable`, `is_user_defined`, `is_visible_on_front`, `created_at`, `updated_at`, `swatch_type`, `use_in_flat`) VALUES
	(1, 'sku', 'SKU', 'text', NULL, 1, 1, 1, 0, 0, 0, 0, 0, 0, '2019-08-20 17:58:14', '2019-08-20 17:58:14', NULL, 1),
	(2, 'name', 'Name', 'text', NULL, 2, 1, 0, 1, 1, 0, 0, 0, 0, '2019-08-20 17:58:14', '2019-08-20 17:58:14', NULL, 1),
	(3, 'url_key', 'URL Key', 'text', NULL, 3, 1, 1, 0, 0, 0, 0, 0, 0, '2019-08-20 17:58:14', '2019-08-20 17:58:14', NULL, 1),
	(4, 'tax_category_id', 'Tax Category', 'select', NULL, 4, 0, 0, 0, 1, 0, 0, 0, 0, '2019-08-20 17:58:14', '2019-08-20 17:58:14', NULL, 1),
	(5, 'new', 'New', 'boolean', NULL, 5, 0, 0, 0, 0, 0, 0, 0, 0, '2019-08-20 17:58:14', '2019-08-20 17:58:14', NULL, 1),
	(6, 'featured', 'Featured', 'boolean', NULL, 6, 0, 0, 0, 0, 0, 0, 0, 0, '2019-08-20 17:58:14', '2019-08-20 17:58:14', NULL, 1),
	(7, 'visible_individually', 'Visible Individually', 'boolean', NULL, 7, 1, 0, 0, 0, 0, 0, 0, 0, '2019-08-20 17:58:14', '2019-08-20 17:58:14', NULL, 1),
	(8, 'status', 'Status', 'boolean', NULL, 8, 1, 0, 0, 0, 0, 0, 0, 0, '2019-08-20 17:58:14', '2019-08-20 17:58:14', NULL, 1),
	(9, 'short_description', 'Short Description', 'textarea', NULL, 9, 1, 0, 1, 1, 0, 0, 0, 0, '2019-08-20 17:58:14', '2019-08-20 17:58:14', NULL, 1),
	(10, 'description', 'Description', 'textarea', NULL, 10, 1, 0, 1, 1, 0, 0, 0, 0, '2019-08-20 17:58:14', '2019-08-20 17:58:14', NULL, 1),
	(11, 'price', 'Price', 'price', 'decimal', 11, 1, 0, 0, 0, 0, 0, 0, 0, '2019-08-20 17:58:14', '2019-09-18 17:46:07', NULL, 1),
	(13, 'special_price', 'Special Price', 'price', 'decimal', 13, 0, 0, 0, 0, 0, 0, 0, 0, '2019-08-20 17:58:14', '2019-08-20 17:58:14', NULL, 1),
	(14, 'special_price_from', 'Special Price From', 'date', NULL, 14, 0, 0, 0, 1, 0, 0, 0, 0, '2019-08-20 17:58:14', '2019-08-20 17:58:14', NULL, 1),
	(15, 'special_price_to', 'Special Price To', 'date', NULL, 15, 0, 0, 0, 1, 0, 0, 0, 0, '2019-08-20 17:58:14', '2019-08-20 17:58:14', NULL, 1),
	(16, 'meta_title', 'Meta Title', 'textarea', NULL, 16, 0, 0, 1, 1, 0, 0, 0, 0, '2019-08-20 17:58:14', '2019-08-20 17:58:14', NULL, 1),
	(17, 'meta_keywords', 'Meta Keywords', 'textarea', NULL, 17, 0, 0, 1, 1, 0, 0, 0, 0, '2019-08-20 17:58:14', '2019-08-20 17:58:14', NULL, 1),
	(22, 'weight', 'Weight', 'text', 'decimal', 22, 1, 0, 0, 0, 0, 0, 0, 0, '2019-08-20 17:58:14', '2019-08-20 17:58:14', NULL, 1),
	(23, 'color', 'Color', 'select', '', 23, 0, 0, 0, 0, 0, 1, 1, 0, '2019-08-20 17:58:14', '2019-09-18 17:43:13', NULL, 1),
	(24, 'size', 'Size', 'select', '', 24, 0, 0, 0, 0, 0, 1, 1, 0, '2019-08-20 17:58:14', '2019-09-18 17:45:58', NULL, 1),
	(26, 'meta_description', 'Meta Description', 'textarea', '', NULL, 0, 0, 1, 1, 0, 0, 1, 0, '2019-08-23 18:02:14', '2019-08-23 18:02:14', NULL, 1),
	(27, 'length', 'Length', 'text', 'decimal', NULL, 1, 0, 0, 0, 0, 0, 1, 0, '2019-08-23 18:16:27', '2019-08-23 18:16:27', NULL, 1),
	(28, 'height', 'Height', 'text', 'decimal', NULL, 1, 0, 0, 0, 0, 0, 1, 0, '2019-08-23 18:16:30', '2019-08-23 18:16:30', NULL, 1),
	(29, 'width', 'Width', 'text', 'decimal', NULL, 1, 0, 0, 0, 0, 0, 1, 0, '2019-08-23 18:16:33', '2019-08-23 18:16:33', NULL, 1),
	(30, 'bluebox', 'bluebox', 'boolean', '', NULL, 0, 0, 0, 0, 0, 1, 1, 1, '2019-09-11 15:14:26', '2019-09-11 15:14:26', NULL, 1),
	(32, 'CoffeeWeight', 'Weight', 'select', '', NULL, 0, 0, 0, 0, 1, 1, 1, 1, '2019-09-13 15:52:24', '2019-09-23 17:33:04', 'dropdown', 1),
	(35, 'Body', 'Body', 'text', '', NULL, 0, 0, 0, 0, 0, 0, 1, 1, '2019-10-02 22:05:05', '2019-10-02 22:16:04', NULL, 1),
	(36, 'Region', 'Region', 'text', '', NULL, 0, 0, 0, 0, 0, 0, 1, 1, '2019-10-02 22:21:59', '2019-10-02 22:21:59', NULL, 1),
	(37, 'Aroma', 'Aroma', 'text', '', NULL, 0, 0, 0, 0, 0, 0, 1, 1, '2019-10-02 22:22:12', '2019-10-02 22:22:12', NULL, 1),
	(38, 'Roasting', 'Roasting', 'text', '', NULL, 0, 0, 0, 0, 0, 0, 1, 1, '2019-10-02 22:22:22', '2019-10-02 22:22:22', NULL, 1),
	(39, 'Flavor', 'Flavor', 'text', '', NULL, 0, 0, 0, 0, 0, 0, 1, 1, '2019-10-02 22:27:58', '2019-10-02 22:27:58', NULL, 1),
	(41, 'Recomend', 'Recomend', 'text', '', NULL, 0, 0, 0, 0, 0, 0, 1, 1, '2019-10-02 22:31:57', '2019-10-02 22:31:57', NULL, 1),
	(42, 'testatr', 'testatr', 'text', '', NULL, 0, 0, 0, 0, 0, 0, 1, 1, '2019-10-02 22:41:33', '2019-10-02 22:41:33', NULL, 1),
	(43, 'catalog_img', 'Product image in catalog', 'image', '', NULL, 0, 0, 0, 0, 0, 0, 1, 1, '2019-10-02 22:52:27', '2019-10-03 03:23:53', NULL, 1),
	(44, 'coffeemachineweight', 'coffeemachineweight', 'select', '', NULL, 0, 0, 0, 0, 1, 1, 1, 1, '2019-10-03 01:33:34', '2019-10-03 01:33:34', 'dropdown', 1);
/*!40000 ALTER TABLE `attributes` ENABLE KEYS */;

-- Дамп структуры для таблица blue_bird_cafe.attribute_families
CREATE TABLE IF NOT EXISTS `attribute_families` (
  `id` int(10) unsigned NOT NULL AUTO_INCREMENT,
  `code` varchar(191) COLLATE utf8mb4_unicode_ci NOT NULL,
  `name` varchar(191) COLLATE utf8mb4_unicode_ci NOT NULL,
  `status` tinyint(1) NOT NULL DEFAULT 0,
  `is_user_defined` tinyint(1) NOT NULL DEFAULT 1,
  PRIMARY KEY (`id`)
) ENGINE=InnoDB AUTO_INCREMENT=8 DEFAULT CHARSET=utf8mb4 COLLATE=utf8mb4_unicode_ci ROW_FORMAT=DYNAMIC;

-- Дамп данных таблицы blue_bird_cafe.attribute_families: ~7 rows (приблизительно)
/*!40000 ALTER TABLE `attribute_families` DISABLE KEYS */;
REPLACE INTO `attribute_families` (`id`, `code`, `name`, `status`, `is_user_defined`) VALUES
	(1, 'default', 'Default', 0, 1),
	(2, 'testu', 'testu', 0, 1),
	(3, 'coffeemachine', 'coffee-machines', 0, 1),
	(4, 'coffee', 'coffee', 0, 1),
	(5, 'Flavored', 'Flavored', 0, 1),
	(6, 'CoffeeAccessories', 'coffee-accessories', 0, 1),
	(7, 'BaristaTools', 'barista-tools', 0, 1);
/*!40000 ALTER TABLE `attribute_families` ENABLE KEYS */;

-- Дамп структуры для таблица blue_bird_cafe.attribute_groups
CREATE TABLE IF NOT EXISTS `attribute_groups` (
  `id` int(10) unsigned NOT NULL AUTO_INCREMENT,
  `name` varchar(191) COLLATE utf8mb4_unicode_ci NOT NULL,
  `position` int(11) NOT NULL,
  `is_user_defined` tinyint(1) NOT NULL DEFAULT 1,
  `attribute_family_id` int(10) unsigned NOT NULL,
  PRIMARY KEY (`id`),
  UNIQUE KEY `attribute_groups_attribute_family_id_name_unique` (`attribute_family_id`,`name`),
  CONSTRAINT `attribute_groups_attribute_family_id_foreign` FOREIGN KEY (`attribute_family_id`) REFERENCES `attribute_families` (`id`) ON DELETE CASCADE
) ENGINE=InnoDB AUTO_INCREMENT=42 DEFAULT CHARSET=utf8mb4 COLLATE=utf8mb4_unicode_ci ROW_FORMAT=DYNAMIC;

-- Дамп данных таблицы blue_bird_cafe.attribute_groups: ~40 rows (приблизительно)
/*!40000 ALTER TABLE `attribute_groups` DISABLE KEYS */;
REPLACE INTO `attribute_groups` (`id`, `name`, `position`, `is_user_defined`, `attribute_family_id`) VALUES
	(1, 'General', 1, 0, 1),
	(2, 'Description', 2, 0, 1),
	(3, 'Meta Description', 3, 0, 1),
	(4, 'Price', 4, 0, 1),
	(5, 'Shipping', 5, 0, 1),
	(6, 'General', 1, 0, 2),
	(7, 'Description', 2, 0, 2),
	(8, 'Meta Description', 3, 0, 2),
	(9, 'Price', 4, 0, 2),
	(10, 'Shipping', 5, 0, 2),
	(11, 'Product Details', 1, 1, 1),
	(12, 'General', 1, 0, 3),
	(14, 'Description', 2, 0, 3),
	(15, 'Meta Description', 3, 0, 3),
	(16, 'Price', 4, 0, 3),
	(17, 'Shipping', 5, 0, 3),
	(18, 'General', 1, 0, 4),
	(19, 'Product Details', 1, 1, 4),
	(20, 'Description', 2, 0, 4),
	(21, 'Meta Description', 3, 0, 4),
	(22, 'Price', 4, 0, 4),
	(23, 'Shipping', 5, 0, 4),
	(24, 'General', 1, 0, 5),
	(25, 'Product Details', 1, 1, 5),
	(26, 'Description', 2, 0, 5),
	(27, 'Meta Description', 3, 0, 5),
	(28, 'Price', 4, 0, 5),
	(29, 'Shipping', 5, 0, 5),
	(30, 'General', 1, 0, 6),
	(31, 'Product Details', 1, 1, 6),
	(32, 'Description', 2, 0, 6),
	(33, 'Meta Description', 3, 0, 6),
	(34, 'Price', 4, 0, 6),
	(35, 'Shipping', 5, 0, 6),
	(36, 'General', 1, 0, 7),
	(37, 'Product Details', 1, 1, 7),
	(38, 'Description', 2, 0, 7),
	(39, 'Meta Description', 3, 0, 7),
	(40, 'Price', 4, 0, 7),
	(41, 'Shipping', 5, 0, 7);
/*!40000 ALTER TABLE `attribute_groups` ENABLE KEYS */;

-- Дамп структуры для таблица blue_bird_cafe.attribute_group_mappings
CREATE TABLE IF NOT EXISTS `attribute_group_mappings` (
  `attribute_id` int(10) unsigned NOT NULL,
  `attribute_group_id` int(10) unsigned NOT NULL,
  `position` int(11) DEFAULT NULL,
  PRIMARY KEY (`attribute_id`,`attribute_group_id`),
  KEY `attribute_group_mappings_attribute_group_id_foreign` (`attribute_group_id`),
  CONSTRAINT `attribute_group_mappings_attribute_group_id_foreign` FOREIGN KEY (`attribute_group_id`) REFERENCES `attribute_groups` (`id`) ON DELETE CASCADE,
  CONSTRAINT `attribute_group_mappings_attribute_id_foreign` FOREIGN KEY (`attribute_id`) REFERENCES `attributes` (`id`) ON DELETE CASCADE
) ENGINE=InnoDB DEFAULT CHARSET=utf8mb4 COLLATE=utf8mb4_unicode_ci ROW_FORMAT=DYNAMIC;

-- Дамп данных таблицы blue_bird_cafe.attribute_group_mappings: ~190 rows (приблизительно)
/*!40000 ALTER TABLE `attribute_group_mappings` DISABLE KEYS */;
REPLACE INTO `attribute_group_mappings` (`attribute_id`, `attribute_group_id`, `position`) VALUES
	(1, 1, 1),
	(1, 6, 1),
	(1, 12, 1),
	(1, 18, 1),
	(1, 24, 1),
	(1, 30, 1),
	(1, 36, 1),
	(2, 1, 2),
	(2, 6, 2),
	(2, 12, 2),
	(2, 18, 2),
	(2, 24, 2),
	(2, 30, 2),
	(2, 36, 2),
	(3, 1, 3),
	(3, 6, 3),
	(3, 12, 3),
	(3, 18, 3),
	(3, 24, 3),
	(3, 30, 3),
	(3, 36, 3),
	(4, 1, 4),
	(4, 6, 4),
	(4, 12, 4),
	(4, 18, 4),
	(4, 24, 4),
	(4, 30, 4),
	(4, 36, 4),
	(5, 1, 5),
	(5, 6, 5),
	(5, 12, 5),
	(5, 18, 5),
	(5, 24, 5),
	(5, 30, 5),
	(5, 36, 5),
	(6, 1, 6),
	(6, 6, 6),
	(6, 12, 6),
	(6, 18, 6),
	(6, 24, 6),
	(6, 30, 6),
	(6, 36, 6),
	(7, 1, 7),
	(7, 6, 7),
	(7, 12, 7),
	(7, 18, 7),
	(7, 24, 7),
	(7, 30, 7),
	(7, 36, 7),
	(8, 1, 8),
	(8, 6, 8),
	(8, 12, 8),
	(8, 18, 8),
	(8, 24, 8),
	(8, 30, 8),
	(8, 36, 8),
	(9, 2, 1),
	(9, 7, 1),
	(9, 14, 1),
	(9, 20, 1),
	(9, 26, 1),
	(9, 32, 1),
	(9, 38, 1),
	(10, 2, 2),
	(10, 7, 2),
	(10, 14, 2),
	(10, 20, 2),
	(10, 26, 2),
	(10, 32, 2),
	(10, 38, 2),
	(11, 4, 1),
	(11, 9, 1),
	(11, 16, 1),
	(11, 22, 1),
	(11, 28, 1),
	(11, 34, 1),
	(11, 40, 1),
	(13, 4, 3),
	(13, 9, 3),
	(13, 16, 2),
	(13, 22, 2),
	(13, 28, 2),
	(13, 34, 2),
	(13, 40, 2),
	(14, 4, 4),
	(14, 9, 4),
	(14, 16, 3),
	(14, 22, 3),
	(14, 28, 3),
	(14, 34, 3),
	(14, 40, 3),
	(15, 4, 5),
	(15, 9, 5),
	(15, 16, 4),
	(15, 22, 4),
	(15, 28, 4),
	(15, 34, 4),
	(15, 40, 4),
	(16, 3, 1),
	(16, 8, 1),
	(16, 15, 1),
	(16, 21, 1),
	(16, 27, 1),
	(16, 33, 1),
	(16, 39, 1),
	(17, 3, 2),
	(17, 8, 2),
	(17, 15, 2),
	(17, 21, 2),
	(17, 27, 2),
	(17, 33, 2),
	(17, 39, 2),
	(22, 5, 4),
	(22, 10, 4),
	(22, 17, 3),
	(22, 23, 4),
	(22, 29, 4),
	(22, 35, 4),
	(22, 41, 4),
	(23, 1, 9),
	(23, 6, 9),
	(23, 18, 9),
	(23, 24, 9),
	(23, 30, 9),
	(23, 36, 9),
	(24, 1, 10),
	(24, 6, 10),
	(24, 18, 10),
	(24, 24, 10),
	(24, 30, 10),
	(24, 36, 10),
	(26, 3, 3),
	(26, 15, 3),
	(26, 21, 3),
	(26, 27, 3),
	(26, 33, 3),
	(26, 39, 3),
	(27, 5, 2),
	(27, 23, 1),
	(27, 29, 1),
	(27, 35, 1),
	(27, 41, 1),
	(28, 5, 3),
	(28, 23, 2),
	(28, 29, 2),
	(28, 35, 2),
	(28, 41, 2),
	(29, 5, 4),
	(29, 23, 3),
	(29, 29, 3),
	(29, 35, 3),
	(29, 41, 3),
	(32, 1, 11),
	(32, 18, 11),
	(32, 24, 11),
	(32, 30, 11),
	(32, 36, 11),
	(35, 11, 4),
	(35, 19, 4),
	(35, 25, 4),
	(35, 31, 4),
	(35, 37, 4),
	(36, 11, 1),
	(36, 19, 1),
	(36, 25, 1),
	(36, 31, 1),
	(36, 37, 1),
	(37, 11, 2),
	(37, 19, 2),
	(37, 25, 2),
	(37, 31, 2),
	(37, 37, 2),
	(38, 11, 3),
	(38, 19, 3),
	(38, 25, 3),
	(38, 31, 3),
	(38, 37, 3),
	(39, 11, 5),
	(39, 19, 5),
	(39, 25, 5),
	(39, 31, 5),
	(39, 37, 5),
	(41, 11, 6),
	(41, 19, 6),
	(41, 25, 6),
	(41, 31, 6),
	(41, 37, 6),
	(42, 11, 7),
	(42, 19, 7),
	(42, 25, 7),
	(42, 31, 7),
	(42, 37, 7),
	(43, 4, 5),
	(43, 16, 5),
	(43, 22, 5),
	(43, 28, 5),
	(43, 34, 5),
	(43, 40, 5),
	(44, 12, 9);
/*!40000 ALTER TABLE `attribute_group_mappings` ENABLE KEYS */;

-- Дамп структуры для таблица blue_bird_cafe.attribute_options
CREATE TABLE IF NOT EXISTS `attribute_options` (
  `id` int(10) unsigned NOT NULL AUTO_INCREMENT,
  `admin_name` varchar(191) COLLATE utf8mb4_unicode_ci DEFAULT NULL,
  `sort_order` int(11) DEFAULT NULL,
  `attribute_id` int(10) unsigned NOT NULL,
  `swatch_value` varchar(191) COLLATE utf8mb4_unicode_ci DEFAULT NULL,
  PRIMARY KEY (`id`),
  KEY `attribute_options_attribute_id_foreign` (`attribute_id`),
  CONSTRAINT `attribute_options_attribute_id_foreign` FOREIGN KEY (`attribute_id`) REFERENCES `attributes` (`id`) ON DELETE CASCADE
) ENGINE=InnoDB AUTO_INCREMENT=18 DEFAULT CHARSET=utf8mb4 COLLATE=utf8mb4_unicode_ci ROW_FORMAT=DYNAMIC;

-- Дамп данных таблицы blue_bird_cafe.attribute_options: ~14 rows (приблизительно)
/*!40000 ALTER TABLE `attribute_options` DISABLE KEYS */;
REPLACE INTO `attribute_options` (`id`, `admin_name`, `sort_order`, `attribute_id`, `swatch_value`) VALUES
	(1, 'Red', 1, 23, NULL),
	(2, 'Green', 2, 23, NULL),
	(3, 'Yellow', 3, 23, NULL),
	(4, 'Black', 4, 23, NULL),
	(5, 'White', 5, 23, NULL),
	(6, 'S', 1, 24, NULL),
	(7, 'M', 2, 24, NULL),
	(8, 'L', 3, 24, NULL),
	(9, 'XL', 4, 24, NULL),
	(10, '250g', 1, 32, NULL),
	(11, '500g', 2, 32, NULL),
	(12, '1000g', 3, 32, NULL),
	(16, '2000', 1, 44, NULL),
	(17, '4000', 2, 44, NULL);
/*!40000 ALTER TABLE `attribute_options` ENABLE KEYS */;

-- Дамп структуры для таблица blue_bird_cafe.attribute_option_translations
CREATE TABLE IF NOT EXISTS `attribute_option_translations` (
  `id` int(10) unsigned NOT NULL AUTO_INCREMENT,
  `locale` varchar(191) COLLATE utf8mb4_unicode_ci NOT NULL,
  `label` text COLLATE utf8mb4_unicode_ci DEFAULT NULL,
  `attribute_option_id` int(10) unsigned NOT NULL,
  PRIMARY KEY (`id`),
  UNIQUE KEY `attribute_option_translations_attribute_option_id_locale_unique` (`attribute_option_id`,`locale`),
  CONSTRAINT `attribute_option_translations_attribute_option_id_foreign` FOREIGN KEY (`attribute_option_id`) REFERENCES `attribute_options` (`id`) ON DELETE CASCADE
) ENGINE=InnoDB AUTO_INCREMENT=35 DEFAULT CHARSET=utf8mb4 COLLATE=utf8mb4_unicode_ci ROW_FORMAT=DYNAMIC;

-- Дамп данных таблицы blue_bird_cafe.attribute_option_translations: ~28 rows (приблизительно)
/*!40000 ALTER TABLE `attribute_option_translations` DISABLE KEYS */;
REPLACE INTO `attribute_option_translations` (`id`, `locale`, `label`, `attribute_option_id`) VALUES
	(1, 'en', 'Red', 1),
	(2, 'en', 'Green', 2),
	(3, 'en', 'Yellow', 3),
	(4, 'en', 'Black', 4),
	(5, 'en', 'White', 5),
	(6, 'en', 'S', 6),
	(7, 'en', 'M', 7),
	(8, 'en', 'L', 8),
	(9, 'en', 'XL', 9),
	(10, 'en', '250g', 10),
	(11, 'hu', '250g', 10),
	(12, 'en', '500g', 11),
	(13, 'hu', '500g', 11),
	(14, 'en', '1000g', 12),
	(15, 'hu', '1000g', 12),
	(22, 'hu', '', 1),
	(23, 'hu', '', 2),
	(24, 'hu', '', 3),
	(25, 'hu', '', 4),
	(26, 'hu', '', 5),
	(27, 'hu', '', 6),
	(28, 'hu', '', 7),
	(29, 'hu', '', 8),
	(30, 'hu', '', 9),
	(31, 'en', '2000', 16),
	(32, 'hu', '2000', 16),
	(33, 'en', '4000', 17),
	(34, 'hu', '4000', 17);
/*!40000 ALTER TABLE `attribute_option_translations` ENABLE KEYS */;

-- Дамп структуры для таблица blue_bird_cafe.attribute_translations
CREATE TABLE IF NOT EXISTS `attribute_translations` (
  `id` int(10) unsigned NOT NULL AUTO_INCREMENT,
  `locale` varchar(191) COLLATE utf8mb4_unicode_ci NOT NULL,
  `name` text COLLATE utf8mb4_unicode_ci DEFAULT NULL,
  `attribute_id` int(10) unsigned NOT NULL,
  PRIMARY KEY (`id`),
  UNIQUE KEY `attribute_translations_attribute_id_locale_unique` (`attribute_id`,`locale`),
  CONSTRAINT `attribute_translations_attribute_id_foreign` FOREIGN KEY (`attribute_id`) REFERENCES `attributes` (`id`) ON DELETE CASCADE
) ENGINE=InnoDB AUTO_INCREMENT=63 DEFAULT CHARSET=utf8mb4 COLLATE=utf8mb4_unicode_ci ROW_FORMAT=DYNAMIC;

-- Дамп данных таблицы blue_bird_cafe.attribute_translations: ~48 rows (приблизительно)
/*!40000 ALTER TABLE `attribute_translations` DISABLE KEYS */;
REPLACE INTO `attribute_translations` (`id`, `locale`, `name`, `attribute_id`) VALUES
	(1, 'en', 'SKU', 1),
	(2, 'en', 'Name', 2),
	(3, 'en', 'URL Key', 3),
	(4, 'en', 'Tax Category', 4),
	(5, 'en', 'New', 5),
	(6, 'en', 'Featured', 6),
	(7, 'en', 'Visible Individually', 7),
	(8, 'en', 'Status', 8),
	(9, 'en', 'Short Description', 9),
	(10, 'en', 'Description', 10),
	(11, 'en', 'Price', 11),
	(13, 'en', 'Special Price', 13),
	(14, 'en', 'Special Price From', 14),
	(15, 'en', 'Special Price To', 15),
	(16, 'en', 'Meta Description', 16),
	(17, 'en', 'Meta Keywords', 17),
	(22, 'en', 'Weight', 22),
	(23, 'en', 'Color', 23),
	(24, 'en', 'Size', 24),
	(26, 'en', 'Meta Description', 26),
	(27, 'en', 'Length', 27),
	(28, 'en', 'Height', 28),
	(29, 'en', 'Width', 29),
	(30, 'en', 'bluebox', 30),
	(31, 'hu', 'bluebox', 30),
	(34, 'en', 'Weight', 32),
	(35, 'hu', 'Weight', 32),
	(40, 'hu', '', 23),
	(41, 'hu', '', 24),
	(42, 'hu', '', 11),
	(43, 'en', 'Body', 35),
	(44, 'hu', 'Body', 35),
	(45, 'en', 'Region', 36),
	(46, 'hu', 'Region', 36),
	(47, 'en', 'Aroma', 37),
	(48, 'hu', 'Aroma', 37),
	(49, 'en', 'Roasting', 38),
	(50, 'hu', 'Roasting', 38),
	(51, 'en', 'Flavor', 39),
	(52, 'hu', 'Flavor', 39),
	(55, 'en', 'Recomend', 41),
	(56, 'hu', 'Recomend', 41),
	(57, 'en', 'testatr', 42),
	(58, 'hu', 'testatr', 42),
	(59, 'en', 'Product image in catalog', 43),
	(60, 'hu', 'Product image in catalog', 43),
	(61, 'en', 'coffeemachineweight', 44),
	(62, 'hu', 'coffeemachineweight', 44);
/*!40000 ALTER TABLE `attribute_translations` ENABLE KEYS */;

-- Дамп структуры для таблица blue_bird_cafe.cart
CREATE TABLE IF NOT EXISTS `cart` (
  `id` int(10) unsigned NOT NULL AUTO_INCREMENT,
  `customer_email` varchar(191) COLLATE utf8mb4_unicode_ci DEFAULT NULL,
  `customer_first_name` varchar(191) COLLATE utf8mb4_unicode_ci DEFAULT NULL,
  `customer_last_name` varchar(191) COLLATE utf8mb4_unicode_ci DEFAULT NULL,
  `shipping_method` varchar(191) COLLATE utf8mb4_unicode_ci DEFAULT NULL,
  `coupon_code` varchar(191) COLLATE utf8mb4_unicode_ci DEFAULT NULL,
  `is_gift` tinyint(1) NOT NULL DEFAULT 0,
  `items_count` int(11) DEFAULT NULL,
  `items_qty` decimal(12,4) DEFAULT NULL,
  `exchange_rate` decimal(12,4) DEFAULT NULL,
  `global_currency_code` varchar(191) COLLATE utf8mb4_unicode_ci DEFAULT NULL,
  `base_currency_code` varchar(191) COLLATE utf8mb4_unicode_ci DEFAULT NULL,
  `channel_currency_code` varchar(191) COLLATE utf8mb4_unicode_ci DEFAULT NULL,
  `cart_currency_code` varchar(191) COLLATE utf8mb4_unicode_ci DEFAULT NULL,
  `grand_total` decimal(12,4) DEFAULT 0.0000,
  `base_grand_total` decimal(12,4) DEFAULT 0.0000,
  `sub_total` decimal(12,4) DEFAULT 0.0000,
  `base_sub_total` decimal(12,4) DEFAULT 0.0000,
  `tax_total` decimal(12,4) DEFAULT 0.0000,
  `base_tax_total` decimal(12,4) DEFAULT 0.0000,
  `discount_amount` decimal(12,4) DEFAULT 0.0000,
  `base_discount_amount` decimal(12,4) DEFAULT 0.0000,
  `checkout_method` varchar(191) COLLATE utf8mb4_unicode_ci DEFAULT NULL,
  `is_guest` tinyint(1) DEFAULT NULL,
  `is_active` tinyint(1) DEFAULT 1,
  `conversion_time` datetime DEFAULT NULL,
  `customer_id` int(10) unsigned DEFAULT NULL,
  `channel_id` int(10) unsigned NOT NULL,
  `created_at` timestamp NULL DEFAULT NULL,
  `updated_at` timestamp NULL DEFAULT NULL,
  `points` varchar(191) COLLATE utf8mb4_unicode_ci DEFAULT '0',
  `points_converted` varchar(191) COLLATE utf8mb4_unicode_ci DEFAULT '0',
  PRIMARY KEY (`id`),
  KEY `cart_customer_id_foreign` (`customer_id`),
  KEY `cart_channel_id_foreign` (`channel_id`),
  CONSTRAINT `cart_channel_id_foreign` FOREIGN KEY (`channel_id`) REFERENCES `channels` (`id`) ON DELETE CASCADE,
  CONSTRAINT `cart_customer_id_foreign` FOREIGN KEY (`customer_id`) REFERENCES `customers` (`id`) ON DELETE CASCADE
) ENGINE=InnoDB AUTO_INCREMENT=202 DEFAULT CHARSET=utf8mb4 COLLATE=utf8mb4_unicode_ci ROW_FORMAT=DYNAMIC;

-- Дамп данных таблицы blue_bird_cafe.cart: ~88 rows (приблизительно)
/*!40000 ALTER TABLE `cart` DISABLE KEYS */;
REPLACE INTO `cart` (`id`, `customer_email`, `customer_first_name`, `customer_last_name`, `shipping_method`, `coupon_code`, `is_gift`, `items_count`, `items_qty`, `exchange_rate`, `global_currency_code`, `base_currency_code`, `channel_currency_code`, `cart_currency_code`, `grand_total`, `base_grand_total`, `sub_total`, `base_sub_total`, `tax_total`, `base_tax_total`, `discount_amount`, `base_discount_amount`, `checkout_method`, `is_guest`, `is_active`, `conversion_time`, `customer_id`, `channel_id`, `created_at`, `updated_at`, `points`, `points_converted`) VALUES
	(2, 'magicjoke@gmail.com', 'Ihor', 'Florko', 'free_free', NULL, 0, 1, 2.0000, NULL, 'USD', 'USD', 'USD', 'USD', 10.0000, 10.0000, 10.0000, 10.0000, 0.0000, 0.0000, 0.0000, 0.0000, NULL, 1, 1, NULL, NULL, 1, '2019-08-21 14:15:45', '2019-08-21 14:34:45', '0', '0'),
	(3, 'magicjoke@gmail.com', 'Igor', 'Flerko', NULL, NULL, 0, 1, 1.0000, NULL, 'USD', 'USD', 'USD', 'USD', 300.0000, 300.0000, 300.0000, 300.0000, 0.0000, 0.0000, 0.0000, 0.0000, NULL, 0, 1, NULL, 1, 1, '2019-08-21 21:39:41', '2019-09-11 15:24:16', '0', '0'),
	(4, NULL, NULL, NULL, NULL, NULL, 0, 1, 1.0000, NULL, 'USD', 'USD', 'USD', 'USD', 222.0000, 222.0000, 222.0000, 222.0000, 0.0000, 0.0000, 0.0000, 0.0000, NULL, 1, 1, NULL, NULL, 1, '2019-08-22 16:05:45', '2019-08-22 16:05:46', '0', '0'),
	(5, NULL, NULL, NULL, NULL, NULL, 0, 1, 5.0000, NULL, 'USD', 'USD', 'USD', 'USD', 1110.0000, 1110.0000, 1110.0000, 1110.0000, 0.0000, 0.0000, 0.0000, 0.0000, NULL, 1, 1, NULL, NULL, 1, '2019-08-22 16:56:36', '2019-08-22 17:14:58', '0', '0'),
	(6, 'test@gmail.com', 'test', 'super', 'free_free', NULL, 0, 1, 1.0000, NULL, 'USD', 'USD', 'USD', 'USD', 222.0000, 222.0000, 222.0000, 222.0000, 0.0000, 0.0000, 0.0000, 0.0000, NULL, 0, 0, NULL, 3, 1, '2019-08-22 17:01:57', '2019-08-27 17:28:08', '0', '0'),
	(8, 'mega@gmail.com', 'Mega', 'Test', 'free_free', NULL, 0, 1, 1.0000, NULL, 'USD', 'USD', 'USD', 'USD', 222.0000, 222.0000, 222.0000, 222.0000, 0.0000, 0.0000, 0.0000, 0.0000, NULL, 0, 0, NULL, 4, 1, '2019-08-23 17:01:47', '2019-08-23 17:02:16', '0', '0'),
	(9, 'test@gmail.com', 'test', 'super', 'free_free', NULL, 0, 1, 1.0000, NULL, 'USD', 'USD', 'USD', 'USD', 222.0000, 222.0000, 222.0000, 222.0000, 0.0000, 0.0000, 0.0000, 0.0000, NULL, 0, 0, NULL, 3, 1, '2019-08-27 17:29:17', '2019-08-27 17:30:24', '0', '0'),
	(10, 'test@gmail.com', 'test', 'super', 'free_free', NULL, 0, 1, 1.0000, NULL, 'USD', 'USD', 'USD', 'USD', 222.0000, 222.0000, 222.0000, 222.0000, 0.0000, 0.0000, 0.0000, 0.0000, NULL, 0, 0, NULL, 3, 1, '2019-08-27 17:30:57', '2019-08-27 17:31:09', '0', '0'),
	(11, 'test@gmail.com', 'test', 'super', 'free_free', NULL, 0, 1, 1.0000, NULL, 'USD', 'USD', 'USD', 'USD', 222.0000, 222.0000, 222.0000, 222.0000, 0.0000, 0.0000, 0.0000, 0.0000, NULL, 0, 0, NULL, 3, 1, '2019-08-27 17:37:06', '2019-08-27 17:40:52', '0', '0'),
	(12, 'test@gmail.com', 'test', 'super', 'free_free', NULL, 0, 1, 1.0000, NULL, 'USD', 'USD', 'USD', 'USD', 222.0000, 222.0000, 222.0000, 222.0000, 0.0000, 0.0000, 0.0000, 0.0000, NULL, 0, 0, NULL, 3, 1, '2019-08-27 17:43:39', '2019-08-27 17:43:52', '0', '0'),
	(13, 'test@gmail.com', 'test', 'super', 'free_free', NULL, 0, 1, 1.0000, NULL, 'USD', 'USD', 'USD', 'USD', 222.0000, 222.0000, 222.0000, 222.0000, 0.0000, 0.0000, 0.0000, 0.0000, NULL, 0, 0, NULL, 3, 1, '2019-08-27 17:47:13', '2019-08-27 17:47:26', '0', '0'),
	(14, 'test@gmail.com', 'test', 'super', 'free_free', NULL, 0, 1, 1.0000, NULL, 'USD', 'USD', 'USD', 'USD', 222.0000, 222.0000, 222.0000, 222.0000, 0.0000, 0.0000, 0.0000, 0.0000, NULL, 0, 0, NULL, 3, 1, '2019-08-27 17:49:56', '2019-08-27 17:50:08', '0', '0'),
	(15, 'test@gmail.com', 'test', 'super', 'free_free', '322', 0, 1, 1.0000, NULL, 'USD', 'USD', 'USD', 'USD', 188.7000, 188.7000, 222.0000, 222.0000, 0.0000, 0.0000, 33.3000, 33.3000, NULL, 0, 0, NULL, 3, 1, '2019-08-29 18:10:52', '2019-08-29 18:12:26', '0', '0'),
	(16, 'test@gmail.com', 'test', 'super', 'free_free', '322', 0, 1, 1.0000, NULL, 'HUF', 'HUF', 'HUF', 'HUF', 273.7000, 273.7000, 322.0000, 322.0000, 0.0000, 0.0000, 48.3000, 48.3000, NULL, 0, 0, NULL, 3, 1, '2019-08-29 18:40:39', '2019-08-29 18:41:01', '0', '0'),
	(17, 'test@gmail.com', 'test', 'super', 'free_free', NULL, 0, 1, 1.0000, NULL, 'HUF', 'HUF', 'HUF', 'HUF', 222.0000, 222.0000, 222.0000, 222.0000, 0.0000, 0.0000, 0.0000, 0.0000, NULL, 0, 0, NULL, 3, 1, '2019-08-29 19:43:20', '2019-08-29 19:43:33', '0', '0'),
	(18, 'test@gmail.com', 'test', 'super', 'free_free', NULL, 0, 1, 7.0000, NULL, 'HUF', 'HUF', 'HUF', 'USD', 1554.0000, 1554.0000, 1554.0000, 1554.0000, 0.0000, 0.0000, 0.0000, 0.0000, NULL, 0, 0, NULL, 3, 1, '2019-08-30 16:14:30', '2019-08-30 16:40:57', '0', '0'),
	(20, 'test@gmail.com', 'test', 'super', 'free_free', NULL, 0, 1, 1.0000, NULL, 'HUF', 'HUF', 'HUF', 'HUF', 1610.0000, 322.0000, 1610.0000, 322.0000, 0.0000, 0.0000, 0.0000, 0.0000, NULL, 0, 0, NULL, 3, 1, '2019-08-30 19:34:23', '2019-08-30 19:35:10', '0', '0'),
	(21, 'test@gmail.com', 'test', 'super', 'free_free', NULL, 0, 1, 1.0000, NULL, 'HUF', 'HUF', 'HUF', 'HUF', 1610.0000, 322.0000, 1610.0000, 322.0000, 0.0000, 0.0000, 0.0000, 0.0000, NULL, 0, 0, NULL, 3, 1, '2019-08-30 19:35:53', '2019-08-30 19:36:12', '0', '0'),
	(22, 'test@gmail.com', 'test', 'super', 'free_free', NULL, 0, 1, 2.0000, NULL, 'HUF', 'HUF', 'HUF', 'HUF', 2220.0000, 444.0000, 2220.0000, 444.0000, 0.0000, 0.0000, 0.0000, 0.0000, NULL, 0, 0, NULL, 3, 1, '2019-08-31 13:32:14', '2019-08-31 13:33:14', '0', '0'),
	(23, 'test@gmail.com', 'test', 'super', 'free_free', NULL, 0, 1, 2.0000, NULL, 'HUF', 'HUF', 'HUF', 'USD', 444.0000, 444.0000, 444.0000, 444.0000, 0.0000, 0.0000, 0.0000, 0.0000, NULL, 0, 0, NULL, 3, 1, '2019-08-31 14:26:06', '2019-08-31 14:26:43', '0', '0'),
	(30, 'test@gmail.com', 'test', 'super', 'free_free', NULL, 0, 1, 1.0000, NULL, 'HUF', 'HUF', 'HUF', 'HUF', 1105.0000, 217.0000, 1105.0000, 222.0000, 0.0000, 0.0000, 0.0000, 0.0000, NULL, 0, 0, NULL, 3, 1, '2019-09-02 18:44:06', '2019-09-02 18:46:35', '0', '0'),
	(37, 'test@gmail.com', 'test', 'super', 'free_free', NULL, 0, 1, 1.0000, NULL, 'HUF', 'HUF', 'HUF', 'HUF', 890.0000, 2.0000, 890.0000, 222.0000, 0.0000, 0.0000, 0.0000, 0.0000, NULL, 0, 0, NULL, 3, 1, '2019-09-02 19:12:16', '2019-09-02 19:16:16', '0', '0'),
	(38, 'test@gmail.com', 'test', 'super', 'free_free', NULL, 0, 1, 1.0000, NULL, 'HUF', 'HUF', 'HUF', 'HUF', 1000.0000, 112.0000, 1000.0000, 222.0000, 0.0000, 0.0000, 0.0000, 0.0000, NULL, 0, 0, NULL, 3, 1, '2019-09-02 19:17:31', '2019-09-02 19:22:08', '0', '0'),
	(39, 'test@gmail.com', 'test', 'super', 'free_free', NULL, 0, 1, 1.0000, NULL, 'HUF', 'HUF', 'HUF', 'HUF', 1002.0000, 114.0000, 1002.0000, 222.0000, 0.0000, 0.0000, 0.0000, 0.0000, NULL, 0, 0, NULL, 3, 1, '2019-09-02 19:59:14', '2019-09-02 20:05:22', '0', '0'),
	(40, 'test@gmail.com', 'test', 'super', 'free_free', NULL, 0, 1, 1.0000, NULL, 'HUF', 'HUF', 'HUF', 'HUF', 1000.0000, 112.0000, 1000.0000, 222.0000, 0.0000, 0.0000, 0.0000, 0.0000, NULL, 0, 0, NULL, 3, 1, '2019-09-02 20:10:30', '2019-09-02 20:18:30', '0', '0'),
	(41, 'test@gmail.com', 'test', 'super', 'free_free', NULL, 0, 1, 1.0000, NULL, 'HUF', 'HUF', 'HUF', 'HUF', 1084.0000, 196.0000, 1084.0000, 222.0000, 0.0000, 0.0000, 0.0000, 0.0000, NULL, 0, 0, NULL, 3, 1, '2019-09-02 20:19:49', '2019-09-02 20:20:14', '0', '0'),
	(42, 'test@gmail.com', 'test', 'super', 'free_free', NULL, 0, 1, 1.0000, NULL, 'HUF', 'HUF', 'HUF', 'HUF', 1058.0000, 170.0000, 1058.0000, 222.0000, 0.0000, 0.0000, 0.0000, 0.0000, NULL, 0, 0, NULL, 3, 1, '2019-09-02 20:23:28', '2019-09-02 20:24:08', '0', '0'),
	(43, 'test@gmail.com', 'test', 'super', 'free_free', NULL, 0, 1, 1.0000, NULL, 'HUF', 'HUF', 'HUF', 'HUF', 1000.0000, 112.0000, 1000.0000, 222.0000, 0.0000, 0.0000, 0.0000, 0.0000, NULL, 0, 0, NULL, 3, 1, '2019-09-02 20:27:44', '2019-09-02 20:28:10', '0', '0'),
	(47, 'test@gmail.com', 'test', 'super', 'free_free', NULL, 0, 1, 1.0000, NULL, 'HUF', 'HUF', 'HUF', 'HUF', 1000.0000, 112.0000, 1000.0000, 222.0000, 0.0000, 0.0000, 0.0000, 0.0000, NULL, 0, 0, NULL, 3, 1, '2019-09-03 14:17:31', '2019-09-03 14:18:13', '55', '110'),
	(49, 'test@gmail.com', 'test', 'super', 'free_free', NULL, 0, 1, 2.0000, NULL, 'HUF', 'HUF', 'HUF', 'HUF', 1776.0000, 0.0000, 1776.0000, 444.0000, 0.0000, 0.0000, 0.0000, 0.0000, NULL, 0, 0, NULL, 3, 1, '2019-09-04 14:03:47', '2019-09-04 14:16:02', '222', '444'),
	(50, 'test@gmail.com', 'test', 'super', 'free_free', NULL, 0, 1, 1.0000, NULL, 'HUF', 'HUF', 'HUF', 'HUF', 1034.0000, 146.0000, 1034.0000, 222.0000, 0.0000, 0.0000, 0.0000, 0.0000, NULL, 0, 0, NULL, 3, 1, '2019-09-04 14:17:25', '2019-09-04 14:44:41', '38', '76'),
	(56, NULL, NULL, NULL, NULL, NULL, 0, 1, 1.0000, NULL, 'HUF', 'HUF', 'HUF', 'HUF', 222.0000, 222.0000, 222.0000, 222.0000, 0.0000, 0.0000, 0.0000, 0.0000, NULL, 1, 1, NULL, NULL, 1, '2019-09-05 18:44:53', '2019-09-05 18:44:54', '0', '0'),
	(57, NULL, NULL, NULL, NULL, NULL, 0, 1, 3.0000, NULL, 'HUF', 'HUF', 'HUF', 'HUF', 966.0000, 966.0000, 966.0000, 966.0000, 0.0000, 0.0000, 0.0000, 0.0000, NULL, 1, 1, NULL, NULL, 1, '2019-09-12 17:28:07', '2019-09-12 17:50:08', '0', '0'),
	(58, NULL, NULL, NULL, NULL, NULL, 0, 1, 13.0000, NULL, 'HUF', 'HUF', 'HUF', 'HUF', 4186.0000, 4186.0000, 4186.0000, 4186.0000, 0.0000, 0.0000, 0.0000, 0.0000, NULL, 1, 1, NULL, NULL, 1, '2019-09-12 18:05:47', '2019-09-12 20:04:03', '0', '0'),
	(61, NULL, NULL, NULL, NULL, NULL, 0, 1, 6.0000, NULL, 'HUF', 'HUF', 'HUF', 'HUF', 1932.0000, 1932.0000, 1932.0000, 1932.0000, 0.0000, 0.0000, 0.0000, 0.0000, NULL, 1, 1, NULL, NULL, 1, '2019-09-13 15:03:51', '2019-09-13 15:04:27', '0', '0'),
	(86, 'test@gmail.com', 'test', 'super', 'free_free', NULL, 0, 2, 8.0000, NULL, 'HUF', 'HUF', 'HUF', 'HUF', 2504.0000, 2504.0000, 2504.0000, 2504.0000, 0.0000, 0.0000, 0.0000, 0.0000, NULL, 0, 0, NULL, 3, 1, '2019-09-16 16:29:32', '2019-09-16 17:04:29', '0', '0'),
	(90, 'test@gmail.com', 'test', 'super', 'free_free', NULL, 0, 1, 2.0000, NULL, 'HUF', 'HUF', 'HUF', 'HUF', 644.0000, 644.0000, 644.0000, 644.0000, 0.0000, 0.0000, 0.0000, 0.0000, NULL, 0, 0, NULL, 3, 1, '2019-09-16 17:08:49', '2019-09-16 17:09:30', '0', '0'),
	(91, 'test@gmail.com', 'test', 'super', 'free_free', NULL, 0, 1, 1.0000, NULL, 'HUF', 'HUF', 'HUF', 'HUF', 322.0000, 322.0000, 322.0000, 322.0000, 0.0000, 0.0000, 0.0000, 0.0000, NULL, 0, 0, NULL, 3, 1, '2019-09-16 17:12:04', '2019-09-16 17:12:25', '0', '0'),
	(92, 'test@gmail.com', 'test', 'super', 'free_free', NULL, 0, 1, 1.0000, NULL, 'HUF', 'HUF', 'HUF', 'HUF', 322.0000, 322.0000, 322.0000, 322.0000, 0.0000, 0.0000, 0.0000, 0.0000, NULL, 0, 0, NULL, 3, 1, '2019-09-16 17:13:38', '2019-09-16 17:14:01', '0', '0'),
	(93, 'test@gmail.com', 'test', 'super', 'free_free', NULL, 0, 1, 1.0000, NULL, 'HUF', 'HUF', 'HUF', 'HUF', 322.0000, 322.0000, 322.0000, 322.0000, 0.0000, 0.0000, 0.0000, 0.0000, NULL, 0, 0, NULL, 3, 1, '2019-09-16 17:16:34', '2019-09-16 17:18:17', '0', '0'),
	(94, 'test@gmail.com', 'test', 'super', 'free_free', NULL, 0, 1, 1.0000, NULL, 'HUF', 'HUF', 'HUF', 'HUF', 322.0000, 322.0000, 322.0000, 322.0000, 0.0000, 0.0000, 0.0000, 0.0000, NULL, 0, 0, NULL, 3, 1, '2019-09-16 17:18:48', '2019-09-16 17:19:50', '0', '0'),
	(95, 'test@gmail.com', 'test', 'super', 'free_free', NULL, 0, 1, 1.0000, NULL, 'HUF', 'HUF', 'HUF', 'HUF', 322.0000, 322.0000, 322.0000, 322.0000, 0.0000, 0.0000, 0.0000, 0.0000, NULL, 0, 0, NULL, 3, 1, '2019-09-16 17:20:05', '2019-09-16 17:20:21', '0', '0'),
	(96, 'test@gmail.com', 'test', 'super', 'free_free', NULL, 0, 1, 1.0000, NULL, 'HUF', 'HUF', 'HUF', 'HUF', 322.0000, 322.0000, 322.0000, 322.0000, 0.0000, 0.0000, 0.0000, 0.0000, NULL, 0, 0, NULL, 3, 1, '2019-09-16 17:21:55', '2019-09-16 17:22:13', '0', '0'),
	(97, 'test@gmail.com', 'test', 'super', 'free_free', NULL, 0, 1, 1.0000, NULL, 'HUF', 'HUF', 'HUF', 'HUF', 322.0000, 322.0000, 322.0000, 322.0000, 0.0000, 0.0000, 0.0000, 0.0000, NULL, 0, 0, NULL, 3, 1, '2019-09-16 17:23:00', '2019-09-16 17:23:25', '0', '0'),
	(103, 'test@gmail.com', 'test', 'super', 'free_free', NULL, 0, 1, 1.0000, NULL, 'HUF', 'HUF', 'HUF', 'HUF', 322.0000, 322.0000, 322.0000, 322.0000, 0.0000, 0.0000, 0.0000, 0.0000, NULL, 0, 0, NULL, 3, 1, '2019-09-16 18:14:27', '2019-09-16 18:14:59', '0', '0'),
	(106, 'test@gmail.com', 'test', 'super', 'free_free', NULL, 0, 1, 3.0000, NULL, 'HUF', 'HUF', 'HUF', 'HUF', 966.0000, 966.0000, 966.0000, 966.0000, 0.0000, 0.0000, 0.0000, 0.0000, NULL, 0, 0, NULL, 3, 1, '2019-09-16 18:19:29', '2019-09-16 18:19:57', '0', '0'),
	(107, 'test@gmail.com', 'test', 'super', 'flatrate_flatrate', NULL, 0, 2, 5.0000, NULL, 'HUF', 'HUF', 'HUF', 'HUF', 1588.0000, 1588.0000, 1538.0000, 1538.0000, 0.0000, 0.0000, 0.0000, 0.0000, NULL, 0, 0, NULL, 3, 1, '2019-09-16 18:23:34', '2019-09-16 19:23:06', '0', '0'),
	(109, 'test@gmail.com', 'test', 'super', 'free_free', NULL, 0, 1, 2.0000, NULL, 'HUF', 'HUF', 'HUF', 'HUF', 500.0000, 500.0000, 500.0000, 500.0000, 0.0000, 0.0000, 0.0000, 0.0000, NULL, 0, 0, NULL, 3, 1, '2019-09-16 19:23:26', '2019-09-16 21:03:53', '0', '0'),
	(113, 'test@gmail.com', 'test', 'super', 'free_free', NULL, 0, 1, 1.0000, NULL, 'HUF', 'HUF', 'HUF', 'HUF', 322.0000, 322.0000, 322.0000, 322.0000, 0.0000, 0.0000, 0.0000, 0.0000, NULL, 0, 0, NULL, 3, 1, '2019-09-16 21:04:20', '2019-09-16 22:18:24', '0', '0'),
	(114, 'test@gmail.com', 'test1', 'super3', 'free_free', NULL, 0, 2, 8.0000, NULL, 'HUF', 'HUF', 'HUF', 'HUF', 497.0000, 497.0000, 497.0000, 497.0000, 0.0000, 0.0000, 0.0000, 0.0000, NULL, 0, 0, NULL, 3, 1, '2019-09-16 22:19:11', '2019-09-19 20:48:46', '0', '0'),
	(120, NULL, NULL, NULL, NULL, NULL, 0, 1, 1.0000, NULL, 'HUF', 'HUF', 'HUF', 'HUF', 322.0000, 322.0000, 322.0000, 322.0000, 0.0000, 0.0000, 0.0000, 0.0000, NULL, 1, 1, NULL, NULL, 1, '2019-09-18 19:37:24', '2019-09-18 19:43:55', '0', '0'),
	(134, 'test@gmail.com', 'test1', 'super3', 'free_free', NULL, 0, 1, 1.0000, NULL, 'HUF', 'HUF', 'HUF', 'HUF', 322.0000, 322.0000, 322.0000, 322.0000, 0.0000, 0.0000, 0.0000, 0.0000, NULL, 0, 0, NULL, 3, 1, '2019-09-20 15:25:27', '2019-09-20 15:34:54', '0', '0'),
	(135, 'test@gmail.com', 'test1', 'super3', 'free_free', NULL, 0, 1, 1.0000, NULL, 'HUF', 'HUF', 'HUF', 'HUF', 322.0000, 322.0000, 322.0000, 322.0000, 0.0000, 0.0000, 0.0000, 0.0000, NULL, 0, 0, NULL, 3, 1, '2019-09-20 15:35:13', '2019-09-20 15:45:50', '0', '0'),
	(136, 'test@gmail.com', 'test1', 'super3', 'free_free', NULL, 0, 1, 1.0000, NULL, 'HUF', 'HUF', 'HUF', 'HUF', 322.0000, 322.0000, 322.0000, 322.0000, 0.0000, 0.0000, 0.0000, 0.0000, NULL, 0, 0, NULL, 3, 1, '2019-09-20 15:57:54', '2019-09-20 16:32:38', '0', '0'),
	(143, 'test@gmail.com', 'test1', 'super3', 'free_free', NULL, 0, 1, 2.0000, NULL, 'HUF', 'HUF', 'HUF', 'HUF', 644.0000, 644.0000, 644.0000, 644.0000, 0.0000, 0.0000, 0.0000, 0.0000, NULL, 0, 0, NULL, 3, 1, '2019-09-20 16:53:26', '2019-09-20 17:07:42', '0', '0'),
	(145, 'test@gmail.com', 'test1', 'super3', 'free_free', NULL, 0, 1, 2.0000, NULL, 'HUF', 'HUF', 'HUF', 'HUF', 644.0000, 644.0000, 644.0000, 644.0000, 0.0000, 0.0000, 0.0000, 0.0000, NULL, 0, 0, NULL, 3, 1, '2019-09-20 17:57:41', '2019-09-20 19:41:16', '0', '0'),
	(147, 'test@gmail.com', 'test1', 'super3', 'free_free', NULL, 0, 1, 1.0000, NULL, 'HUF', 'HUF', 'HUF', 'HUF', 322.0000, 322.0000, 322.0000, 322.0000, 0.0000, 0.0000, 0.0000, 0.0000, NULL, 0, 0, NULL, 3, 1, '2019-09-20 21:08:07', '2019-09-20 21:09:12', '0', '0'),
	(149, 'test@gmail.com', 'test1', 'super3', 'free_free', NULL, 0, 3, 6.0000, NULL, 'HUF', 'HUF', 'HUF', 'HUF', 1525.0000, 1525.0000, 1525.0000, 1525.0000, 0.0000, 0.0000, 0.0000, 0.0000, NULL, 0, 0, NULL, 3, 1, '2019-09-23 14:42:24', '2019-09-23 15:26:39', '0', '0'),
	(158, NULL, NULL, NULL, NULL, NULL, 0, 1, NULL, NULL, 'HUF', 'HUF', 'HUF', 'HUF', 0.0000, 0.0000, 0.0000, 0.0000, 0.0000, 0.0000, 0.0000, 0.0000, NULL, 1, 1, NULL, NULL, 1, '2019-09-23 15:15:24', '2019-09-23 15:15:24', '0', '0'),
	(159, NULL, NULL, NULL, NULL, NULL, 0, 1, NULL, NULL, 'HUF', 'HUF', 'HUF', 'HUF', 0.0000, 0.0000, 0.0000, 0.0000, 0.0000, 0.0000, 0.0000, 0.0000, NULL, 1, 1, NULL, NULL, 1, '2019-09-23 15:19:41', '2019-09-23 15:19:41', '0', '0'),
	(160, NULL, NULL, NULL, NULL, NULL, 0, 1, NULL, NULL, 'HUF', 'HUF', 'HUF', 'HUF', 0.0000, 0.0000, 0.0000, 0.0000, 0.0000, 0.0000, 0.0000, 0.0000, NULL, 1, 1, NULL, NULL, 1, '2019-09-23 15:20:02', '2019-09-23 15:20:02', '0', '0'),
	(161, NULL, NULL, NULL, NULL, NULL, 0, 1, NULL, NULL, 'HUF', 'HUF', 'HUF', 'HUF', 0.0000, 0.0000, 0.0000, 0.0000, 0.0000, 0.0000, 0.0000, 0.0000, NULL, 1, 1, NULL, NULL, 1, '2019-09-23 15:23:11', '2019-09-23 15:23:11', '0', '0'),
	(165, NULL, NULL, NULL, NULL, NULL, 0, 1, 1.0000, NULL, 'HUF', 'HUF', 'HUF', 'HUF', 1000.0000, 1000.0000, 1000.0000, 1000.0000, 0.0000, 0.0000, 0.0000, 0.0000, NULL, 1, 1, NULL, NULL, 1, '2019-09-23 16:09:51', '2019-09-23 16:12:49', '0', '0'),
	(171, NULL, NULL, NULL, NULL, NULL, 0, 1, 1.0000, NULL, 'HUF', 'HUF', 'HUF', 'HUF', 500.0000, 500.0000, 500.0000, 500.0000, 0.0000, 0.0000, 0.0000, 0.0000, NULL, 1, 1, NULL, NULL, 1, '2019-09-23 16:47:51', '2019-09-23 17:02:38', '0', '0'),
	(174, NULL, NULL, NULL, NULL, NULL, 0, 4, 4.0000, NULL, 'HUF', 'HUF', 'HUF', 'HUF', 425.0000, 425.0000, 425.0000, 425.0000, 0.0000, 0.0000, 0.0000, 0.0000, NULL, 1, 1, NULL, NULL, 1, '2019-09-23 18:15:28', '2019-09-23 18:45:45', '0', '0'),
	(177, NULL, NULL, NULL, NULL, NULL, 0, 1, 1.0000, NULL, 'HUF', 'HUF', 'HUF', 'HUF', 25.0000, 25.0000, 25.0000, 25.0000, 0.0000, 0.0000, 0.0000, 0.0000, NULL, 1, 1, NULL, NULL, 1, '2019-09-23 20:26:40', '2019-09-23 20:26:47', '0', '0'),
	(178, 'asd23@gmail.com', 'asd23', 'asd23', 'free_free', NULL, 0, 1, 1.0000, NULL, 'HUF', 'HUF', 'HUF', 'HUF', 25.0000, 25.0000, 25.0000, 25.0000, 0.0000, 0.0000, 0.0000, 0.0000, NULL, 1, 1, NULL, NULL, 1, '2019-09-24 13:18:23', '2019-09-24 13:25:52', '0', '0'),
	(179, 'gsdfs3@gmail.com', 'gsdfs3', 'gsdfs3', 'free_free', NULL, 0, 1, 2.0000, NULL, 'HUF', 'HUF', 'HUF', 'HUF', 500.0000, 500.0000, 500.0000, 500.0000, 0.0000, 0.0000, 0.0000, 0.0000, NULL, 1, 0, NULL, NULL, 1, '2019-09-24 13:42:17', '2019-09-24 13:44:19', '0', '0'),
	(180, NULL, NULL, NULL, NULL, NULL, 0, 1, 1.0000, NULL, 'HUF', 'HUF', 'HUF', 'HUF', 250.0000, 250.0000, 250.0000, 250.0000, 0.0000, 0.0000, 0.0000, 0.0000, NULL, 1, 1, NULL, NULL, 1, '2019-09-24 13:50:24', '2019-09-24 14:08:00', '0', '0'),
	(181, NULL, NULL, NULL, NULL, NULL, 0, 1, 1.0000, NULL, 'HUF', 'HUF', 'HUF', 'HUF', 25.0000, 25.0000, 25.0000, 25.0000, 0.0000, 0.0000, 0.0000, 0.0000, NULL, 1, 1, NULL, NULL, 1, '2019-09-24 14:23:15', '2019-09-24 14:26:11', '0', '0'),
	(182, NULL, NULL, NULL, NULL, NULL, 0, 1, 1.0000, NULL, 'HUF', 'HUF', 'HUF', 'HUF', 25.0000, 25.0000, 25.0000, 25.0000, 0.0000, 0.0000, 0.0000, 0.0000, NULL, 1, 1, NULL, NULL, 1, '2019-09-24 14:41:47', '2019-09-24 14:51:10', '0', '0'),
	(183, 'sdfas@gmail.com', 'sdfas', 'sdfas', NULL, NULL, 0, 1, 1.0000, NULL, 'HUF', 'HUF', 'HUF', 'HUF', 25.0000, 25.0000, 25.0000, 25.0000, 0.0000, 0.0000, 0.0000, 0.0000, NULL, 1, 1, NULL, NULL, 1, '2019-09-24 15:02:47', '2019-09-24 15:08:55', '0', '0'),
	(184, 'Test@gmail.com', 'Test', 'Test', 'free_free', NULL, 0, 1, 2.0000, NULL, 'HUF', 'HUF', 'HUF', 'HUF', 50.0000, 50.0000, 50.0000, 50.0000, 0.0000, 0.0000, 0.0000, 0.0000, NULL, 1, 1, NULL, NULL, 1, '2019-09-24 15:19:20', '2019-09-24 15:28:41', '0', '0'),
	(185, NULL, NULL, NULL, NULL, NULL, 0, 2, 7.0000, NULL, 'HUF', 'HUF', 'HUF', 'HUF', 9300.0000, 9300.0000, 9300.0000, 9300.0000, 0.0000, 0.0000, 0.0000, 0.0000, NULL, 1, 1, NULL, NULL, 1, '2019-09-30 16:37:25', '2019-09-30 16:41:52', '0', '0'),
	(186, NULL, NULL, NULL, NULL, NULL, 0, 2, 3.0000, NULL, 'HUF', 'HUF', 'HUF', 'HUF', 2005.0000, 2005.0000, 2005.0000, 2005.0000, 0.0000, 0.0000, 0.0000, 0.0000, NULL, 1, 1, NULL, NULL, 1, '2019-10-01 19:23:03', '2019-10-01 19:33:09', '0', '0'),
	(187, NULL, NULL, NULL, NULL, NULL, 0, 1, 1.0000, NULL, 'HUF', 'HUF', 'HUF', 'HUF', 990.0000, 990.0000, 990.0000, 990.0000, 0.0000, 0.0000, 0.0000, 0.0000, NULL, 1, 1, NULL, NULL, 1, '2019-10-01 19:46:14', '2019-10-01 19:46:20', '0', '0'),
	(188, NULL, NULL, NULL, NULL, NULL, 0, 1, 1.0000, NULL, 'HUF', 'HUF', 'HUF', 'HUF', 990.0000, 990.0000, 990.0000, 990.0000, 0.0000, 0.0000, 0.0000, 0.0000, NULL, 1, 1, NULL, NULL, 1, '2019-10-01 20:03:21', '2019-10-01 20:16:04', '0', '0'),
	(189, NULL, NULL, NULL, NULL, NULL, 0, 1, 1.0000, NULL, 'HUF', 'HUF', 'HUF', 'HUF', 25.0000, 25.0000, 25.0000, 25.0000, 0.0000, 0.0000, 0.0000, 0.0000, NULL, 1, 1, NULL, NULL, 1, '2019-10-01 21:13:17', '2019-10-01 21:19:45', '0', '0'),
	(190, NULL, NULL, NULL, NULL, NULL, 0, 1, 1.0000, NULL, 'HUF', 'HUF', 'HUF', 'HUF', 100.0000, 100.0000, 100.0000, 100.0000, 0.0000, 0.0000, 0.0000, 0.0000, NULL, 1, 1, NULL, NULL, 1, '2019-10-02 13:53:27', '2019-10-02 13:58:43', '0', '0'),
	(191, NULL, NULL, NULL, NULL, NULL, 0, 1, 1.0000, NULL, 'HUF', 'HUF', 'HUF', 'HUF', 25.0000, 25.0000, 25.0000, 25.0000, 0.0000, 0.0000, 0.0000, 0.0000, NULL, 1, 1, NULL, NULL, 1, '2019-10-02 14:36:40', '2019-10-02 14:37:40', '0', '0'),
	(192, 'dim4ik.86@ukr.net', 'Dmytro', 'Dima', NULL, NULL, 0, 1, 4.0000, NULL, 'HUF', 'HUF', 'HUF', 'HUF', 1000.0000, 1000.0000, 1000.0000, 1000.0000, 0.0000, 0.0000, 0.0000, 0.0000, NULL, 0, 1, NULL, 43, 1, '2019-10-02 20:44:27', '2019-10-02 21:50:03', '0', '0'),
	(193, NULL, NULL, NULL, NULL, NULL, 0, 1, 2.0000, NULL, 'HUF', 'HUF', 'HUF', 'HUF', 500.0000, 500.0000, 500.0000, 500.0000, 0.0000, 0.0000, 0.0000, 0.0000, NULL, 1, 1, NULL, NULL, 1, '2019-10-03 01:05:05', '2019-10-03 01:06:18', '0', '0'),
	(194, NULL, NULL, NULL, NULL, NULL, 0, 1, 1.0000, NULL, 'HUF', 'HUF', 'HUF', 'HUF', 9150.0000, 9150.0000, 9150.0000, 9150.0000, 0.0000, 0.0000, 0.0000, 0.0000, NULL, 1, 1, NULL, NULL, 1, '2019-10-03 15:55:14', '2019-10-03 15:58:11', '0', '0'),
	(195, 'test@gmail.com', 'test1', 'super3', 'free_free', NULL, 0, 2, 9.0000, NULL, 'HUF', 'HUF', 'HUF', 'HUF', 64100.0000, 64100.0000, 64100.0000, 64100.0000, 0.0000, 0.0000, 0.0000, 0.0000, NULL, 0, 0, NULL, 3, 1, '2019-10-03 16:24:34', '2019-10-03 20:26:04', '0', '0'),
	(196, NULL, NULL, NULL, NULL, NULL, 0, 1, 1.0000, NULL, 'HUF', 'HUF', 'HUF', 'HUF', 233.0000, 233.0000, 233.0000, 233.0000, 0.0000, 0.0000, 0.0000, 0.0000, NULL, 1, 1, NULL, NULL, 1, '2019-10-03 17:49:26', '2019-10-03 17:49:33', '0', '0'),
	(198, NULL, NULL, NULL, NULL, NULL, 0, 1, 1.0000, NULL, 'HUF', 'HUF', 'HUF', 'HUF', 9150.0000, 9150.0000, 9150.0000, 9150.0000, 0.0000, 0.0000, 0.0000, 0.0000, NULL, 1, 1, NULL, NULL, 1, '2019-10-03 18:24:00', '2019-10-03 18:24:00', '0', '0'),
	(201, 'test@gmail.com', 'test1', 'super3', NULL, NULL, 0, 1, 1.0000, NULL, 'HUF', 'HUF', 'HUF', 'HUF', 9150.0000, 9150.0000, 9150.0000, 9150.0000, 0.0000, 0.0000, 0.0000, 0.0000, NULL, 0, 1, NULL, 3, 1, '2019-10-03 20:28:50', '2019-10-03 20:28:58', '0', '0');
/*!40000 ALTER TABLE `cart` ENABLE KEYS */;

-- Дамп структуры для таблица blue_bird_cafe.cart_address
CREATE TABLE IF NOT EXISTS `cart_address` (
  `id` int(10) unsigned NOT NULL AUTO_INCREMENT,
  `first_name` varchar(191) COLLATE utf8mb4_unicode_ci NOT NULL,
  `last_name` varchar(191) COLLATE utf8mb4_unicode_ci NOT NULL,
  `email` varchar(191) COLLATE utf8mb4_unicode_ci NOT NULL,
  `address1` varchar(191) COLLATE utf8mb4_unicode_ci NOT NULL,
  `address2` varchar(191) COLLATE utf8mb4_unicode_ci DEFAULT NULL,
  `country` varchar(191) COLLATE utf8mb4_unicode_ci NOT NULL,
  `state` varchar(191) COLLATE utf8mb4_unicode_ci NOT NULL,
  `city` varchar(191) COLLATE utf8mb4_unicode_ci NOT NULL,
  `postcode` varchar(191) COLLATE utf8mb4_unicode_ci NOT NULL,
  `phone` varchar(191) COLLATE utf8mb4_unicode_ci NOT NULL,
  `address_type` varchar(191) COLLATE utf8mb4_unicode_ci NOT NULL,
  `cart_id` int(10) unsigned DEFAULT NULL,
  `customer_id` int(10) unsigned DEFAULT NULL,
  `created_at` timestamp NULL DEFAULT NULL,
  `updated_at` timestamp NULL DEFAULT NULL,
  PRIMARY KEY (`id`),
  KEY `cart_address_cart_id_foreign` (`cart_id`),
  KEY `cart_address_customer_id_foreign` (`customer_id`),
  CONSTRAINT `cart_address_cart_id_foreign` FOREIGN KEY (`cart_id`) REFERENCES `cart` (`id`) ON DELETE CASCADE,
  CONSTRAINT `cart_address_customer_id_foreign` FOREIGN KEY (`customer_id`) REFERENCES `customers` (`id`) ON DELETE CASCADE
) ENGINE=InnoDB AUTO_INCREMENT=137 DEFAULT CHARSET=utf8mb4 COLLATE=utf8mb4_unicode_ci ROW_FORMAT=DYNAMIC;

-- Дамп данных таблицы blue_bird_cafe.cart_address: ~110 rows (приблизительно)
/*!40000 ALTER TABLE `cart_address` DISABLE KEYS */;
REPLACE INTO `cart_address` (`id`, `first_name`, `last_name`, `email`, `address1`, `address2`, `country`, `state`, `city`, `postcode`, `phone`, `address_type`, `cart_id`, `customer_id`, `created_at`, `updated_at`) VALUES
	(1, 'Ihor', 'Florko', 'magicjoke@gmail.com', 'asd', NULL, 'UA', 'asdasd', 'aasd', '534543', '+380635757374', 'billing', 2, NULL, '2019-08-21 14:16:24', '2019-08-21 14:16:24'),
	(2, 'Ihor', 'Florko', 'magicjoke@gmail.com', 'asd', NULL, 'UA', 'asdasd', 'aasd', '534543', '+380635757374', 'shipping', 2, NULL, '2019-08-21 14:16:24', '2019-08-21 14:16:24'),
	(3, 'Ihor', 'Mega', 'magicjoke@gmail.com', 'ak.Pavlova', NULL, 'DE', 'BAW', 'Kharkiv', '61168', '+380635757374', 'billing', 8, NULL, '2019-08-23 17:02:03', '2019-08-23 17:02:03'),
	(4, 'Ihor', 'Mega', 'magicjoke@gmail.com', 'ak.Pavlova', NULL, 'DE', 'BAW', 'Kharkiv', '61168', '+380635757374', 'shipping', 8, NULL, '2019-08-23 17:02:03', '2019-08-23 17:02:03'),
	(5, 'test', 'super', 'test@gmail.com', 'testCity', NULL, 'AO', 'testCity', 'testCity', '6345', '38097999999', 'billing', 6, NULL, '2019-08-27 17:26:57', '2019-08-27 17:26:57'),
	(6, 'test', 'super', 'test@gmail.com', 'testCity', NULL, 'AO', 'testCity', 'testCity', '6345', '38097999999', 'shipping', 6, NULL, '2019-08-27 17:26:57', '2019-08-27 17:26:57'),
	(7, 'test', 'super', 'test@gmail.com', 'testCity', NULL, 'AO', 'testCity', 'testCity', '6345', '38097999999', 'billing', 9, NULL, '2019-08-27 17:29:21', '2019-08-27 17:29:21'),
	(8, 'test', 'super', 'test@gmail.com', 'testCity', NULL, 'AO', 'testCity', 'testCity', '6345', '38097999999', 'shipping', 9, NULL, '2019-08-27 17:29:21', '2019-08-27 17:29:21'),
	(9, 'test', 'super', 'test@gmail.com', 'testCity', NULL, 'AO', 'testCity', 'testCity', '6345', '38097999999', 'billing', 10, NULL, '2019-08-27 17:31:01', '2019-08-27 17:31:01'),
	(10, 'test', 'super', 'test@gmail.com', 'testCity', NULL, 'AO', 'testCity', 'testCity', '6345', '38097999999', 'shipping', 10, NULL, '2019-08-27 17:31:01', '2019-08-27 17:31:01'),
	(11, 'test', 'super', 'test@gmail.com', 'testCity', NULL, 'AO', 'testCity', 'testCity', '6345', '38097999999', 'billing', 11, NULL, '2019-08-27 17:37:12', '2019-08-27 17:37:12'),
	(12, 'test', 'super', 'test@gmail.com', 'testCity', NULL, 'AO', 'testCity', 'testCity', '6345', '38097999999', 'shipping', 11, NULL, '2019-08-27 17:37:12', '2019-08-27 17:37:12'),
	(13, 'test', 'super', 'test@gmail.com', 'testCity', NULL, 'AO', 'testCity', 'testCity', '6345', '38097999999', 'billing', 12, NULL, '2019-08-27 17:43:43', '2019-08-27 17:43:43'),
	(14, 'test', 'super', 'test@gmail.com', 'testCity', NULL, 'AO', 'testCity', 'testCity', '6345', '38097999999', 'shipping', 12, NULL, '2019-08-27 17:43:43', '2019-08-27 17:43:43'),
	(15, 'test', 'super', 'test@gmail.com', 'testCity', NULL, 'AO', 'testCity', 'testCity', '6345', '38097999999', 'billing', 13, NULL, '2019-08-27 17:47:18', '2019-08-27 17:47:18'),
	(16, 'test', 'super', 'test@gmail.com', 'testCity', NULL, 'AO', 'testCity', 'testCity', '6345', '38097999999', 'shipping', 13, NULL, '2019-08-27 17:47:18', '2019-08-27 17:47:18'),
	(17, 'test', 'super', 'test@gmail.com', 'testCity', NULL, 'AO', 'testCity', 'testCity', '6345', '38097999999', 'billing', 14, NULL, '2019-08-27 17:50:00', '2019-08-27 17:50:00'),
	(18, 'test', 'super', 'test@gmail.com', 'testCity', NULL, 'AO', 'testCity', 'testCity', '6345', '38097999999', 'shipping', 14, NULL, '2019-08-27 17:50:00', '2019-08-27 17:50:00'),
	(19, 'test', 'super', 'test@gmail.com', 'testCity', NULL, 'AO', 'testCity', 'testCity', '6345', '38097999999', 'billing', 15, NULL, '2019-08-29 18:12:07', '2019-08-29 18:12:07'),
	(20, 'test', 'super', 'test@gmail.com', 'testCity', NULL, 'AO', 'testCity', 'testCity', '6345', '38097999999', 'shipping', 15, NULL, '2019-08-29 18:12:07', '2019-08-29 18:12:07'),
	(21, 'test', 'super', 'test@gmail.com', 'testCity', NULL, 'AO', 'testCity', 'testCity', '6345', '38097999999', 'billing', 16, NULL, '2019-08-29 18:40:44', '2019-08-29 18:40:44'),
	(22, 'test', 'super', 'test@gmail.com', 'testCity', NULL, 'AO', 'testCity', 'testCity', '6345', '38097999999', 'shipping', 16, NULL, '2019-08-29 18:40:44', '2019-08-29 18:40:44'),
	(23, 'test', 'super', 'test@gmail.com', 'testCity', NULL, 'AO', 'testCity', 'testCity', '6345', '38097999999', 'billing', 17, NULL, '2019-08-29 19:43:25', '2019-08-29 19:43:25'),
	(24, 'test', 'super', 'test@gmail.com', 'testCity', NULL, 'AO', 'testCity', 'testCity', '6345', '38097999999', 'shipping', 17, NULL, '2019-08-29 19:43:25', '2019-08-29 19:43:25'),
	(25, 'test', 'super', 'test@gmail.com', 'testCity', NULL, 'AO', 'testCity', 'testCity', '6345', '38097999999', 'billing', 18, NULL, '2019-08-30 16:17:38', '2019-08-30 16:17:38'),
	(26, 'test', 'super', 'test@gmail.com', 'testCity', NULL, 'AO', 'testCity', 'testCity', '6345', '38097999999', 'shipping', 18, NULL, '2019-08-30 16:17:38', '2019-08-30 16:17:38'),
	(29, 'test', 'super', 'test@gmail.com', 'testCity', NULL, 'AO', 'testCity', 'testCity', '6345', '38097999999', 'billing', 20, NULL, '2019-08-30 19:34:28', '2019-08-30 19:34:28'),
	(30, 'test', 'super', 'test@gmail.com', 'testCity', NULL, 'AO', 'testCity', 'testCity', '6345', '38097999999', 'shipping', 20, NULL, '2019-08-30 19:34:28', '2019-08-30 19:34:28'),
	(31, 'test', 'super', 'test@gmail.com', 'testCity', NULL, 'AO', 'testCity', 'testCity', '6345', '38097999999', 'billing', 21, NULL, '2019-08-30 19:35:58', '2019-08-30 19:35:58'),
	(32, 'test', 'super', 'test@gmail.com', 'testCity', NULL, 'AO', 'testCity', 'testCity', '6345', '38097999999', 'shipping', 21, NULL, '2019-08-30 19:35:58', '2019-08-30 19:35:58'),
	(33, 'test', 'super', 'test@gmail.com', 'testCity', NULL, 'AO', 'testCity', 'testCity', '6345', '38097999999', 'billing', 22, NULL, '2019-08-31 13:32:56', '2019-08-31 13:32:56'),
	(34, 'test', 'super', 'test@gmail.com', 'testCity', NULL, 'AO', 'testCity', 'testCity', '6345', '38097999999', 'shipping', 22, NULL, '2019-08-31 13:32:56', '2019-08-31 13:32:56'),
	(35, 'test', 'super', 'test@gmail.com', 'testCity', NULL, 'AO', 'testCity', 'testCity', '6345', '38097999999', 'billing', 23, NULL, '2019-08-31 14:26:31', '2019-08-31 14:26:31'),
	(36, 'test', 'super', 'test@gmail.com', 'testCity', NULL, 'AO', 'testCity', 'testCity', '6345', '38097999999', 'shipping', 23, NULL, '2019-08-31 14:26:31', '2019-08-31 14:26:31'),
	(43, 'test', 'super', 'test@gmail.com', 'testCity', NULL, 'AO', 'testCity', 'testCity', '6345', '38097999999', 'billing', 30, NULL, '2019-09-02 18:46:23', '2019-09-02 18:46:23'),
	(44, 'test', 'super', 'test@gmail.com', 'testCity', NULL, 'AO', 'testCity', 'testCity', '6345', '38097999999', 'shipping', 30, NULL, '2019-09-02 18:46:23', '2019-09-02 18:46:23'),
	(47, 'test', 'super', 'test@gmail.com', 'testCity', NULL, 'AO', 'testCity', 'testCity', '6345', '38097999999', 'billing', 37, NULL, '2019-09-02 19:12:30', '2019-09-02 19:12:30'),
	(48, 'test', 'super', 'test@gmail.com', 'testCity', NULL, 'AO', 'testCity', 'testCity', '6345', '38097999999', 'shipping', 37, NULL, '2019-09-02 19:12:30', '2019-09-02 19:12:30'),
	(49, 'test', 'super', 'test@gmail.com', 'testCity', NULL, 'AO', 'testCity', 'testCity', '6345', '38097999999', 'billing', 38, NULL, '2019-09-02 19:17:44', '2019-09-02 19:17:44'),
	(50, 'test', 'super', 'test@gmail.com', 'testCity', NULL, 'AO', 'testCity', 'testCity', '6345', '38097999999', 'shipping', 38, NULL, '2019-09-02 19:17:44', '2019-09-02 19:17:44'),
	(51, 'test', 'super', 'test@gmail.com', 'testCity', NULL, 'AO', 'testCity', 'testCity', '6345', '38097999999', 'billing', 39, NULL, '2019-09-02 20:05:07', '2019-09-02 20:05:07'),
	(52, 'test', 'super', 'test@gmail.com', 'testCity', NULL, 'AO', 'testCity', 'testCity', '6345', '38097999999', 'shipping', 39, NULL, '2019-09-02 20:05:07', '2019-09-02 20:05:07'),
	(53, 'test', 'super', 'test@gmail.com', 'testCity', NULL, 'AO', 'testCity', 'testCity', '6345', '38097999999', 'billing', 40, NULL, '2019-09-02 20:12:50', '2019-09-02 20:12:50'),
	(54, 'test', 'super', 'test@gmail.com', 'testCity', NULL, 'AO', 'testCity', 'testCity', '6345', '38097999999', 'shipping', 40, NULL, '2019-09-02 20:12:50', '2019-09-02 20:12:50'),
	(55, 'test', 'super', 'test@gmail.com', 'testCity', NULL, 'AO', 'testCity', 'testCity', '6345', '38097999999', 'billing', 41, NULL, '2019-09-02 20:20:03', '2019-09-02 20:20:03'),
	(56, 'test', 'super', 'test@gmail.com', 'testCity', NULL, 'AO', 'testCity', 'testCity', '6345', '38097999999', 'shipping', 41, NULL, '2019-09-02 20:20:03', '2019-09-02 20:20:03'),
	(57, 'test', 'super', 'test@gmail.com', 'testCity', NULL, 'AO', 'testCity', 'testCity', '6345', '38097999999', 'billing', 42, NULL, '2019-09-02 20:23:55', '2019-09-02 20:23:55'),
	(58, 'test', 'super', 'test@gmail.com', 'testCity', NULL, 'AO', 'testCity', 'testCity', '6345', '38097999999', 'shipping', 42, NULL, '2019-09-02 20:23:55', '2019-09-02 20:23:55'),
	(59, 'test', 'super', 'test@gmail.com', 'testCity', NULL, 'AO', 'testCity', 'testCity', '6345', '38097999999', 'billing', 43, NULL, '2019-09-02 20:27:59', '2019-09-02 20:27:59'),
	(60, 'test', 'super', 'test@gmail.com', 'testCity', NULL, 'AO', 'testCity', 'testCity', '6345', '38097999999', 'shipping', 43, NULL, '2019-09-02 20:27:59', '2019-09-02 20:27:59'),
	(63, 'test', 'super', 'test@gmail.com', 'testCity', NULL, 'AO', 'testCity', 'testCity', '6345', '38097999999', 'billing', 47, NULL, '2019-09-03 14:17:50', '2019-09-03 14:17:50'),
	(64, 'test', 'super', 'test@gmail.com', 'testCity', NULL, 'AO', 'testCity', 'testCity', '6345', '38097999999', 'shipping', 47, NULL, '2019-09-03 14:17:50', '2019-09-03 14:17:50'),
	(65, 'test', 'super', 'test@gmail.com', 'testCity', NULL, 'AO', 'testCity', 'testCity', '6345', '38097999999', 'billing', 49, NULL, '2019-09-04 14:15:46', '2019-09-04 14:15:46'),
	(66, 'test', 'super', 'test@gmail.com', 'testCity', NULL, 'AO', 'testCity', 'testCity', '6345', '38097999999', 'shipping', 49, NULL, '2019-09-04 14:15:46', '2019-09-04 14:15:46'),
	(67, 'test', 'super', 'test@gmail.com', 'testCity', NULL, 'AO', 'testCity', 'testCity', '6345', '38097999999', 'billing', 50, NULL, '2019-09-04 14:44:22', '2019-09-04 14:44:22'),
	(68, 'test', 'super', 'test@gmail.com', 'testCity', NULL, 'AO', 'testCity', 'testCity', '6345', '38097999999', 'shipping', 50, NULL, '2019-09-04 14:44:22', '2019-09-04 14:44:22'),
	(73, 'test', 'super', 'test@gmail.com', 'testCity', NULL, 'AO', 'testCity', 'testCity', '6345', '38097999999', 'billing', 86, NULL, '2019-09-16 16:38:24', '2019-09-16 16:38:24'),
	(74, 'test', 'super', 'test@gmail.com', 'testCity', NULL, 'AO', 'testCity', 'testCity', '6345', '38097999999', 'shipping', 86, NULL, '2019-09-16 16:38:24', '2019-09-16 16:38:24'),
	(75, 'test', 'super', 'test@gmail.com', 'testCity', NULL, 'AO', 'testCity', 'testCity', '6345', '38097999999', 'billing', 90, NULL, '2019-09-16 17:09:22', '2019-09-16 17:09:22'),
	(76, 'test', 'super', 'test@gmail.com', 'testCity', NULL, 'AO', 'testCity', 'testCity', '6345', '38097999999', 'shipping', 90, NULL, '2019-09-16 17:09:22', '2019-09-16 17:09:22'),
	(77, 'test', 'super', 'test@gmail.com', 'testCity', NULL, 'AO', 'testCity', 'testCity', '6345', '38097999999', 'billing', 91, NULL, '2019-09-16 17:12:16', '2019-09-16 17:12:16'),
	(78, 'test', 'super', 'test@gmail.com', 'testCity', NULL, 'AO', 'testCity', 'testCity', '6345', '38097999999', 'shipping', 91, NULL, '2019-09-16 17:12:16', '2019-09-16 17:12:16'),
	(79, 'test', 'super', 'test@gmail.com', 'testCity', NULL, 'AO', 'testCity', 'testCity', '6345', '38097999999', 'billing', 92, NULL, '2019-09-16 17:13:52', '2019-09-16 17:13:52'),
	(80, 'test', 'super', 'test@gmail.com', 'testCity', NULL, 'AO', 'testCity', 'testCity', '6345', '38097999999', 'shipping', 92, NULL, '2019-09-16 17:13:52', '2019-09-16 17:13:52'),
	(81, 'test', 'super', 'test@gmail.com', 'testCity', NULL, 'AO', 'testCity', 'testCity', '6345', '38097999999', 'billing', 93, NULL, '2019-09-16 17:17:47', '2019-09-16 17:17:47'),
	(82, 'test', 'super', 'test@gmail.com', 'testCity', NULL, 'AO', 'testCity', 'testCity', '6345', '38097999999', 'shipping', 93, NULL, '2019-09-16 17:17:47', '2019-09-16 17:17:47'),
	(83, 'test', 'super', 'test@gmail.com', 'testCity', NULL, 'AO', 'testCity', 'testCity', '6345', '38097999999', 'billing', 94, NULL, '2019-09-16 17:19:42', '2019-09-16 17:19:42'),
	(84, 'test', 'super', 'test@gmail.com', 'testCity', NULL, 'AO', 'testCity', 'testCity', '6345', '38097999999', 'shipping', 94, NULL, '2019-09-16 17:19:42', '2019-09-16 17:19:42'),
	(85, 'test', 'super', 'test@gmail.com', 'testCity', NULL, 'AO', 'testCity', 'testCity', '6345', '38097999999', 'billing', 95, NULL, '2019-09-16 17:20:13', '2019-09-16 17:20:13'),
	(86, 'test', 'super', 'test@gmail.com', 'testCity', NULL, 'AO', 'testCity', 'testCity', '6345', '38097999999', 'shipping', 95, NULL, '2019-09-16 17:20:13', '2019-09-16 17:20:13'),
	(87, 'test', 'super', 'test@gmail.com', 'testCity', NULL, 'AO', 'testCity', 'testCity', '6345', '38097999999', 'billing', 96, NULL, '2019-09-16 17:22:04', '2019-09-16 17:22:04'),
	(88, 'test', 'super', 'test@gmail.com', 'testCity', NULL, 'AO', 'testCity', 'testCity', '6345', '38097999999', 'shipping', 96, NULL, '2019-09-16 17:22:04', '2019-09-16 17:22:04'),
	(89, 'test', 'super', 'test@gmail.com', 'testCity', NULL, 'AO', 'testCity', 'testCity', '6345', '38097999999', 'billing', 97, NULL, '2019-09-16 17:23:16', '2019-09-16 17:23:16'),
	(90, 'test', 'super', 'test@gmail.com', 'testCity', NULL, 'AO', 'testCity', 'testCity', '6345', '38097999999', 'shipping', 97, NULL, '2019-09-16 17:23:16', '2019-09-16 17:23:16'),
	(91, 'test', 'super', 'test@gmail.com', 'testCity', NULL, 'AO', 'testCity', 'testCity', '6345', '38097999999', 'billing', 103, NULL, '2019-09-16 18:14:41', '2019-09-16 18:14:41'),
	(92, 'test', 'super', 'test@gmail.com', 'testCity', NULL, 'AO', 'testCity', 'testCity', '6345', '38097999999', 'shipping', 103, NULL, '2019-09-16 18:14:41', '2019-09-16 18:14:41'),
	(93, 'test', 'super', 'test@gmail.com', 'testCity', NULL, 'AO', 'testCity', 'testCity', '6345', '38097999999', 'billing', 106, NULL, '2019-09-16 18:19:44', '2019-09-16 18:19:44'),
	(94, 'test', 'super', 'test@gmail.com', 'testCity', NULL, 'AO', 'testCity', 'testCity', '6345', '38097999999', 'shipping', 106, NULL, '2019-09-16 18:19:44', '2019-09-16 18:19:44'),
	(95, 'test', 'super', 'test@gmail.com', 'testCity', NULL, 'AO', 'testCity', 'testCity', '6345', '38097999999', 'billing', 107, NULL, '2019-09-16 18:30:14', '2019-09-16 18:30:14'),
	(96, 'test', 'super', 'test@gmail.com', 'testCity', NULL, 'AO', 'testCity', 'testCity', '6345', '38097999999', 'shipping', 107, NULL, '2019-09-16 18:30:14', '2019-09-16 18:30:14'),
	(97, 'test', 'super', 'test@gmail.com', 'testCity', NULL, 'AO', 'testCity', 'testCity', '6345', '38097999999', 'billing', 109, NULL, '2019-09-16 19:23:44', '2019-09-16 19:23:44'),
	(98, 'test', 'super', 'test@gmail.com', 'testCity', NULL, 'AO', 'testCity', 'testCity', '6345', '38097999999', 'shipping', 109, NULL, '2019-09-16 19:23:44', '2019-09-16 19:23:44'),
	(99, 'test', 'super', 'test@gmail.com', 'testCity', NULL, 'AO', 'testCity', 'testCity', '6345', '38097999999', 'billing', 113, NULL, '2019-09-16 21:14:01', '2019-09-16 21:14:01'),
	(100, 'test', 'super', 'test@gmail.com', 'testCity', NULL, 'AO', 'testCity', 'testCity', '6345', '38097999999', 'shipping', 113, NULL, '2019-09-16 21:14:01', '2019-09-16 21:14:01'),
	(101, 'test1', 'super3', 'test@gmail.com', 'testCity4', NULL, 'AO', 'testCity', 'testCity', '6345', '38097888888', 'billing', 114, NULL, '2019-09-16 22:32:20', '2019-09-19 20:47:03'),
	(102, 'test1', 'super3', 'test@gmail.com', 'testCity4', NULL, 'AO', 'testCity', 'testCity', '6345', '38097888888', 'shipping', 114, NULL, '2019-09-16 22:32:20', '2019-09-19 20:47:03'),
	(103, 'test1', 'super3', 'test@gmail.com', 'testCity4', NULL, 'AO', 'testCity', 'testCity', '6345', '38097888888', 'billing', 134, NULL, '2019-09-20 15:33:58', '2019-09-20 15:33:58'),
	(104, 'test1', 'super3', 'test@gmail.com', 'testCity4', NULL, 'AO', 'testCity', 'testCity', '6345', '38097888888', 'shipping', 134, NULL, '2019-09-20 15:33:58', '2019-09-20 15:33:58'),
	(105, 'test1', 'super3', 'test@gmail.com', 'testCity4', NULL, 'AO', 'testCity', 'testCity', '6345', '38097888888', 'billing', 135, NULL, '2019-09-20 15:44:17', '2019-09-20 15:44:17'),
	(106, 'test1', 'super3', 'test@gmail.com', 'testCity4', NULL, 'AO', 'testCity', 'testCity', '6345', '38097888888', 'shipping', 135, NULL, '2019-09-20 15:44:17', '2019-09-20 15:44:17'),
	(107, 'test1', 'super3', 'test@gmail.com', 'testCity4', NULL, 'AO', 'testCity', 'testCity', '6345', '38097888888', 'billing', 136, NULL, '2019-09-20 16:25:49', '2019-09-20 16:25:49'),
	(108, 'test1', 'super3', 'test@gmail.com', 'testCity4', NULL, 'AO', 'testCity', 'testCity', '6345', '38097888888', 'shipping', 136, NULL, '2019-09-20 16:25:49', '2019-09-20 16:25:49'),
	(109, 'test1', 'super3', 'test@gmail.com', 'testCity4', NULL, 'AO', 'testCity', 'testCity', '6345', '38097888888', 'billing', 143, NULL, '2019-09-20 17:06:42', '2019-09-20 17:06:42'),
	(110, 'test1', 'super3', 'test@gmail.com', 'testCity4', NULL, 'AO', 'testCity', 'testCity', '6345', '38097888888', 'shipping', 143, NULL, '2019-09-20 17:06:42', '2019-09-20 17:06:42'),
	(113, 'test1', 'super3', 'test@gmail.com', 'testCity4', NULL, 'AO', 'testCity', 'testCity', '6345', '38097888888', 'billing', 145, NULL, '2019-09-20 18:01:40', '2019-09-20 18:01:40'),
	(114, 'test1', 'super3', 'test@gmail.com', 'testCity4', NULL, 'AO', 'testCity', 'testCity', '6345', '38097888888', 'shipping', 145, NULL, '2019-09-20 18:01:40', '2019-09-20 18:01:40'),
	(115, 'test1', 'super3', 'test@gmail.com', 'testCity4', NULL, 'AO', 'testCity', 'testCity', '6345', '38097888888', 'billing', 147, NULL, '2019-09-20 21:09:04', '2019-09-20 21:09:04'),
	(116, 'test1', 'super3', 'test@gmail.com', 'testCity4', NULL, 'AO', 'testCity', 'testCity', '6345', '38097888888', 'shipping', 147, NULL, '2019-09-20 21:09:04', '2019-09-20 21:09:04'),
	(117, 'test1', 'super3', 'test@gmail.com', 'testCity4', NULL, 'AO', 'testCity', 'testCity', '6345', '38097888888', 'billing', 149, NULL, '2019-09-23 15:25:58', '2019-09-23 15:25:58'),
	(118, 'test1', 'super3', 'test@gmail.com', 'testCity4', NULL, 'AO', 'testCity', 'testCity', '6345', '38097888888', 'shipping', 149, NULL, '2019-09-23 15:25:58', '2019-09-23 15:25:58'),
	(125, 'asd23', 'asd23', 'asd23@gmail.com', 'asd23', NULL, 'AX', 'asd23', 'asd23', '234234', '5234234234', 'billing', 178, NULL, '2019-09-24 13:20:14', '2019-09-24 13:22:55'),
	(126, 'asd23', 'asd23', 'asd23@gmail.com', 'asd23', NULL, 'AX', 'asd23', 'asd23', '234234', '5234234234', 'shipping', 178, NULL, '2019-09-24 13:20:14', '2019-09-24 13:22:55'),
	(127, 'gsdfs3', 'gsdfs3', 'gsdfs3@gmail.com', 'gsdfs3', NULL, 'AZ', 'gsdfs3', 'gsdfs3', '346345', '246456345', 'billing', 179, NULL, '2019-09-24 13:43:59', '2019-09-24 13:43:59'),
	(128, 'gsdfs3', 'gsdfs3', 'gsdfs3@gmail.com', 'gsdfs3', NULL, 'AZ', 'gsdfs3', 'gsdfs3', '346345', '246456345', 'shipping', 179, NULL, '2019-09-24 13:43:59', '2019-09-24 13:43:59'),
	(129, 'sdfas', 'sdfas', 'sdfas@gmail.com', 'sdfas', NULL, 'DZ', 'sdfas', 'sdfas', '234234', '234524234', 'billing', 183, NULL, '2019-09-24 15:08:51', '2019-09-24 15:08:51'),
	(130, 'sdfas', 'sdfas', 'sdfas@gmail.com', 'sdfas', NULL, 'DZ', 'sdfas', 'sdfas', '234234', '234524234', 'shipping', 183, NULL, '2019-09-24 15:08:51', '2019-09-24 15:08:51'),
	(131, 'Test', 'Test', 'Test@gmail.com', 'Test', NULL, 'DZ', 'Test', 'Test', '24523432', '2423432423', 'billing', 184, NULL, '2019-09-24 15:28:27', '2019-09-24 15:28:27'),
	(132, 'Test', 'Test', 'Test@gmail.com', 'Test', NULL, 'DZ', 'Test', 'Test', '24523432', '2423432423', 'shipping', 184, NULL, '2019-09-24 15:28:27', '2019-09-24 15:28:27'),
	(133, 'test1', 'super3', 'test@gmail.com', 'testCity4   ', NULL, 'AO', 'testCity   ', 'testCity   ', '6345', '38097888844 ', 'billing', 195, NULL, '2019-10-03 18:12:41', '2019-10-03 19:58:44'),
	(134, 'test1', 'super3', 'test@gmail.com', 'testCity4   ', NULL, 'AO', 'testCity   ', 'testCity   ', '6345', '38097888844 ', 'shipping', 195, NULL, '2019-10-03 18:12:41', '2019-10-03 19:58:44');
/*!40000 ALTER TABLE `cart_address` ENABLE KEYS */;

-- Дамп структуры для таблица blue_bird_cafe.cart_items
CREATE TABLE IF NOT EXISTS `cart_items` (
  `id` int(10) unsigned NOT NULL AUTO_INCREMENT,
  `quantity` int(10) unsigned NOT NULL DEFAULT 0,
  `sku` varchar(191) COLLATE utf8mb4_unicode_ci DEFAULT NULL,
  `type` varchar(191) COLLATE utf8mb4_unicode_ci DEFAULT NULL,
  `name` varchar(191) COLLATE utf8mb4_unicode_ci DEFAULT NULL,
  `coupon_code` varchar(191) COLLATE utf8mb4_unicode_ci DEFAULT NULL,
  `weight` decimal(12,4) NOT NULL DEFAULT 1.0000,
  `total_weight` decimal(12,4) NOT NULL DEFAULT 0.0000,
  `base_total_weight` decimal(12,4) NOT NULL DEFAULT 0.0000,
  `price` decimal(12,4) NOT NULL DEFAULT 1.0000,
  `base_price` decimal(12,4) NOT NULL DEFAULT 0.0000,
  `total` decimal(12,4) NOT NULL DEFAULT 0.0000,
  `base_total` decimal(12,4) NOT NULL DEFAULT 0.0000,
  `tax_percent` decimal(12,4) DEFAULT 0.0000,
  `tax_amount` decimal(12,4) DEFAULT 0.0000,
  `base_tax_amount` decimal(12,4) DEFAULT 0.0000,
  `discount_percent` decimal(12,4) NOT NULL DEFAULT 0.0000,
  `discount_amount` decimal(12,4) NOT NULL DEFAULT 0.0000,
  `base_discount_amount` decimal(12,4) NOT NULL DEFAULT 0.0000,
  `additional` longtext CHARACTER SET utf8mb4 COLLATE utf8mb4_bin DEFAULT NULL,
  `parent_id` int(10) unsigned DEFAULT NULL,
  `product_id` int(10) unsigned NOT NULL,
  `cart_id` int(10) unsigned NOT NULL,
  `tax_category_id` int(10) unsigned DEFAULT NULL,
  `created_at` timestamp NULL DEFAULT NULL,
  `updated_at` timestamp NULL DEFAULT NULL,
  `custom_price` decimal(12,4) DEFAULT NULL,
  PRIMARY KEY (`id`),
  KEY `cart_items_product_id_foreign` (`product_id`),
  KEY `cart_items_cart_id_foreign` (`cart_id`),
  KEY `cart_items_tax_category_id_foreign` (`tax_category_id`),
  KEY `cart_items_parent_id_foreign` (`parent_id`),
  CONSTRAINT `cart_items_cart_id_foreign` FOREIGN KEY (`cart_id`) REFERENCES `cart` (`id`) ON DELETE CASCADE,
  CONSTRAINT `cart_items_parent_id_foreign` FOREIGN KEY (`parent_id`) REFERENCES `cart_items` (`id`) ON DELETE CASCADE,
  CONSTRAINT `cart_items_product_id_foreign` FOREIGN KEY (`product_id`) REFERENCES `products` (`id`) ON DELETE CASCADE,
  CONSTRAINT `cart_items_tax_category_id_foreign` FOREIGN KEY (`tax_category_id`) REFERENCES `tax_categories` (`id`)
) ENGINE=InnoDB AUTO_INCREMENT=189 DEFAULT CHARSET=utf8mb4 COLLATE=utf8mb4_unicode_ci ROW_FORMAT=DYNAMIC;

-- Дамп данных таблицы blue_bird_cafe.cart_items: ~63 rows (приблизительно)
/*!40000 ALTER TABLE `cart_items` DISABLE KEYS */;
REPLACE INTO `cart_items` (`id`, `quantity`, `sku`, `type`, `name`, `coupon_code`, `weight`, `total_weight`, `base_total_weight`, `price`, `base_price`, `total`, `base_total`, `tax_percent`, `tax_amount`, `base_tax_amount`, `discount_percent`, `discount_amount`, `base_discount_amount`, `additional`, `parent_id`, `product_id`, `cart_id`, `tax_category_id`, `created_at`, `updated_at`, `custom_price`) VALUES
	(1, 2, '1', 'simple', 'simple', NULL, 5.0000, 10.0000, 10.0000, 5.0000, 5.0000, 10.0000, 10.0000, 0.0000, 0.0000, 0.0000, 0.0000, 0.0000, 0.0000, '{"product":"1","quantity":2,"is_configurable":"false"}', NULL, 1, 2, NULL, '2019-08-21 14:15:45', '2019-08-21 14:17:49', NULL),
	(96, 7, '787', 'configurable', 'WeightCoffee', NULL, 25.0000, 175.0000, 175.0000, 25.0000, 25.0000, 175.0000, 175.0000, 0.0000, 0.0000, 0.0000, 0.0000, 0.0000, 0.0000, '{"product":"217","points":"0","customer_id":"3","quantity":7,"selected_configurable_option":"218","super_attribute":{"32":"10"},"is_configurable":"true","attributes":{"CoffeeWeight":{"attribute_name":"CoffeeWeight","option_id":10,"option_label":"250g"}}}', NULL, 217, 114, NULL, '2019-09-18 20:22:15', '2019-09-19 20:45:58', NULL),
	(97, 0, '787-variant-10', 'simple', 'weightcoffee', NULL, 1.0000, 0.0000, 0.0000, 1.0000, 0.0000, 0.0000, 0.0000, 0.0000, 0.0000, 0.0000, 0.0000, 0.0000, 0.0000, NULL, 96, 218, 114, NULL, '2019-09-18 20:22:15', '2019-09-18 20:22:15', NULL),
	(105, 4, '888', 'configurable', 'Blue Bird Blend – Our own selected Blend', NULL, 250.0000, 1000.0000, 1000.0000, 250.0000, 250.0000, 1000.0000, 1000.0000, 0.0000, 0.0000, 0.0000, 0.0000, 0.0000, 0.0000, '{"product":"221","points":"0","customer_id":"3","quantity":"4","selected_configurable_option":"222","super_attribute":{"32":"10"},"is_configurable":"true","attributes":{"CoffeeWeight":{"attribute_name":"CoffeeWeight","option_id":10,"option_label":"250g"}}}', NULL, 221, 149, NULL, '2019-09-23 14:42:24', '2019-09-23 14:42:24', NULL),
	(106, 0, '888-variant-10', 'simple', 'Our own 250g', NULL, 1.0000, 0.0000, 0.0000, 1.0000, 0.0000, 0.0000, 0.0000, 0.0000, 0.0000, 0.0000, 0.0000, 0.0000, 0.0000, NULL, 105, 222, 149, NULL, '2019-09-23 14:42:24', '2019-09-23 14:42:24', NULL),
	(107, 1, '888', 'configurable', 'Blue Bird Blend – Our own selected Blend', NULL, 500.0000, 500.0000, 500.0000, 500.0000, 500.0000, 500.0000, 500.0000, 0.0000, 0.0000, 0.0000, 0.0000, 0.0000, 0.0000, '{"product":"221","points":"0","customer_id":"3","quantity":"1","selected_configurable_option":"223","super_attribute":{"32":"11"},"is_configurable":"true","attributes":{"CoffeeWeight":{"attribute_name":"CoffeeWeight","option_id":11,"option_label":"500g"}}}', NULL, 221, 149, NULL, '2019-09-23 15:17:16', '2019-09-23 15:17:16', NULL),
	(108, 0, '888-variant-11', 'simple', 'Our own 500g', NULL, 1.0000, 0.0000, 0.0000, 1.0000, 0.0000, 0.0000, 0.0000, 0.0000, 0.0000, 0.0000, 0.0000, 0.0000, 0.0000, NULL, 107, 223, 149, NULL, '2019-09-23 15:17:16', '2019-09-23 15:17:16', NULL),
	(109, 1, '888', 'configurable', 'Blue Bird Blend – Our own selected Blend', NULL, 500.0000, 500.0000, 500.0000, 500.0000, 500.0000, 500.0000, 500.0000, 0.0000, 0.0000, 0.0000, 0.0000, 0.0000, 0.0000, '{"product":"221","points":"","quantity":"1","selected_configurable_option":"223","super_attribute":{"32":"11"},"is_configurable":"true","attributes":{"CoffeeWeight":{"attribute_name":"CoffeeWeight","option_id":11,"option_label":"500g"}}}', NULL, 221, 161, NULL, '2019-09-23 15:23:11', '2019-09-23 15:23:11', NULL),
	(110, 0, '888-variant-11', 'simple', 'Our own 500g', NULL, 1.0000, 0.0000, 0.0000, 1.0000, 0.0000, 0.0000, 0.0000, 0.0000, 0.0000, 0.0000, 0.0000, 0.0000, 0.0000, NULL, 109, 223, 161, NULL, '2019-09-23 15:23:11', '2019-09-23 15:23:11', NULL),
	(113, 1, '787', 'configurable', 'WeightCoffee', NULL, 25.0000, 25.0000, 25.0000, 25.0000, 25.0000, 25.0000, 25.0000, 0.0000, 0.0000, 0.0000, 0.0000, 0.0000, 0.0000, '{"product":"217","points":"","quantity":"1","selected_configurable_option":"218","super_attribute":{"32":"10"},"is_configurable":"true","attributes":{"CoffeeWeight":{"attribute_name":"CoffeeWeight","option_id":10,"option_label":"250g"}}}', NULL, 217, 149, NULL, '2019-09-23 15:23:34', '2019-09-23 15:25:18', NULL),
	(114, 0, '787-variant-10', 'simple', 'weightcoffee', NULL, 1.0000, 0.0000, 0.0000, 1.0000, 0.0000, 0.0000, 0.0000, 0.0000, 0.0000, 0.0000, 0.0000, 0.0000, 0.0000, NULL, 113, 218, 149, NULL, '2019-09-23 15:23:34', '2019-09-23 15:25:18', NULL),
	(119, 1, '888', 'configurable', 'Blue Bird Blend – Our own selected Blend', NULL, 1000.0000, 1000.0000, 1000.0000, 1000.0000, 1000.0000, 1000.0000, 1000.0000, 0.0000, 0.0000, 0.0000, 0.0000, 0.0000, 0.0000, '{"product":"221","points":"","quantity":"1","selected_configurable_option":"224","super_attribute":{"32":"12"},"is_configurable":"true","attributes":{"CoffeeWeight":{"attribute_name":"CoffeeWeight","option_id":12,"option_label":"1000g"}}}', NULL, 221, 165, NULL, '2019-09-23 16:09:51', '2019-09-23 16:09:51', NULL),
	(120, 0, '888-variant-12', 'simple', 'Our own 1000g', NULL, 1.0000, 0.0000, 0.0000, 1.0000, 0.0000, 0.0000, 0.0000, 0.0000, 0.0000, 0.0000, 0.0000, 0.0000, 0.0000, NULL, 119, 224, 165, NULL, '2019-09-23 16:09:51', '2019-09-23 16:09:51', NULL),
	(125, 1, '888', 'configurable', 'Blue Bird Blend – Our own selected Blend', NULL, 500.0000, 500.0000, 500.0000, 500.0000, 500.0000, 500.0000, 500.0000, 0.0000, 0.0000, 0.0000, 0.0000, 0.0000, 0.0000, '{"product":"221","points":"","quantity":"1","selected_configurable_option":"223","super_attribute":{"32":"11"},"is_configurable":"true","attributes":{"CoffeeWeight":{"attribute_name":"CoffeeWeight","option_id":11,"option_label":"500g"}}}', NULL, 221, 171, NULL, '2019-09-23 16:47:51', '2019-09-23 17:02:37', NULL),
	(126, 0, '888-variant-11', 'simple', 'Our own 500g', NULL, 1.0000, 0.0000, 0.0000, 1.0000, 0.0000, 0.0000, 0.0000, 0.0000, 0.0000, 0.0000, 0.0000, 0.0000, 0.0000, NULL, 125, 223, 171, NULL, '2019-09-23 16:47:51', '2019-09-23 16:47:51', NULL),
	(129, 1, '787', 'configurable', 'WeightCoffee', NULL, 50.0000, 50.0000, 50.0000, 50.0000, 50.0000, 50.0000, 50.0000, 0.0000, 0.0000, 0.0000, 0.0000, 0.0000, 0.0000, '{"product":"217","points":"","quantity":"1","selected_configurable_option":"219","super_attribute":{"32":"11"},"is_configurable":"true","attributes":{"CoffeeWeight":{"attribute_name":"Weight","option_id":11,"option_label":"500g"}}}', NULL, 217, 174, NULL, '2019-09-23 18:15:28', '2019-09-23 18:15:28', NULL),
	(130, 0, '787-variant-11', 'simple', 'weightcoffee', NULL, 1.0000, 0.0000, 0.0000, 1.0000, 0.0000, 0.0000, 0.0000, 0.0000, 0.0000, 0.0000, 0.0000, 0.0000, 0.0000, NULL, 129, 219, 174, NULL, '2019-09-23 18:15:28', '2019-09-23 18:15:28', NULL),
	(131, 1, '787', 'configurable', 'WeightCoffee', NULL, 100.0000, 100.0000, 100.0000, 100.0000, 100.0000, 100.0000, 100.0000, 0.0000, 0.0000, 0.0000, 0.0000, 0.0000, 0.0000, '{"product":"217","points":"","quantity":"1","selected_configurable_option":"220","super_attribute":{"32":"11"},"is_configurable":"true","attributes":{"CoffeeWeight":{"attribute_name":"Weight","option_id":12,"option_label":"1000g"}}}', NULL, 217, 174, NULL, '2019-09-23 18:19:20', '2019-09-23 18:41:51', NULL),
	(132, 0, '787-variant-12', 'simple', 'weightcoffee', NULL, 1.0000, 0.0000, 0.0000, 1.0000, 0.0000, 0.0000, 0.0000, 0.0000, 0.0000, 0.0000, 0.0000, 0.0000, 0.0000, NULL, 131, 220, 174, NULL, '2019-09-23 18:19:20', '2019-09-23 18:19:20', NULL),
	(133, 1, '787', 'configurable', 'WeightCoffee', NULL, 25.0000, 25.0000, 25.0000, 25.0000, 25.0000, 25.0000, 25.0000, 0.0000, 0.0000, 0.0000, 0.0000, 0.0000, 0.0000, '{"product":"217","points":"","quantity":"1","selected_configurable_option":"218","super_attribute":{"32":"10"},"is_configurable":"true","attributes":{"CoffeeWeight":{"attribute_name":"Weight","option_id":10,"option_label":"250g"}}}', NULL, 217, 174, NULL, '2019-09-23 18:39:43', '2019-09-23 18:39:43', NULL),
	(134, 0, '787-variant-10', 'simple', 'weightcoffee', NULL, 1.0000, 0.0000, 0.0000, 1.0000, 0.0000, 0.0000, 0.0000, 0.0000, 0.0000, 0.0000, 0.0000, 0.0000, 0.0000, NULL, 133, 218, 174, NULL, '2019-09-23 18:39:43', '2019-09-23 18:39:43', NULL),
	(135, 1, '888', 'configurable', 'Blue Bird Blend – Our own selected Blend', NULL, 250.0000, 250.0000, 250.0000, 250.0000, 250.0000, 250.0000, 250.0000, 0.0000, 0.0000, 0.0000, 0.0000, 0.0000, 0.0000, '{"product":"221","points":"","quantity":"1","selected_configurable_option":"222","super_attribute":{"32":"10"},"is_configurable":"true","attributes":{"CoffeeWeight":{"attribute_name":"Weight","option_id":10,"option_label":"250g"}}}', NULL, 221, 174, NULL, '2019-09-23 18:41:51', '2019-09-23 18:41:51', NULL),
	(136, 0, '888-variant-10', 'simple', 'Our own 250g', NULL, 1.0000, 0.0000, 0.0000, 1.0000, 0.0000, 0.0000, 0.0000, 0.0000, 0.0000, 0.0000, 0.0000, 0.0000, 0.0000, NULL, 135, 222, 174, NULL, '2019-09-23 18:41:51', '2019-09-23 18:41:51', NULL),
	(141, 1, '787', 'configurable', 'WeightCoffee', NULL, 25.0000, 25.0000, 25.0000, 25.0000, 25.0000, 25.0000, 25.0000, 0.0000, 0.0000, 0.0000, 0.0000, 0.0000, 0.0000, '{"product":"217","points":"","quantity":"1","selected_configurable_option":"218","super_attribute":{"32":"10"},"is_configurable":"true","attributes":{"CoffeeWeight":{"attribute_name":"Weight","option_id":10,"option_label":"250g"}}}', NULL, 217, 177, NULL, '2019-09-23 20:26:40', '2019-09-23 20:26:40', NULL),
	(142, 0, '787-variant-10', 'simple', 'weightcoffee', NULL, 1.0000, 0.0000, 0.0000, 1.0000, 0.0000, 0.0000, 0.0000, 0.0000, 0.0000, 0.0000, 0.0000, 0.0000, 0.0000, NULL, 141, 218, 177, NULL, '2019-09-23 20:26:40', '2019-09-23 20:26:40', NULL),
	(143, 1, '787', 'configurable', 'WeightCoffee', NULL, 25.0000, 25.0000, 25.0000, 25.0000, 25.0000, 25.0000, 25.0000, 0.0000, 0.0000, 0.0000, 0.0000, 0.0000, 0.0000, '{"product":"217","points":"","quantity":"1","selected_configurable_option":"218","super_attribute":{"32":"10"},"is_configurable":"true","attributes":{"CoffeeWeight":{"attribute_name":"Weight","option_id":10,"option_label":"250g"}}}', NULL, 217, 178, NULL, '2019-09-24 13:18:23', '2019-09-24 13:18:23', NULL),
	(144, 0, '787-variant-10', 'simple', 'weightcoffee', NULL, 1.0000, 0.0000, 0.0000, 1.0000, 0.0000, 0.0000, 0.0000, 0.0000, 0.0000, 0.0000, 0.0000, 0.0000, 0.0000, NULL, 143, 218, 178, NULL, '2019-09-24 13:18:23', '2019-09-24 13:18:23', NULL),
	(145, 2, '888', 'configurable', 'Blue Bird Blend – Our own selected Blend', NULL, 250.0000, 500.0000, 500.0000, 250.0000, 250.0000, 500.0000, 500.0000, 0.0000, 0.0000, 0.0000, 0.0000, 0.0000, 0.0000, '{"product":"221","points":"","quantity":2,"selected_configurable_option":"222","super_attribute":{"32":"10"},"is_configurable":"true","attributes":{"CoffeeWeight":{"attribute_name":"Weight","option_id":10,"option_label":"250g"}}}', NULL, 221, 179, NULL, '2019-09-24 13:42:17', '2019-09-24 13:42:25', NULL),
	(146, 0, '888-variant-10', 'simple', 'Our own 250g', NULL, 1.0000, 0.0000, 0.0000, 1.0000, 0.0000, 0.0000, 0.0000, 0.0000, 0.0000, 0.0000, 0.0000, 0.0000, 0.0000, NULL, 145, 222, 179, NULL, '2019-09-24 13:42:17', '2019-09-24 13:42:17', NULL),
	(147, 1, '888', 'configurable', 'Blue Bird Blend – Our own selected Blend', NULL, 250.0000, 250.0000, 250.0000, 250.0000, 250.0000, 250.0000, 250.0000, 0.0000, 0.0000, 0.0000, 0.0000, 0.0000, 0.0000, '{"product":"221","points":"","quantity":"1","selected_configurable_option":"222","super_attribute":{"32":"10"},"is_configurable":"true","attributes":{"CoffeeWeight":{"attribute_name":"Weight","option_id":10,"option_label":"250g"}}}', NULL, 221, 180, NULL, '2019-09-24 13:50:24', '2019-09-24 13:50:24', NULL),
	(148, 0, '888-variant-10', 'simple', 'Our own 250g', NULL, 1.0000, 0.0000, 0.0000, 1.0000, 0.0000, 0.0000, 0.0000, 0.0000, 0.0000, 0.0000, 0.0000, 0.0000, 0.0000, NULL, 147, 222, 180, NULL, '2019-09-24 13:50:24', '2019-09-24 13:50:24', NULL),
	(149, 1, '787', 'configurable', 'WeightCoffee', NULL, 25.0000, 25.0000, 25.0000, 25.0000, 25.0000, 25.0000, 25.0000, 0.0000, 0.0000, 0.0000, 0.0000, 0.0000, 0.0000, '{"product":"217","points":"","quantity":"1","selected_configurable_option":"218","super_attribute":{"32":"10"},"is_configurable":"true","attributes":{"CoffeeWeight":{"attribute_name":"Weight","option_id":10,"option_label":"250g"}}}', NULL, 217, 181, NULL, '2019-09-24 14:23:15', '2019-09-24 14:23:15', NULL),
	(150, 0, '787-variant-10', 'simple', 'weightcoffee', NULL, 1.0000, 0.0000, 0.0000, 1.0000, 0.0000, 0.0000, 0.0000, 0.0000, 0.0000, 0.0000, 0.0000, 0.0000, 0.0000, NULL, 149, 218, 181, NULL, '2019-09-24 14:23:15', '2019-09-24 14:23:15', NULL),
	(151, 1, '787', 'configurable', 'WeightCoffee', NULL, 25.0000, 25.0000, 25.0000, 25.0000, 25.0000, 25.0000, 25.0000, 0.0000, 0.0000, 0.0000, 0.0000, 0.0000, 0.0000, '{"product":"217","points":"","quantity":"1","selected_configurable_option":"218","super_attribute":{"32":"10"},"is_configurable":"true","attributes":{"CoffeeWeight":{"attribute_name":"Weight","option_id":10,"option_label":"250g"}}}', NULL, 217, 182, NULL, '2019-09-24 14:41:47', '2019-09-24 14:41:47', NULL),
	(152, 0, '787-variant-10', 'simple', 'weightcoffee', NULL, 1.0000, 0.0000, 0.0000, 1.0000, 0.0000, 0.0000, 0.0000, 0.0000, 0.0000, 0.0000, 0.0000, 0.0000, 0.0000, NULL, 151, 218, 182, NULL, '2019-09-24 14:41:47', '2019-09-24 14:41:47', NULL),
	(153, 1, '787', 'configurable', 'WeightCoffee', NULL, 25.0000, 25.0000, 25.0000, 25.0000, 25.0000, 25.0000, 25.0000, 0.0000, 0.0000, 0.0000, 0.0000, 0.0000, 0.0000, '{"product":"217","points":"","quantity":"1","selected_configurable_option":"218","super_attribute":{"32":"10"},"is_configurable":"true","attributes":{"CoffeeWeight":{"attribute_name":"Weight","option_id":10,"option_label":"250g"}}}', NULL, 217, 183, NULL, '2019-09-24 15:02:47', '2019-09-24 15:02:47', NULL),
	(154, 0, '787-variant-10', 'simple', 'weightcoffee', NULL, 1.0000, 0.0000, 0.0000, 1.0000, 0.0000, 0.0000, 0.0000, 0.0000, 0.0000, 0.0000, 0.0000, 0.0000, 0.0000, NULL, 153, 218, 183, NULL, '2019-09-24 15:02:47', '2019-09-24 15:02:47', NULL),
	(155, 2, '787', 'configurable', 'WeightCoffee', NULL, 25.0000, 50.0000, 50.0000, 25.0000, 25.0000, 50.0000, 50.0000, 0.0000, 0.0000, 0.0000, 0.0000, 0.0000, 0.0000, '{"product":"217","points":"","quantity":2,"selected_configurable_option":"218","super_attribute":{"32":"10"},"is_configurable":"true","attributes":{"CoffeeWeight":{"attribute_name":"Weight","option_id":10,"option_label":"250g"}}}', NULL, 217, 184, NULL, '2019-09-24 15:19:20', '2019-09-24 15:19:44', NULL),
	(156, 0, '787-variant-10', 'simple', 'weightcoffee', NULL, 1.0000, 0.0000, 0.0000, 1.0000, 0.0000, 0.0000, 0.0000, 0.0000, 0.0000, 0.0000, 0.0000, 0.0000, 0.0000, NULL, 155, 218, 184, NULL, '2019-09-24 15:19:20', '2019-09-24 15:19:20', NULL),
	(159, 6, '787', 'configurable', 'WeightCoffee', NULL, 25.0000, 150.0000, 150.0000, 25.0000, 25.0000, 150.0000, 150.0000, 0.0000, 0.0000, 0.0000, 0.0000, 0.0000, 0.0000, '{"product":"217","points":"","quantity":6,"selected_configurable_option":"218","super_attribute":{"32":"10"},"is_configurable":"true","attributes":{"CoffeeWeight":{"attribute_name":"Weight","option_id":10,"option_label":"250g"}}}', NULL, 217, 185, NULL, '2019-09-30 16:37:26', '2019-09-30 16:41:50', NULL),
	(160, 0, '787-variant-10', 'simple', 'weightcoffee', NULL, 1.0000, 0.0000, 0.0000, 1.0000, 0.0000, 0.0000, 0.0000, 0.0000, 0.0000, 0.0000, 0.0000, 0.0000, 0.0000, NULL, 159, 218, 185, NULL, '2019-09-30 16:37:26', '2019-09-30 16:37:26', NULL),
	(161, 1, '990', 'simple', '4x250g Coffee beans', NULL, 1000.0000, 1000.0000, 1000.0000, 9150.0000, 9150.0000, 9150.0000, 9150.0000, 0.0000, 0.0000, 0.0000, 0.0000, 0.0000, 0.0000, '{"product":"229","points":"","quantity":"1","is_configurable":"false"}', NULL, 229, 185, NULL, '2019-09-30 16:39:38', '2019-09-30 16:39:38', NULL),
	(162, 1, '787', 'configurable', 'WeightCoffee', NULL, 25.0000, 25.0000, 25.0000, 25.0000, 25.0000, 25.0000, 25.0000, 0.0000, 0.0000, 0.0000, 0.0000, 0.0000, 0.0000, '{"product":"217","points":"","quantity":"1","selected_configurable_option":"218","super_attribute":{"32":"10"},"is_configurable":"true","attributes":{"CoffeeWeight":{"attribute_name":"Weight","option_id":10,"option_label":"250g"}}}', NULL, 217, 186, NULL, '2019-10-01 19:23:03', '2019-10-01 19:23:03', NULL),
	(163, 0, '787-variant-10', 'simple', 'weightcoffee', NULL, 1.0000, 0.0000, 0.0000, 1.0000, 0.0000, 0.0000, 0.0000, 0.0000, 0.0000, 0.0000, 0.0000, 0.0000, 0.0000, NULL, 162, 218, 186, NULL, '2019-10-01 19:23:03', '2019-10-01 19:23:03', NULL),
	(164, 2, '798', 'simple', 'Office 100 capsules', NULL, 5.0000, 10.0000, 10.0000, 990.0000, 990.0000, 1980.0000, 1980.0000, 0.0000, 0.0000, 0.0000, 0.0000, 0.0000, 0.0000, '{"product":"231","points":"","quantity":2,"is_configurable":"false"}', NULL, 231, 186, NULL, '2019-10-01 19:32:52', '2019-10-01 19:33:02', NULL),
	(165, 1, '785', 'simple', 'Home 10 capsules', NULL, 5.0000, 5.0000, 5.0000, 990.0000, 990.0000, 990.0000, 990.0000, 0.0000, 0.0000, 0.0000, 0.0000, 0.0000, 0.0000, '{"product":"230","points":"","quantity":"1","is_configurable":"false"}', NULL, 230, 187, NULL, '2019-10-01 19:46:15', '2019-10-01 19:46:15', NULL),
	(166, 1, '798', 'simple', 'Office 100 capsules', NULL, 5.0000, 5.0000, 5.0000, 990.0000, 990.0000, 990.0000, 990.0000, 0.0000, 0.0000, 0.0000, 0.0000, 0.0000, 0.0000, '{"product":"231","points":"","quantity":"1","is_configurable":"false"}', NULL, 231, 188, NULL, '2019-10-01 20:03:21', '2019-10-01 20:03:21', NULL),
	(167, 1, '787', 'configurable', 'WeightCoffee', NULL, 25.0000, 25.0000, 25.0000, 25.0000, 25.0000, 25.0000, 25.0000, 0.0000, 0.0000, 0.0000, 0.0000, 0.0000, 0.0000, '{"product":"217","points":"","quantity":"1","selected_configurable_option":"218","super_attribute":{"32":"10"},"is_configurable":"true","attributes":{"CoffeeWeight":{"attribute_name":"Weight","option_id":10,"option_label":"250g"}}}', NULL, 217, 189, NULL, '2019-10-01 21:13:17', '2019-10-01 21:13:17', NULL),
	(168, 0, '787-variant-10', 'simple', 'weightcoffee', NULL, 1.0000, 0.0000, 0.0000, 1.0000, 0.0000, 0.0000, 0.0000, 0.0000, 0.0000, 0.0000, 0.0000, 0.0000, 0.0000, NULL, 167, 218, 189, NULL, '2019-10-01 21:13:17', '2019-10-01 21:13:17', NULL),
	(169, 1, '787', 'configurable', 'WeightCoffee', NULL, 100.0000, 100.0000, 100.0000, 100.0000, 100.0000, 100.0000, 100.0000, 0.0000, 0.0000, 0.0000, 0.0000, 0.0000, 0.0000, '{"product":"217","points":"","quantity":"1","selected_configurable_option":"220","super_attribute":{"32":"12"},"is_configurable":"true","attributes":{"CoffeeWeight":{"attribute_name":"Weight","option_id":12,"option_label":"1000g"}}}', NULL, 217, 190, NULL, '2019-10-02 13:53:27', '2019-10-02 13:53:27', NULL),
	(170, 0, '787-variant-12', 'simple', 'weightcoffee', NULL, 1.0000, 0.0000, 0.0000, 1.0000, 0.0000, 0.0000, 0.0000, 0.0000, 0.0000, 0.0000, 0.0000, 0.0000, 0.0000, NULL, 169, 220, 190, NULL, '2019-10-02 13:53:27', '2019-10-02 13:53:27', NULL),
	(171, 1, '787', 'configurable', 'WeightCoffee', NULL, 25.0000, 25.0000, 25.0000, 25.0000, 25.0000, 25.0000, 25.0000, 0.0000, 0.0000, 0.0000, 0.0000, 0.0000, 0.0000, '{"product":"217","points":"","quantity":"1","selected_configurable_option":"218","super_attribute":{"32":"10"},"is_configurable":"true","attributes":{"CoffeeWeight":{"attribute_name":"Weight","option_id":10,"option_label":"250g"}}}', NULL, 217, 191, NULL, '2019-10-02 14:36:41', '2019-10-02 14:36:41', NULL),
	(172, 0, '787-variant-10', 'simple', 'weightcoffee', NULL, 1.0000, 0.0000, 0.0000, 1.0000, 0.0000, 0.0000, 0.0000, 0.0000, 0.0000, 0.0000, 0.0000, 0.0000, 0.0000, NULL, 171, 218, 191, NULL, '2019-10-02 14:36:41', '2019-10-02 14:36:41', NULL),
	(173, 4, '888', 'configurable', 'Blue Bird Blend – Our own selected Blend', NULL, 250.0000, 1000.0000, 1000.0000, 250.0000, 250.0000, 1000.0000, 1000.0000, 0.0000, 0.0000, 0.0000, 0.0000, 0.0000, 0.0000, '{"product":"221","points":"","quantity":"1","selected_configurable_option":"222","super_attribute":{"32":"10"},"is_configurable":"true","attributes":{"CoffeeWeight":{"attribute_name":"Weight","option_id":10,"option_label":"250g"}}}', NULL, 221, 192, NULL, '2019-10-02 20:44:27', '2019-10-02 21:37:05', NULL),
	(174, 0, '888-variant-10', 'simple', 'Our own 250g', NULL, 1.0000, 0.0000, 0.0000, 1.0000, 0.0000, 0.0000, 0.0000, 0.0000, 0.0000, 0.0000, 0.0000, 0.0000, 0.0000, NULL, 173, 222, 192, NULL, '2019-10-02 20:44:27', '2019-10-02 20:44:27', NULL),
	(175, 2, '888', 'configurable', 'Blue Bird Blend – Our own selected Blend', NULL, 250.0000, 500.0000, 500.0000, 250.0000, 250.0000, 500.0000, 500.0000, 0.0000, 0.0000, 0.0000, 0.0000, 0.0000, 0.0000, '{"product":"221","points":"","quantity":2,"selected_configurable_option":"222","super_attribute":{"32":"10"},"is_configurable":"true","attributes":{"CoffeeWeight":{"attribute_name":"Weight","option_id":10,"option_label":"250g"}}}', NULL, 221, 193, NULL, '2019-10-03 01:05:05', '2019-10-03 01:05:32', NULL),
	(176, 0, '888-variant-10', 'simple', 'Our own 250g', NULL, 1.0000, 0.0000, 0.0000, 1.0000, 0.0000, 0.0000, 0.0000, 0.0000, 0.0000, 0.0000, 0.0000, 0.0000, 0.0000, NULL, 175, 222, 193, NULL, '2019-10-03 01:05:05', '2019-10-03 01:05:05', NULL),
	(177, 1, '990', 'simple', '4x250g Coffee beans', NULL, 1000.0000, 1000.0000, 1000.0000, 9150.0000, 9150.0000, 9150.0000, 9150.0000, 0.0000, 0.0000, 0.0000, 0.0000, 0.0000, 0.0000, '{"product":"229","points":"","quantity":"1","is_configurable":"false"}', NULL, 229, 194, NULL, '2019-10-03 15:55:14', '2019-10-03 15:57:54', NULL),
	(178, 7, '990', 'simple', '4x250g Coffee beans', NULL, 1000.0000, 7000.0000, 7000.0000, 9150.0000, 9150.0000, 64050.0000, 64050.0000, 0.0000, 0.0000, 0.0000, 0.0000, 0.0000, 0.0000, '{"product":"229","points":"0","customer_id":"3","quantity":12,"is_configurable":"false"}', NULL, 229, 195, NULL, '2019-10-03 16:24:34', '2019-10-03 20:17:42', NULL),
	(179, 1, '2344444444', 'simple', 'body_test', NULL, 444.0000, 444.0000, 444.0000, 233.0000, 233.0000, 233.0000, 233.0000, 0.0000, 0.0000, 0.0000, 0.0000, 0.0000, 0.0000, '{"product":"233","points":"","quantity":"1","is_configurable":"false"}', NULL, 233, 196, NULL, '2019-10-03 17:49:26', '2019-10-03 17:49:26', NULL),
	(181, 1, '990', 'simple', '4x250g Coffee beans', NULL, 1000.0000, 1000.0000, 1000.0000, 9150.0000, 9150.0000, 9150.0000, 9150.0000, 0.0000, 0.0000, 0.0000, 0.0000, 0.0000, 0.0000, '{"product":"229","points":"","quantity":"1","is_configurable":"false"}', NULL, 229, 198, NULL, '2019-10-03 18:24:00', '2019-10-03 18:24:00', NULL),
	(184, 2, '787', 'configurable', 'Weight Coffee Dima', NULL, 25.0000, 50.0000, 50.0000, 25.0000, 25.0000, 50.0000, 50.0000, 0.0000, 0.0000, 0.0000, 0.0000, 0.0000, 0.0000, '{"product":"217","points":"","quantity":"1","selected_configurable_option":"218","super_attribute":{"32":"10"},"is_configurable":"true","attributes":{"CoffeeWeight":{"attribute_name":"Weight","option_id":10,"option_label":"250g"}}}', NULL, 217, 195, NULL, '2019-10-03 19:22:46', '2019-10-03 20:17:43', NULL),
	(185, 0, '787-variant-10', 'simple', 'weightcoffee', NULL, 1.0000, 0.0000, 0.0000, 1.0000, 0.0000, 0.0000, 0.0000, 0.0000, 0.0000, 0.0000, 0.0000, 0.0000, 0.0000, NULL, 184, 218, 195, NULL, '2019-10-03 19:22:46', '2019-10-03 19:57:47', NULL),
	(188, 1, '990', 'simple', '4x250g Coffee beans', NULL, 1000.0000, 1000.0000, 1000.0000, 9150.0000, 9150.0000, 9150.0000, 9150.0000, 0.0000, 0.0000, 0.0000, 0.0000, 0.0000, 0.0000, '{"product":"229","points":"0","customer_id":"3","quantity":"1","is_configurable":"false"}', NULL, 229, 201, NULL, '2019-10-03 20:28:50', '2019-10-03 20:28:50', NULL);
/*!40000 ALTER TABLE `cart_items` ENABLE KEYS */;

-- Дамп структуры для таблица blue_bird_cafe.cart_item_inventories
CREATE TABLE IF NOT EXISTS `cart_item_inventories` (
  `id` int(10) unsigned NOT NULL AUTO_INCREMENT,
  `qty` int(10) unsigned NOT NULL DEFAULT 0,
  `inventory_source_id` int(10) unsigned DEFAULT NULL,
  `cart_item_id` int(10) unsigned DEFAULT NULL,
  `created_at` timestamp NULL DEFAULT NULL,
  `updated_at` timestamp NULL DEFAULT NULL,
  PRIMARY KEY (`id`)
) ENGINE=InnoDB DEFAULT CHARSET=utf8mb4 COLLATE=utf8mb4_unicode_ci ROW_FORMAT=DYNAMIC;

-- Дамп данных таблицы blue_bird_cafe.cart_item_inventories: ~0 rows (приблизительно)
/*!40000 ALTER TABLE `cart_item_inventories` DISABLE KEYS */;
/*!40000 ALTER TABLE `cart_item_inventories` ENABLE KEYS */;

-- Дамп структуры для таблица blue_bird_cafe.cart_payment
CREATE TABLE IF NOT EXISTS `cart_payment` (
  `id` int(10) unsigned NOT NULL AUTO_INCREMENT,
  `method` varchar(191) COLLATE utf8mb4_unicode_ci NOT NULL,
  `method_title` varchar(191) COLLATE utf8mb4_unicode_ci DEFAULT NULL,
  `cart_id` int(10) unsigned DEFAULT NULL,
  `created_at` timestamp NULL DEFAULT NULL,
  `updated_at` timestamp NULL DEFAULT NULL,
  PRIMARY KEY (`id`),
  KEY `cart_payment_cart_id_foreign` (`cart_id`),
  CONSTRAINT `cart_payment_cart_id_foreign` FOREIGN KEY (`cart_id`) REFERENCES `cart` (`id`) ON DELETE CASCADE
) ENGINE=InnoDB AUTO_INCREMENT=165 DEFAULT CHARSET=utf8mb4 COLLATE=utf8mb4_unicode_ci ROW_FORMAT=DYNAMIC;

-- Дамп данных таблицы blue_bird_cafe.cart_payment: ~50 rows (приблизительно)
/*!40000 ALTER TABLE `cart_payment` DISABLE KEYS */;
REPLACE INTO `cart_payment` (`id`, `method`, `method_title`, `cart_id`, `created_at`, `updated_at`) VALUES
	(1, 'paypal_standard', NULL, 2, '2019-08-21 14:16:33', '2019-08-21 14:16:33'),
	(2, 'cashondelivery', NULL, 8, '2019-08-23 17:02:11', '2019-08-23 17:02:11'),
	(5, 'cashondelivery', NULL, 6, '2019-08-27 17:28:04', '2019-08-27 17:28:04'),
	(7, 'cashondelivery', NULL, 9, '2019-08-27 17:30:21', '2019-08-27 17:30:21'),
	(8, 'cashondelivery', NULL, 10, '2019-08-27 17:31:06', '2019-08-27 17:31:06'),
	(12, 'cashondelivery', NULL, 11, '2019-08-27 17:40:49', '2019-08-27 17:40:49'),
	(13, 'cashondelivery', NULL, 12, '2019-08-27 17:43:49', '2019-08-27 17:43:49'),
	(14, 'cashondelivery', NULL, 13, '2019-08-27 17:47:22', '2019-08-27 17:47:22'),
	(15, 'cashondelivery', NULL, 14, '2019-08-27 17:50:05', '2019-08-27 17:50:05'),
	(16, 'cashondelivery', NULL, 15, '2019-08-29 18:12:14', '2019-08-29 18:12:14'),
	(17, 'cashondelivery', NULL, 16, '2019-08-29 18:40:50', '2019-08-29 18:40:50'),
	(18, 'cashondelivery', NULL, 17, '2019-08-29 19:43:30', '2019-08-29 19:43:30'),
	(21, 'cashondelivery', NULL, 18, '2019-08-30 16:40:48', '2019-08-30 16:40:48'),
	(22, 'cashondelivery', NULL, 20, '2019-08-30 19:34:35', '2019-08-30 19:34:35'),
	(23, 'cashondelivery', NULL, 21, '2019-08-30 19:36:02', '2019-08-30 19:36:02'),
	(24, 'cashondelivery', NULL, 22, '2019-08-31 13:33:05', '2019-08-31 13:33:05'),
	(25, 'cashondelivery', NULL, 23, '2019-08-31 14:26:36', '2019-08-31 14:26:36'),
	(55, 'cashondelivery', NULL, 30, '2019-09-02 18:46:28', '2019-09-02 18:46:28'),
	(59, 'cashondelivery', NULL, 37, '2019-09-02 19:16:11', '2019-09-02 19:16:11'),
	(61, 'cashondelivery', NULL, 38, '2019-09-02 19:22:02', '2019-09-02 19:22:02'),
	(62, 'cashondelivery', NULL, 39, '2019-09-02 20:05:12', '2019-09-02 20:05:12'),
	(65, 'cashondelivery', NULL, 40, '2019-09-02 20:18:24', '2019-09-02 20:18:24'),
	(66, 'cashondelivery', NULL, 41, '2019-09-02 20:20:08', '2019-09-02 20:20:08'),
	(67, 'cashondelivery', NULL, 42, '2019-09-02 20:24:02', '2019-09-02 20:24:02'),
	(68, 'cashondelivery', NULL, 43, '2019-09-02 20:28:04', '2019-09-02 20:28:04'),
	(69, 'cashondelivery', NULL, 47, '2019-09-03 14:18:01', '2019-09-03 14:18:01'),
	(70, 'cashondelivery', NULL, 49, '2019-09-04 14:15:55', '2019-09-04 14:15:55'),
	(71, 'cashondelivery', NULL, 50, '2019-09-04 14:44:32', '2019-09-04 14:44:32'),
	(79, 'cashondelivery', NULL, 86, '2019-09-16 17:04:24', '2019-09-16 17:04:24'),
	(80, 'cashondelivery', NULL, 90, '2019-09-16 17:09:27', '2019-09-16 17:09:27'),
	(81, 'cashondelivery', NULL, 91, '2019-09-16 17:12:21', '2019-09-16 17:12:21'),
	(82, 'cashondelivery', NULL, 92, '2019-09-16 17:13:57', '2019-09-16 17:13:57'),
	(83, 'cashondelivery', NULL, 93, '2019-09-16 17:17:55', '2019-09-16 17:17:55'),
	(84, 'cashondelivery', NULL, 94, '2019-09-16 17:19:46', '2019-09-16 17:19:46'),
	(85, 'cashondelivery', NULL, 95, '2019-09-16 17:20:18', '2019-09-16 17:20:18'),
	(86, 'cashondelivery', NULL, 96, '2019-09-16 17:22:08', '2019-09-16 17:22:08'),
	(87, 'cashondelivery', NULL, 97, '2019-09-16 17:23:21', '2019-09-16 17:23:21'),
	(88, 'moneytransfer', NULL, 103, '2019-09-16 18:14:52', '2019-09-16 18:14:52'),
	(89, 'paypal_standard', NULL, 106, '2019-09-16 18:19:50', '2019-09-16 18:19:50'),
	(118, 'cashondelivery', NULL, 107, '2019-09-16 19:23:01', '2019-09-16 19:23:01'),
	(134, 'moneytransfer', NULL, 109, '2019-09-16 21:03:46', '2019-09-16 21:03:46'),
	(140, 'moneytransfer', NULL, 113, '2019-09-16 22:18:16', '2019-09-16 22:18:16'),
	(144, 'moneytransfer', NULL, 114, '2019-09-19 20:48:41', '2019-09-19 20:48:41'),
	(145, 'moneytransfer', NULL, 134, '2019-09-20 15:34:49', '2019-09-20 15:34:49'),
	(146, 'moneytransfer', NULL, 135, '2019-09-20 15:45:44', '2019-09-20 15:45:44'),
	(147, 'moneytransfer', NULL, 136, '2019-09-20 16:32:30', '2019-09-20 16:32:30'),
	(148, 'moneytransfer', NULL, 143, '2019-09-20 17:06:58', '2019-09-20 17:06:58'),
	(152, 'moneytransfer', NULL, 145, '2019-09-20 19:33:30', '2019-09-20 19:33:30'),
	(153, 'moneytransfer', NULL, 147, '2019-09-20 21:09:09', '2019-09-20 21:09:09'),
	(154, 'moneytransfer', NULL, 149, '2019-09-23 15:26:28', '2019-09-23 15:26:28'),
	(157, 'moneytransfer', NULL, 178, '2019-09-24 13:25:42', '2019-09-24 13:25:42'),
	(158, 'moneytransfer', NULL, 179, '2019-09-24 13:44:09', '2019-09-24 13:44:09'),
	(159, 'moneytransfer', NULL, 184, '2019-09-24 15:28:40', '2019-09-24 15:28:40'),
	(164, 'moneytransfer', NULL, 195, '2019-10-03 20:25:56', '2019-10-03 20:25:56');
/*!40000 ALTER TABLE `cart_payment` ENABLE KEYS */;

-- Дамп структуры для таблица blue_bird_cafe.cart_rules
CREATE TABLE IF NOT EXISTS `cart_rules` (
  `id` int(10) unsigned NOT NULL AUTO_INCREMENT,
  `name` varchar(191) COLLATE utf8mb4_unicode_ci DEFAULT NULL,
  `description` varchar(191) COLLATE utf8mb4_unicode_ci DEFAULT NULL,
  `starts_from` datetime DEFAULT NULL,
  `ends_till` datetime DEFAULT NULL,
  `status` tinyint(1) NOT NULL DEFAULT 0,
  `per_customer` int(10) unsigned NOT NULL DEFAULT 0,
  `use_coupon` tinyint(1) NOT NULL DEFAULT 0,
  `usage_limit` int(10) unsigned NOT NULL DEFAULT 0,
  `conditions` longtext CHARACTER SET utf8mb4 COLLATE utf8mb4_bin DEFAULT NULL,
  `actions` longtext CHARACTER SET utf8mb4 COLLATE utf8mb4_bin DEFAULT NULL,
  `end_other_rules` tinyint(1) NOT NULL DEFAULT 0,
  `priority` int(10) unsigned NOT NULL DEFAULT 0,
  `uses_attribute_conditions` tinyint(1) NOT NULL DEFAULT 0,
  `product_ids` longtext COLLATE utf8mb4_unicode_ci DEFAULT NULL,
  `sort_order` int(10) unsigned NOT NULL DEFAULT 0,
  `action_type` varchar(191) COLLATE utf8mb4_unicode_ci DEFAULT NULL,
  `disc_amount` decimal(12,4) NOT NULL DEFAULT 0.0000,
  `disc_quantity` decimal(12,4) NOT NULL DEFAULT 1.0000,
  `disc_threshold` varchar(191) COLLATE utf8mb4_unicode_ci NOT NULL DEFAULT '1',
  `coupon_type` int(11) NOT NULL DEFAULT 1,
  `auto_generation` tinyint(1) NOT NULL DEFAULT 0,
  `apply_to_shipping` tinyint(1) NOT NULL DEFAULT 0,
  `free_shipping` tinyint(1) NOT NULL DEFAULT 0,
  `created_at` timestamp NULL DEFAULT NULL,
  `updated_at` timestamp NULL DEFAULT NULL,
  `products_selection` longtext CHARACTER SET utf8mb4 COLLATE utf8mb4_bin DEFAULT NULL,
  PRIMARY KEY (`id`)
) ENGINE=InnoDB AUTO_INCREMENT=2 DEFAULT CHARSET=utf8mb4 COLLATE=utf8mb4_unicode_ci ROW_FORMAT=DYNAMIC;

-- Дамп данных таблицы blue_bird_cafe.cart_rules: ~1 rows (приблизительно)
/*!40000 ALTER TABLE `cart_rules` DISABLE KEYS */;
REPLACE INTO `cart_rules` (`id`, `name`, `description`, `starts_from`, `ends_till`, `status`, `per_customer`, `use_coupon`, `usage_limit`, `conditions`, `actions`, `end_other_rules`, `priority`, `uses_attribute_conditions`, `product_ids`, `sort_order`, `action_type`, `disc_amount`, `disc_quantity`, `disc_threshold`, `coupon_type`, `auto_generation`, `apply_to_shipping`, `free_shipping`, `created_at`, `updated_at`, `products_selection`) VALUES
	(1, 'Test', '', NULL, NULL, 1, 0, 1, 0, NULL, '{"action_type":"percent_of_product","disc_amount":"15","disc_quantity":"5"}', 0, 1, 0, NULL, 0, 'percent_of_product', 15.0000, 5.0000, '1', 1, 0, 0, 0, '2019-08-29 18:12:01', '2019-08-29 18:12:01', NULL);
/*!40000 ALTER TABLE `cart_rules` ENABLE KEYS */;

-- Дамп структуры для таблица blue_bird_cafe.cart_rule_cart
CREATE TABLE IF NOT EXISTS `cart_rule_cart` (
  `id` int(10) unsigned NOT NULL AUTO_INCREMENT,
  `cart_rule_id` int(10) unsigned DEFAULT NULL,
  `cart_id` int(10) unsigned DEFAULT NULL,
  `created_at` timestamp NULL DEFAULT NULL,
  `updated_at` timestamp NULL DEFAULT NULL,
  PRIMARY KEY (`id`),
  KEY `cart_rule_cart_cart_rule_id_foreign` (`cart_rule_id`),
  KEY `cart_rule_cart_cart_id_foreign` (`cart_id`),
  CONSTRAINT `cart_rule_cart_cart_id_foreign` FOREIGN KEY (`cart_id`) REFERENCES `cart` (`id`) ON DELETE CASCADE,
  CONSTRAINT `cart_rule_cart_cart_rule_id_foreign` FOREIGN KEY (`cart_rule_id`) REFERENCES `cart_rules` (`id`) ON DELETE CASCADE
) ENGINE=InnoDB AUTO_INCREMENT=4 DEFAULT CHARSET=utf8mb4 COLLATE=utf8mb4_unicode_ci ROW_FORMAT=DYNAMIC;

-- Дамп данных таблицы blue_bird_cafe.cart_rule_cart: ~2 rows (приблизительно)
/*!40000 ALTER TABLE `cart_rule_cart` DISABLE KEYS */;
REPLACE INTO `cart_rule_cart` (`id`, `cart_rule_id`, `cart_id`, `created_at`, `updated_at`) VALUES
	(1, 1, 15, '2019-08-29 18:12:19', '2019-08-29 18:12:19'),
	(2, 1, 16, '2019-08-29 18:40:54', '2019-08-29 18:40:54');
/*!40000 ALTER TABLE `cart_rule_cart` ENABLE KEYS */;

-- Дамп структуры для таблица blue_bird_cafe.cart_rule_channels
CREATE TABLE IF NOT EXISTS `cart_rule_channels` (
  `id` int(10) unsigned NOT NULL AUTO_INCREMENT,
  `cart_rule_id` int(10) unsigned NOT NULL,
  `channel_id` int(10) unsigned NOT NULL,
  `created_at` timestamp NULL DEFAULT NULL,
  `updated_at` timestamp NULL DEFAULT NULL,
  PRIMARY KEY (`id`),
  KEY `cart_rule_channels_cart_rule_id_foreign` (`cart_rule_id`),
  KEY `cart_rule_channels_channel_id_foreign` (`channel_id`),
  CONSTRAINT `cart_rule_channels_cart_rule_id_foreign` FOREIGN KEY (`cart_rule_id`) REFERENCES `cart_rules` (`id`) ON DELETE CASCADE,
  CONSTRAINT `cart_rule_channels_channel_id_foreign` FOREIGN KEY (`channel_id`) REFERENCES `channels` (`id`) ON DELETE CASCADE
) ENGINE=InnoDB AUTO_INCREMENT=2 DEFAULT CHARSET=utf8mb4 COLLATE=utf8mb4_unicode_ci ROW_FORMAT=DYNAMIC;

-- Дамп данных таблицы blue_bird_cafe.cart_rule_channels: ~1 rows (приблизительно)
/*!40000 ALTER TABLE `cart_rule_channels` DISABLE KEYS */;
REPLACE INTO `cart_rule_channels` (`id`, `cart_rule_id`, `channel_id`, `created_at`, `updated_at`) VALUES
	(1, 1, 1, '2019-08-29 18:12:01', '2019-08-29 18:12:01');
/*!40000 ALTER TABLE `cart_rule_channels` ENABLE KEYS */;

-- Дамп структуры для таблица blue_bird_cafe.cart_rule_coupons
CREATE TABLE IF NOT EXISTS `cart_rule_coupons` (
  `id` int(10) unsigned NOT NULL AUTO_INCREMENT,
  `cart_rule_id` int(10) unsigned NOT NULL,
  `prefix` varchar(191) COLLATE utf8mb4_unicode_ci DEFAULT NULL,
  `suffix` varchar(191) COLLATE utf8mb4_unicode_ci DEFAULT NULL,
  `code` varchar(191) COLLATE utf8mb4_unicode_ci DEFAULT NULL,
  `usage_limit` int(10) unsigned NOT NULL DEFAULT 0,
  `usage_per_customer` int(10) unsigned NOT NULL DEFAULT 0,
  `usage_throttle` int(10) unsigned NOT NULL DEFAULT 0,
  `type` int(10) unsigned NOT NULL DEFAULT 0,
  `created_at` timestamp NULL DEFAULT NULL,
  `updated_at` timestamp NULL DEFAULT NULL,
  PRIMARY KEY (`id`),
  KEY `cart_rule_coupons_cart_rule_id_foreign` (`cart_rule_id`),
  CONSTRAINT `cart_rule_coupons_cart_rule_id_foreign` FOREIGN KEY (`cart_rule_id`) REFERENCES `cart_rules` (`id`) ON DELETE CASCADE
) ENGINE=InnoDB AUTO_INCREMENT=2 DEFAULT CHARSET=utf8mb4 COLLATE=utf8mb4_unicode_ci ROW_FORMAT=DYNAMIC;

-- Дамп данных таблицы blue_bird_cafe.cart_rule_coupons: ~0 rows (приблизительно)
/*!40000 ALTER TABLE `cart_rule_coupons` DISABLE KEYS */;
REPLACE INTO `cart_rule_coupons` (`id`, `cart_rule_id`, `prefix`, `suffix`, `code`, `usage_limit`, `usage_per_customer`, `usage_throttle`, `type`, `created_at`, `updated_at`) VALUES
	(1, 1, NULL, NULL, '322', 0, 0, 0, 0, '2019-08-29 18:12:01', '2019-08-29 18:12:01');
/*!40000 ALTER TABLE `cart_rule_coupons` ENABLE KEYS */;

-- Дамп структуры для таблица blue_bird_cafe.cart_rule_coupons_usage
CREATE TABLE IF NOT EXISTS `cart_rule_coupons_usage` (
  `id` int(10) unsigned NOT NULL AUTO_INCREMENT,
  `coupon_id` int(10) unsigned NOT NULL,
  `channel_id` int(10) unsigned NOT NULL,
  `customer_id` int(10) unsigned NOT NULL,
  `usage` bigint(20) unsigned NOT NULL DEFAULT 0,
  `expired_on` date NOT NULL,
  `created_at` timestamp NULL DEFAULT NULL,
  `updated_at` timestamp NULL DEFAULT NULL,
  PRIMARY KEY (`id`),
  KEY `cart_rule_coupons_usage_coupon_id_foreign` (`coupon_id`),
  KEY `cart_rule_coupons_usage_channel_id_foreign` (`channel_id`),
  KEY `cart_rule_coupons_usage_customer_id_foreign` (`customer_id`),
  CONSTRAINT `cart_rule_coupons_usage_channel_id_foreign` FOREIGN KEY (`channel_id`) REFERENCES `channels` (`id`) ON DELETE CASCADE,
  CONSTRAINT `cart_rule_coupons_usage_coupon_id_foreign` FOREIGN KEY (`coupon_id`) REFERENCES `cart_rules` (`id`) ON DELETE CASCADE,
  CONSTRAINT `cart_rule_coupons_usage_customer_id_foreign` FOREIGN KEY (`customer_id`) REFERENCES `customers` (`id`) ON DELETE CASCADE
) ENGINE=InnoDB DEFAULT CHARSET=utf8mb4 COLLATE=utf8mb4_unicode_ci ROW_FORMAT=DYNAMIC;

-- Дамп данных таблицы blue_bird_cafe.cart_rule_coupons_usage: ~0 rows (приблизительно)
/*!40000 ALTER TABLE `cart_rule_coupons_usage` DISABLE KEYS */;
/*!40000 ALTER TABLE `cart_rule_coupons_usage` ENABLE KEYS */;

-- Дамп структуры для таблица blue_bird_cafe.cart_rule_customers
CREATE TABLE IF NOT EXISTS `cart_rule_customers` (
  `id` int(10) unsigned NOT NULL AUTO_INCREMENT,
  `cart_rule_id` int(10) unsigned NOT NULL,
  `customer_id` int(10) unsigned NOT NULL,
  `usage_throttle` bigint(20) unsigned NOT NULL DEFAULT 0,
  `created_at` timestamp NULL DEFAULT NULL,
  `updated_at` timestamp NULL DEFAULT NULL,
  PRIMARY KEY (`id`),
  KEY `cart_rule_customers_cart_rule_id_foreign` (`cart_rule_id`),
  KEY `cart_rule_customers_customer_id_foreign` (`customer_id`),
  CONSTRAINT `cart_rule_customers_cart_rule_id_foreign` FOREIGN KEY (`cart_rule_id`) REFERENCES `cart_rules` (`id`) ON DELETE CASCADE,
  CONSTRAINT `cart_rule_customers_customer_id_foreign` FOREIGN KEY (`customer_id`) REFERENCES `customers` (`id`) ON DELETE CASCADE
) ENGINE=InnoDB DEFAULT CHARSET=utf8mb4 COLLATE=utf8mb4_unicode_ci ROW_FORMAT=DYNAMIC;

-- Дамп данных таблицы blue_bird_cafe.cart_rule_customers: ~0 rows (приблизительно)
/*!40000 ALTER TABLE `cart_rule_customers` DISABLE KEYS */;
/*!40000 ALTER TABLE `cart_rule_customers` ENABLE KEYS */;

-- Дамп структуры для таблица blue_bird_cafe.cart_rule_customer_groups
CREATE TABLE IF NOT EXISTS `cart_rule_customer_groups` (
  `id` int(10) unsigned NOT NULL AUTO_INCREMENT,
  `cart_rule_id` int(10) unsigned NOT NULL,
  `customer_group_id` int(10) unsigned NOT NULL,
  `created_at` timestamp NULL DEFAULT NULL,
  `updated_at` timestamp NULL DEFAULT NULL,
  PRIMARY KEY (`id`),
  KEY `cart_rule_customer_groups_cart_rule_id_foreign` (`cart_rule_id`),
  KEY `cart_rule_customer_groups_customer_group_id_foreign` (`customer_group_id`),
  CONSTRAINT `cart_rule_customer_groups_cart_rule_id_foreign` FOREIGN KEY (`cart_rule_id`) REFERENCES `cart_rules` (`id`) ON DELETE CASCADE,
  CONSTRAINT `cart_rule_customer_groups_customer_group_id_foreign` FOREIGN KEY (`customer_group_id`) REFERENCES `customer_groups` (`id`) ON DELETE CASCADE
) ENGINE=InnoDB AUTO_INCREMENT=4 DEFAULT CHARSET=utf8mb4 COLLATE=utf8mb4_unicode_ci ROW_FORMAT=DYNAMIC;

-- Дамп данных таблицы blue_bird_cafe.cart_rule_customer_groups: ~2 rows (приблизительно)
/*!40000 ALTER TABLE `cart_rule_customer_groups` DISABLE KEYS */;
REPLACE INTO `cart_rule_customer_groups` (`id`, `cart_rule_id`, `customer_group_id`, `created_at`, `updated_at`) VALUES
	(1, 1, 1, '2019-08-29 18:12:01', '2019-08-29 18:12:01'),
	(2, 1, 2, '2019-08-29 18:12:01', '2019-08-29 18:12:01'),
	(3, 1, 3, '2019-08-29 18:12:01', '2019-08-29 18:12:01');
/*!40000 ALTER TABLE `cart_rule_customer_groups` ENABLE KEYS */;

-- Дамп структуры для таблица blue_bird_cafe.cart_rule_labels
CREATE TABLE IF NOT EXISTS `cart_rule_labels` (
  `id` int(10) unsigned NOT NULL AUTO_INCREMENT,
  `channel_id` int(10) unsigned DEFAULT NULL,
  `locale_id` int(10) unsigned DEFAULT NULL,
  `cart_rule_id` int(10) unsigned DEFAULT NULL,
  `label` text COLLATE utf8mb4_unicode_ci DEFAULT NULL,
  `created_at` timestamp NULL DEFAULT NULL,
  `updated_at` timestamp NULL DEFAULT NULL,
  PRIMARY KEY (`id`),
  KEY `cart_rule_labels_channel_id_foreign` (`channel_id`),
  KEY `cart_rule_labels_locale_id_foreign` (`locale_id`),
  KEY `cart_rule_labels_cart_rule_id_foreign` (`cart_rule_id`),
  CONSTRAINT `cart_rule_labels_cart_rule_id_foreign` FOREIGN KEY (`cart_rule_id`) REFERENCES `cart_rules` (`id`) ON DELETE CASCADE,
  CONSTRAINT `cart_rule_labels_channel_id_foreign` FOREIGN KEY (`channel_id`) REFERENCES `channels` (`id`) ON DELETE CASCADE,
  CONSTRAINT `cart_rule_labels_locale_id_foreign` FOREIGN KEY (`locale_id`) REFERENCES `locales` (`id`) ON DELETE CASCADE
) ENGINE=InnoDB AUTO_INCREMENT=2 DEFAULT CHARSET=utf8mb4 COLLATE=utf8mb4_unicode_ci ROW_FORMAT=DYNAMIC;

-- Дамп данных таблицы blue_bird_cafe.cart_rule_labels: ~1 rows (приблизительно)
/*!40000 ALTER TABLE `cart_rule_labels` DISABLE KEYS */;
REPLACE INTO `cart_rule_labels` (`id`, `channel_id`, `locale_id`, `cart_rule_id`, `label`, `created_at`, `updated_at`) VALUES
	(1, 1, 1, 1, '', '2019-08-29 18:12:01', '2019-08-29 18:12:01');
/*!40000 ALTER TABLE `cart_rule_labels` ENABLE KEYS */;

-- Дамп структуры для таблица blue_bird_cafe.cart_shipping_rates
CREATE TABLE IF NOT EXISTS `cart_shipping_rates` (
  `id` int(10) unsigned NOT NULL AUTO_INCREMENT,
  `carrier` varchar(191) COLLATE utf8mb4_unicode_ci NOT NULL,
  `carrier_title` varchar(191) COLLATE utf8mb4_unicode_ci NOT NULL,
  `method` varchar(191) COLLATE utf8mb4_unicode_ci NOT NULL,
  `method_title` varchar(191) COLLATE utf8mb4_unicode_ci NOT NULL,
  `method_description` varchar(191) COLLATE utf8mb4_unicode_ci DEFAULT NULL,
  `price` double DEFAULT 0,
  `base_price` double DEFAULT 0,
  `cart_address_id` int(10) unsigned DEFAULT NULL,
  `created_at` timestamp NULL DEFAULT NULL,
  `updated_at` timestamp NULL DEFAULT NULL,
  PRIMARY KEY (`id`),
  KEY `cart_shipping_rates_cart_address_id_foreign` (`cart_address_id`),
  CONSTRAINT `cart_shipping_rates_cart_address_id_foreign` FOREIGN KEY (`cart_address_id`) REFERENCES `cart_address` (`id`) ON DELETE CASCADE
) ENGINE=InnoDB AUTO_INCREMENT=411 DEFAULT CHARSET=utf8mb4 COLLATE=utf8mb4_unicode_ci ROW_FORMAT=DYNAMIC;

-- Дамп данных таблицы blue_bird_cafe.cart_shipping_rates: ~93 rows (приблизительно)
/*!40000 ALTER TABLE `cart_shipping_rates` DISABLE KEYS */;
REPLACE INTO `cart_shipping_rates` (`id`, `carrier`, `carrier_title`, `method`, `method_title`, `method_description`, `price`, `base_price`, `cart_address_id`, `created_at`, `updated_at`) VALUES
	(1, 'flatrate', 'Flat Rate', 'flatrate_flatrate', 'Flat Rate', 'This is a flat rate', 10, 10, 2, '2019-08-21 14:16:24', '2019-08-21 14:16:24'),
	(2, 'free', 'Free Shipping', 'free_free', 'Free Shipping', 'This is a free shipping', 0, 0, 2, '2019-08-21 14:16:24', '2019-08-21 14:16:24'),
	(3, 'flatrate', 'Flat Rate', 'flatrate_flatrate', 'Flat Rate', 'This is a flat rate', 10, 10, 4, '2019-08-23 17:02:03', '2019-08-23 17:02:03'),
	(4, 'free', 'Free Shipping', 'free_free', 'Free Shipping', 'This is a free shipping', 0, 0, 4, '2019-08-23 17:02:03', '2019-08-23 17:02:03'),
	(9, 'flatrate', 'Flat Rate', 'flatrate_flatrate', 'Flat Rate', 'This is a flat rate', 10, 10, 6, '2019-08-27 17:27:58', '2019-08-27 17:27:58'),
	(10, 'free', 'Free Shipping', 'free_free', 'Free Shipping', 'This is a free shipping', 0, 0, 6, '2019-08-27 17:27:58', '2019-08-27 17:27:58'),
	(13, 'flatrate', 'Flat Rate', 'flatrate_flatrate', 'Flat Rate', 'This is a flat rate', 10, 10, 8, '2019-08-27 17:30:17', '2019-08-27 17:30:17'),
	(14, 'free', 'Free Shipping', 'free_free', 'Free Shipping', 'This is a free shipping', 0, 0, 8, '2019-08-27 17:30:17', '2019-08-27 17:30:17'),
	(15, 'flatrate', 'Flat Rate', 'flatrate_flatrate', 'Flat Rate', 'This is a flat rate', 10, 10, 10, '2019-08-27 17:31:02', '2019-08-27 17:31:02'),
	(16, 'free', 'Free Shipping', 'free_free', 'Free Shipping', 'This is a free shipping', 0, 0, 10, '2019-08-27 17:31:02', '2019-08-27 17:31:02'),
	(23, 'flatrate', 'Flat Rate', 'flatrate_flatrate', 'Flat Rate', 'This is a flat rate', 10, 10, 12, '2019-08-27 17:40:44', '2019-08-27 17:40:44'),
	(24, 'free', 'Free Shipping', 'free_free', 'Free Shipping', 'This is a free shipping', 0, 0, 12, '2019-08-27 17:40:44', '2019-08-27 17:40:44'),
	(25, 'flatrate', 'Flat Rate', 'flatrate_flatrate', 'Flat Rate', 'This is a flat rate', 10, 10, 14, '2019-08-27 17:43:43', '2019-08-27 17:43:43'),
	(26, 'free', 'Free Shipping', 'free_free', 'Free Shipping', 'This is a free shipping', 0, 0, 14, '2019-08-27 17:43:43', '2019-08-27 17:43:43'),
	(27, 'flatrate', 'Flat Rate', 'flatrate_flatrate', 'Flat Rate', 'This is a flat rate', 10, 10, 16, '2019-08-27 17:47:18', '2019-08-27 17:47:18'),
	(28, 'free', 'Free Shipping', 'free_free', 'Free Shipping', 'This is a free shipping', 0, 0, 16, '2019-08-27 17:47:18', '2019-08-27 17:47:18'),
	(29, 'flatrate', 'Flat Rate', 'flatrate_flatrate', 'Flat Rate', 'This is a flat rate', 10, 10, 18, '2019-08-27 17:50:00', '2019-08-27 17:50:00'),
	(30, 'free', 'Free Shipping', 'free_free', 'Free Shipping', 'This is a free shipping', 0, 0, 18, '2019-08-27 17:50:00', '2019-08-27 17:50:00'),
	(31, 'flatrate', 'Flat Rate', 'flatrate_flatrate', 'Flat Rate', 'This is a flat rate', 10, 10, 20, '2019-08-29 18:12:07', '2019-08-29 18:12:07'),
	(32, 'free', 'Free Shipping', 'free_free', 'Free Shipping', 'This is a free shipping', 0, 0, 20, '2019-08-29 18:12:07', '2019-08-29 18:12:07'),
	(33, 'flatrate', 'Flat Rate', 'flatrate_flatrate', 'Flat Rate', 'This is a flat rate', 10, 10, 22, '2019-08-29 18:40:44', '2019-08-29 18:40:44'),
	(34, 'free', 'Free Shipping', 'free_free', 'Free Shipping', 'This is a free shipping', 0, 0, 22, '2019-08-29 18:40:44', '2019-08-29 18:40:44'),
	(35, 'flatrate', 'Flat Rate', 'flatrate_flatrate', 'Flat Rate', 'This is a flat rate', 10, 10, 24, '2019-08-29 19:43:25', '2019-08-29 19:43:25'),
	(36, 'free', 'Free Shipping', 'free_free', 'Free Shipping', 'This is a free shipping', 0, 0, 24, '2019-08-29 19:43:25', '2019-08-29 19:43:25'),
	(41, 'flatrate', 'Flat Rate', 'flatrate_flatrate', 'Flat Rate', 'This is a flat rate', 70, 70, 26, '2019-08-30 16:40:32', '2019-08-30 16:40:32'),
	(42, 'free', 'Free Shipping', 'free_free', 'Free Shipping', 'This is a free shipping', 0, 0, 26, '2019-08-30 16:40:32', '2019-08-30 16:40:32'),
	(43, 'flatrate', 'Flat Rate', 'flatrate_flatrate', 'Flat Rate', 'This is a flat rate', 50, 10, 30, '2019-08-30 19:34:28', '2019-08-30 19:34:28'),
	(44, 'free', 'Free Shipping', 'free_free', 'Free Shipping', 'This is a free shipping', 0, 0, 30, '2019-08-30 19:34:28', '2019-08-30 19:34:28'),
	(45, 'flatrate', 'Flat Rate', 'flatrate_flatrate', 'Flat Rate', 'This is a flat rate', 50, 10, 32, '2019-08-30 19:35:58', '2019-08-30 19:35:58'),
	(46, 'free', 'Free Shipping', 'free_free', 'Free Shipping', 'This is a free shipping', 0, 0, 32, '2019-08-30 19:35:58', '2019-08-30 19:35:58'),
	(47, 'flatrate', 'Flat Rate', 'flatrate_flatrate', 'Flat Rate', 'This is a flat rate', 100, 20, 34, '2019-08-31 13:32:56', '2019-08-31 13:32:56'),
	(48, 'free', 'Free Shipping', 'free_free', 'Free Shipping', 'This is a free shipping', 0, 0, 34, '2019-08-31 13:32:56', '2019-08-31 13:32:56'),
	(49, 'flatrate', 'Flat Rate', 'flatrate_flatrate', 'Flat Rate', 'This is a flat rate', 20, 20, 36, '2019-08-31 14:26:32', '2019-08-31 14:26:32'),
	(50, 'free', 'Free Shipping', 'free_free', 'Free Shipping', 'This is a free shipping', 0, 0, 36, '2019-08-31 14:26:32', '2019-08-31 14:26:32'),
	(111, 'flatrate', 'Flat Rate', 'flatrate_flatrate', 'Flat Rate', 'This is a flat rate', 50, 10, 44, '2019-09-02 18:46:23', '2019-09-02 18:46:23'),
	(112, 'free', 'Free Shipping', 'free_free', 'Free Shipping', 'This is a free shipping', 0, 0, 44, '2019-09-02 18:46:23', '2019-09-02 18:46:23'),
	(119, 'flatrate', 'Flat Rate', 'flatrate_flatrate', 'Flat Rate', 'This is a flat rate', 50, 10, 48, '2019-09-02 19:16:06', '2019-09-02 19:16:06'),
	(120, 'free', 'Free Shipping', 'free_free', 'Free Shipping', 'This is a free shipping', 0, 0, 48, '2019-09-02 19:16:06', '2019-09-02 19:16:06'),
	(123, 'flatrate', 'Flat Rate', 'flatrate_flatrate', 'Flat Rate', 'This is a flat rate', 50, 10, 50, '2019-09-02 19:21:52', '2019-09-02 19:21:52'),
	(124, 'free', 'Free Shipping', 'free_free', 'Free Shipping', 'This is a free shipping', 0, 0, 50, '2019-09-02 19:21:52', '2019-09-02 19:21:52'),
	(125, 'flatrate', 'Flat Rate', 'flatrate_flatrate', 'Flat Rate', 'This is a flat rate', 50, 10, 52, '2019-09-02 20:05:07', '2019-09-02 20:05:07'),
	(126, 'free', 'Free Shipping', 'free_free', 'Free Shipping', 'This is a free shipping', 0, 0, 52, '2019-09-02 20:05:07', '2019-09-02 20:05:07'),
	(131, 'flatrate', 'Flat Rate', 'flatrate_flatrate', 'Flat Rate', 'This is a flat rate', 50, 10, 54, '2019-09-02 20:18:20', '2019-09-02 20:18:20'),
	(132, 'free', 'Free Shipping', 'free_free', 'Free Shipping', 'This is a free shipping', 0, 0, 54, '2019-09-02 20:18:20', '2019-09-02 20:18:20'),
	(133, 'flatrate', 'Flat Rate', 'flatrate_flatrate', 'Flat Rate', 'This is a flat rate', 50, 10, 56, '2019-09-02 20:20:03', '2019-09-02 20:20:03'),
	(134, 'free', 'Free Shipping', 'free_free', 'Free Shipping', 'This is a free shipping', 0, 0, 56, '2019-09-02 20:20:03', '2019-09-02 20:20:03'),
	(135, 'flatrate', 'Flat Rate', 'flatrate_flatrate', 'Flat Rate', 'This is a flat rate', 50, 10, 58, '2019-09-02 20:23:55', '2019-09-02 20:23:55'),
	(136, 'free', 'Free Shipping', 'free_free', 'Free Shipping', 'This is a free shipping', 0, 0, 58, '2019-09-02 20:23:55', '2019-09-02 20:23:55'),
	(137, 'flatrate', 'Flat Rate', 'flatrate_flatrate', 'Flat Rate', 'This is a flat rate', 50, 10, 60, '2019-09-02 20:27:59', '2019-09-02 20:27:59'),
	(138, 'free', 'Free Shipping', 'free_free', 'Free Shipping', 'This is a free shipping', 0, 0, 60, '2019-09-02 20:27:59', '2019-09-02 20:27:59'),
	(141, 'flatrate', 'Flat Rate', 'flatrate_flatrate', 'Flat Rate', 'This is a flat rate', 50, 10, 64, '2019-09-03 14:17:50', '2019-09-03 14:17:50'),
	(142, 'free', 'Free Shipping', 'free_free', 'Free Shipping', 'This is a free shipping', 0, 0, 64, '2019-09-03 14:17:50', '2019-09-03 14:17:50'),
	(143, 'flatrate', 'Flat Rate', 'flatrate_flatrate', 'Flat Rate', 'This is a flat rate', 100, 20, 66, '2019-09-04 14:15:46', '2019-09-04 14:15:46'),
	(144, 'free', 'Free Shipping', 'free_free', 'Free Shipping', 'This is a free shipping', 0, 0, 66, '2019-09-04 14:15:46', '2019-09-04 14:15:46'),
	(145, 'flatrate', 'Flat Rate', 'flatrate_flatrate', 'Flat Rate', 'This is a flat rate', 50, 10, 68, '2019-09-04 14:44:22', '2019-09-04 14:44:22'),
	(146, 'free', 'Free Shipping', 'free_free', 'Free Shipping', 'This is a free shipping', 0, 0, 68, '2019-09-04 14:44:22', '2019-09-04 14:44:22'),
	(165, 'flatrate', 'Flat Rate', 'flatrate_flatrate', 'Flat Rate', 'This is a flat rate', 80, 80, 74, '2019-09-16 17:04:20', '2019-09-16 17:04:20'),
	(166, 'free', 'Free Shipping', 'free_free', 'Free Shipping', 'This is a free shipping', 0, 0, 74, '2019-09-16 17:04:20', '2019-09-16 17:04:20'),
	(167, 'flatrate', 'Flat Rate', 'flatrate_flatrate', 'Flat Rate', 'This is a flat rate', 20, 20, 76, '2019-09-16 17:09:22', '2019-09-16 17:09:22'),
	(168, 'free', 'Free Shipping', 'free_free', 'Free Shipping', 'This is a free shipping', 0, 0, 76, '2019-09-16 17:09:22', '2019-09-16 17:09:22'),
	(169, 'flatrate', 'Flat Rate', 'flatrate_flatrate', 'Flat Rate', 'This is a flat rate', 10, 10, 78, '2019-09-16 17:12:16', '2019-09-16 17:12:16'),
	(170, 'free', 'Free Shipping', 'free_free', 'Free Shipping', 'This is a free shipping', 0, 0, 78, '2019-09-16 17:12:16', '2019-09-16 17:12:16'),
	(171, 'flatrate', 'Flat Rate', 'flatrate_flatrate', 'Flat Rate', 'This is a flat rate', 10, 10, 80, '2019-09-16 17:13:52', '2019-09-16 17:13:52'),
	(172, 'free', 'Free Shipping', 'free_free', 'Free Shipping', 'This is a free shipping', 0, 0, 80, '2019-09-16 17:13:52', '2019-09-16 17:13:52'),
	(173, 'flatrate', 'Flat Rate', 'flatrate_flatrate', 'Flat Rate', 'This is a flat rate', 10, 10, 82, '2019-09-16 17:17:47', '2019-09-16 17:17:47'),
	(174, 'free', 'Free Shipping', 'free_free', 'Free Shipping', 'This is a free shipping', 0, 0, 82, '2019-09-16 17:17:47', '2019-09-16 17:17:47'),
	(175, 'flatrate', 'Flat Rate', 'flatrate_flatrate', 'Flat Rate', 'This is a flat rate', 10, 10, 84, '2019-09-16 17:19:42', '2019-09-16 17:19:42'),
	(176, 'free', 'Free Shipping', 'free_free', 'Free Shipping', 'This is a free shipping', 0, 0, 84, '2019-09-16 17:19:42', '2019-09-16 17:19:42'),
	(177, 'flatrate', 'Flat Rate', 'flatrate_flatrate', 'Flat Rate', 'This is a flat rate', 10, 10, 86, '2019-09-16 17:20:14', '2019-09-16 17:20:14'),
	(178, 'free', 'Free Shipping', 'free_free', 'Free Shipping', 'This is a free shipping', 0, 0, 86, '2019-09-16 17:20:14', '2019-09-16 17:20:14'),
	(179, 'flatrate', 'Flat Rate', 'flatrate_flatrate', 'Flat Rate', 'This is a flat rate', 10, 10, 88, '2019-09-16 17:22:04', '2019-09-16 17:22:04'),
	(180, 'free', 'Free Shipping', 'free_free', 'Free Shipping', 'This is a free shipping', 0, 0, 88, '2019-09-16 17:22:04', '2019-09-16 17:22:04'),
	(181, 'flatrate', 'Flat Rate', 'flatrate_flatrate', 'Flat Rate', 'This is a flat rate', 10, 10, 90, '2019-09-16 17:23:16', '2019-09-16 17:23:16'),
	(182, 'free', 'Free Shipping', 'free_free', 'Free Shipping', 'This is a free shipping', 0, 0, 90, '2019-09-16 17:23:16', '2019-09-16 17:23:16'),
	(183, 'flatrate', 'Flat Rate', 'flatrate_flatrate', 'Flat Rate', 'This is a flat rate', 10, 10, 92, '2019-09-16 18:14:42', '2019-09-16 18:14:42'),
	(184, 'free', 'Free Shipping', 'free_free', 'Free Shipping', 'This is a free shipping', 0, 0, 92, '2019-09-16 18:14:42', '2019-09-16 18:14:42'),
	(185, 'flatrate', 'Flat Rate', 'flatrate_flatrate', 'Flat Rate', 'This is a flat rate', 30, 30, 94, '2019-09-16 18:19:44', '2019-09-16 18:19:44'),
	(186, 'free', 'Free Shipping', 'free_free', 'Free Shipping', 'This is a free shipping', 0, 0, 94, '2019-09-16 18:19:44', '2019-09-16 18:19:44'),
	(241, 'flatrate', 'Flat Rate', 'flatrate_flatrate', 'Flat Rate', 'This is a flat rate', 50, 50, 96, '2019-09-16 19:22:58', '2019-09-16 19:22:58'),
	(242, 'free', 'Free Shipping', 'free_free', 'Free Shipping', 'This is a free shipping', 0, 0, 96, '2019-09-16 19:22:58', '2019-09-16 19:22:58'),
	(296, 'free', 'Free Shipping', 'free_free', 'Free Shipping', 'This is a free shipping', 0, 0, 98, '2019-09-16 21:03:40', '2019-09-16 21:03:40'),
	(352, 'free', 'Free Shipping', 'free_free', 'Free Shipping', 'This is a free shipping', 0, 0, 100, '2019-09-16 22:18:09', '2019-09-16 22:18:09'),
	(358, 'free', 'Free Shipping', 'free_free', 'Free Shipping', 'This is a free shipping', 0, 0, 102, '2019-09-19 20:48:34', '2019-09-19 20:48:34'),
	(360, 'free', 'Free Shipping', 'free_free', 'Free Shipping', 'This is a free shipping', 0, 0, 104, '2019-09-20 15:34:42', '2019-09-20 15:34:42'),
	(363, 'free', 'Free Shipping', 'free_free', 'Free Shipping', 'This is a free shipping', 0, 0, 106, '2019-09-20 15:45:36', '2019-09-20 15:45:36'),
	(364, 'free', 'Free Shipping', 'free_free', 'Free Shipping', 'This is a free shipping', 0, 0, 108, '2019-09-20 16:25:49', '2019-09-20 16:25:49'),
	(365, 'free', 'Free Shipping', 'free_free', 'Free Shipping', 'This is a free shipping', 0, 0, 110, '2019-09-20 17:06:42', '2019-09-20 17:06:42'),
	(372, 'free', 'Free Shipping', 'free_free', 'Free Shipping', 'This is a free shipping', 0, 0, 114, '2019-09-20 19:29:27', '2019-09-20 19:29:27'),
	(373, 'free', 'Free Shipping', 'free_free', 'Free Shipping', 'This is a free shipping', 0, 0, 116, '2019-09-20 21:09:04', '2019-09-20 21:09:04'),
	(374, 'free', 'Free Shipping', 'free_free', 'Free Shipping', 'This is a free shipping', 0, 0, 118, '2019-09-23 15:25:58', '2019-09-23 15:25:58'),
	(398, 'free', 'Free Shipping', 'free_free', 'Free Shipping', 'This is a free shipping', 0, 0, 126, '2019-09-24 13:24:33', '2019-09-24 13:24:33'),
	(399, 'free', 'Free Shipping', 'free_free', 'Free Shipping', 'This is a free shipping', 0, 0, 128, '2019-09-24 13:43:59', '2019-09-24 13:43:59'),
	(400, 'free', 'Free Shipping', 'free_free', 'Free Shipping', 'This is a free shipping', 0, 0, 130, '2019-09-24 15:08:51', '2019-09-24 15:08:51'),
	(401, 'free', 'Free Shipping', 'free_free', 'Free Shipping', 'This is a free shipping', 0, 0, 132, '2019-09-24 15:28:27', '2019-09-24 15:28:27'),
	(410, 'free', 'Free Shipping', 'free_free', 'Free Shipping', 'This is a free shipping', 0, 0, 134, '2019-10-03 20:25:52', '2019-10-03 20:25:52');
/*!40000 ALTER TABLE `cart_shipping_rates` ENABLE KEYS */;

-- Дамп структуры для таблица blue_bird_cafe.catalog_rules
CREATE TABLE IF NOT EXISTS `catalog_rules` (
  `id` int(10) unsigned NOT NULL AUTO_INCREMENT,
  `name` varchar(191) COLLATE utf8mb4_unicode_ci NOT NULL,
  `description` text COLLATE utf8mb4_unicode_ci NOT NULL,
  `starts_from` datetime DEFAULT NULL,
  `ends_till` datetime DEFAULT NULL,
  `status` tinyint(1) NOT NULL DEFAULT 0,
  `conditions` longtext CHARACTER SET utf8mb4 COLLATE utf8mb4_bin DEFAULT NULL,
  `actions` longtext CHARACTER SET utf8mb4 COLLATE utf8mb4_bin DEFAULT NULL,
  `end_other_rules` tinyint(1) NOT NULL DEFAULT 0,
  `action_code` varchar(191) COLLATE utf8mb4_unicode_ci DEFAULT NULL,
  `discount_amount` decimal(20,4) NOT NULL DEFAULT 0.0000,
  `created_at` timestamp NULL DEFAULT NULL,
  `updated_at` timestamp NULL DEFAULT NULL,
  PRIMARY KEY (`id`)
) ENGINE=InnoDB DEFAULT CHARSET=utf8mb4 COLLATE=utf8mb4_unicode_ci ROW_FORMAT=DYNAMIC;

-- Дамп данных таблицы blue_bird_cafe.catalog_rules: ~0 rows (приблизительно)
/*!40000 ALTER TABLE `catalog_rules` DISABLE KEYS */;
/*!40000 ALTER TABLE `catalog_rules` ENABLE KEYS */;

-- Дамп структуры для таблица blue_bird_cafe.catalog_rule_channels
CREATE TABLE IF NOT EXISTS `catalog_rule_channels` (
  `id` int(10) unsigned NOT NULL AUTO_INCREMENT,
  `channel_id` int(10) unsigned NOT NULL,
  `catalog_rule_id` int(10) unsigned NOT NULL,
  `created_at` timestamp NULL DEFAULT NULL,
  `updated_at` timestamp NULL DEFAULT NULL,
  PRIMARY KEY (`id`),
  KEY `catalog_rule_channels_channel_id_foreign` (`channel_id`),
  KEY `catalog_rule_channels_catalog_rule_id_foreign` (`catalog_rule_id`),
  CONSTRAINT `catalog_rule_channels_catalog_rule_id_foreign` FOREIGN KEY (`catalog_rule_id`) REFERENCES `catalog_rules` (`id`) ON DELETE CASCADE,
  CONSTRAINT `catalog_rule_channels_channel_id_foreign` FOREIGN KEY (`channel_id`) REFERENCES `channels` (`id`) ON DELETE CASCADE
) ENGINE=InnoDB DEFAULT CHARSET=utf8mb4 COLLATE=utf8mb4_unicode_ci ROW_FORMAT=DYNAMIC;

-- Дамп данных таблицы blue_bird_cafe.catalog_rule_channels: ~0 rows (приблизительно)
/*!40000 ALTER TABLE `catalog_rule_channels` DISABLE KEYS */;
/*!40000 ALTER TABLE `catalog_rule_channels` ENABLE KEYS */;

-- Дамп структуры для таблица blue_bird_cafe.catalog_rule_customer_groups
CREATE TABLE IF NOT EXISTS `catalog_rule_customer_groups` (
  `id` int(10) unsigned NOT NULL AUTO_INCREMENT,
  `customer_group_id` int(10) unsigned NOT NULL,
  `catalog_rule_id` int(10) unsigned NOT NULL,
  `created_at` timestamp NULL DEFAULT NULL,
  `updated_at` timestamp NULL DEFAULT NULL,
  PRIMARY KEY (`id`),
  KEY `catalog_rule_customer_groups_customer_group_id_foreign` (`customer_group_id`),
  KEY `catalog_rule_customer_groups_catalog_rule_id_foreign` (`catalog_rule_id`),
  CONSTRAINT `catalog_rule_customer_groups_catalog_rule_id_foreign` FOREIGN KEY (`catalog_rule_id`) REFERENCES `catalog_rules` (`id`) ON DELETE CASCADE,
  CONSTRAINT `catalog_rule_customer_groups_customer_group_id_foreign` FOREIGN KEY (`customer_group_id`) REFERENCES `customer_groups` (`id`) ON DELETE CASCADE
) ENGINE=InnoDB DEFAULT CHARSET=utf8mb4 COLLATE=utf8mb4_unicode_ci ROW_FORMAT=DYNAMIC;

-- Дамп данных таблицы blue_bird_cafe.catalog_rule_customer_groups: ~0 rows (приблизительно)
/*!40000 ALTER TABLE `catalog_rule_customer_groups` DISABLE KEYS */;
/*!40000 ALTER TABLE `catalog_rule_customer_groups` ENABLE KEYS */;

-- Дамп структуры для таблица blue_bird_cafe.catalog_rule_products
CREATE TABLE IF NOT EXISTS `catalog_rule_products` (
  `id` bigint(20) unsigned NOT NULL AUTO_INCREMENT,
  `catalog_rule_id` int(10) unsigned NOT NULL,
  `starts_from` datetime DEFAULT NULL,
  `ends_till` datetime DEFAULT NULL,
  `customer_group_id` int(10) unsigned NOT NULL,
  `channel_id` int(10) unsigned NOT NULL,
  `product_id` int(10) unsigned NOT NULL,
  `action_code` varchar(191) COLLATE utf8mb4_unicode_ci DEFAULT NULL,
  `action_amount` decimal(20,4) NOT NULL DEFAULT 0.0000,
  `created_at` timestamp NULL DEFAULT NULL,
  `updated_at` timestamp NULL DEFAULT NULL,
  PRIMARY KEY (`id`),
  KEY `catalog_rule_products_catalog_rule_id_foreign` (`catalog_rule_id`),
  KEY `catalog_rule_products_customer_group_id_foreign` (`customer_group_id`),
  KEY `catalog_rule_products_channel_id_foreign` (`channel_id`),
  KEY `catalog_rule_products_product_id_foreign` (`product_id`),
  CONSTRAINT `catalog_rule_products_catalog_rule_id_foreign` FOREIGN KEY (`catalog_rule_id`) REFERENCES `catalog_rules` (`id`) ON DELETE CASCADE,
  CONSTRAINT `catalog_rule_products_channel_id_foreign` FOREIGN KEY (`channel_id`) REFERENCES `channels` (`id`) ON DELETE CASCADE,
  CONSTRAINT `catalog_rule_products_customer_group_id_foreign` FOREIGN KEY (`customer_group_id`) REFERENCES `customer_groups` (`id`) ON DELETE CASCADE,
  CONSTRAINT `catalog_rule_products_product_id_foreign` FOREIGN KEY (`product_id`) REFERENCES `products` (`id`) ON DELETE CASCADE
) ENGINE=InnoDB DEFAULT CHARSET=utf8mb4 COLLATE=utf8mb4_unicode_ci ROW_FORMAT=DYNAMIC;

-- Дамп данных таблицы blue_bird_cafe.catalog_rule_products: ~0 rows (приблизительно)
/*!40000 ALTER TABLE `catalog_rule_products` DISABLE KEYS */;
/*!40000 ALTER TABLE `catalog_rule_products` ENABLE KEYS */;

-- Дамп структуры для таблица blue_bird_cafe.catalog_rule_products_price
CREATE TABLE IF NOT EXISTS `catalog_rule_products_price` (
  `id` bigint(20) unsigned NOT NULL AUTO_INCREMENT,
  `channel_id` int(10) unsigned NOT NULL,
  `customer_group_id` int(10) unsigned NOT NULL,
  `product_id` int(10) unsigned NOT NULL,
  `catalog_rule_id` int(10) unsigned NOT NULL,
  `rule_price` decimal(20,4) NOT NULL DEFAULT 0.0000,
  `starts_from` datetime DEFAULT NULL,
  `ends_till` datetime DEFAULT NULL,
  `created_at` timestamp NULL DEFAULT NULL,
  `updated_at` timestamp NULL DEFAULT NULL,
  PRIMARY KEY (`id`),
  KEY `catalog_rule_products_price_channel_id_foreign` (`channel_id`),
  KEY `catalog_rule_products_price_customer_group_id_foreign` (`customer_group_id`),
  KEY `catalog_rule_products_price_product_id_foreign` (`product_id`),
  KEY `catalog_rule_products_price_catalog_rule_id_foreign` (`catalog_rule_id`),
  CONSTRAINT `catalog_rule_products_price_catalog_rule_id_foreign` FOREIGN KEY (`catalog_rule_id`) REFERENCES `catalog_rules` (`id`) ON DELETE CASCADE,
  CONSTRAINT `catalog_rule_products_price_channel_id_foreign` FOREIGN KEY (`channel_id`) REFERENCES `channels` (`id`) ON DELETE CASCADE,
  CONSTRAINT `catalog_rule_products_price_customer_group_id_foreign` FOREIGN KEY (`customer_group_id`) REFERENCES `customer_groups` (`id`) ON DELETE CASCADE,
  CONSTRAINT `catalog_rule_products_price_product_id_foreign` FOREIGN KEY (`product_id`) REFERENCES `products` (`id`) ON DELETE CASCADE
) ENGINE=InnoDB DEFAULT CHARSET=utf8mb4 COLLATE=utf8mb4_unicode_ci ROW_FORMAT=DYNAMIC;

-- Дамп данных таблицы blue_bird_cafe.catalog_rule_products_price: ~0 rows (приблизительно)
/*!40000 ALTER TABLE `catalog_rule_products_price` DISABLE KEYS */;
/*!40000 ALTER TABLE `catalog_rule_products_price` ENABLE KEYS */;

-- Дамп структуры для таблица blue_bird_cafe.categories
CREATE TABLE IF NOT EXISTS `categories` (
  `id` int(10) unsigned NOT NULL AUTO_INCREMENT,
  `position` int(11) NOT NULL DEFAULT 0,
  `image` varchar(191) COLLATE utf8mb4_unicode_ci DEFAULT NULL,
  `status` tinyint(1) NOT NULL DEFAULT 0,
  `_lft` int(10) unsigned NOT NULL DEFAULT 0,
  `_rgt` int(10) unsigned NOT NULL DEFAULT 0,
  `parent_id` int(10) unsigned DEFAULT NULL,
  `created_at` timestamp NULL DEFAULT NULL,
  `updated_at` timestamp NULL DEFAULT NULL,
  `display_mode` varchar(191) COLLATE utf8mb4_unicode_ci DEFAULT 'products_and_description',
  PRIMARY KEY (`id`),
  KEY `categories__lft__rgt_parent_id_index` (`_lft`,`_rgt`,`parent_id`)
) ENGINE=InnoDB AUTO_INCREMENT=9 DEFAULT CHARSET=utf8mb4 COLLATE=utf8mb4_unicode_ci ROW_FORMAT=DYNAMIC;

-- Дамп данных таблицы blue_bird_cafe.categories: ~6 rows (приблизительно)
/*!40000 ALTER TABLE `categories` DISABLE KEYS */;
REPLACE INTO `categories` (`id`, `position`, `image`, `status`, `_lft`, `_rgt`, `parent_id`, `created_at`, `updated_at`, `display_mode`) VALUES
	(1, 1, NULL, 1, 1, 14, NULL, '2019-09-17 21:30:52', '2019-09-17 21:30:52', 'products_and_description'),
	(4, 1, NULL, 1, 15, 16, NULL, '2019-10-02 19:15:42', '2019-10-02 19:15:42', 'products_and_description'),
	(5, 1, NULL, 1, 17, 18, NULL, '2019-10-02 21:25:11', '2019-10-02 21:25:11', 'products_and_description'),
	(6, 1, NULL, 1, 19, 20, NULL, '2019-10-02 21:25:51', '2019-10-02 21:25:51', 'products_and_description'),
	(7, 2, NULL, 1, 21, 22, NULL, '2019-10-02 21:26:20', '2019-10-02 21:26:20', 'products_and_description'),
	(8, 3, NULL, 1, 23, 24, NULL, '2019-10-02 21:27:39', '2019-10-02 21:27:39', 'products_and_description');
/*!40000 ALTER TABLE `categories` ENABLE KEYS */;

-- Дамп структуры для таблица blue_bird_cafe.category_filterable_attributes
CREATE TABLE IF NOT EXISTS `category_filterable_attributes` (
  `category_id` int(10) unsigned NOT NULL,
  `attribute_id` int(10) unsigned NOT NULL,
  KEY `category_filterable_attributes_category_id_foreign` (`category_id`),
  KEY `category_filterable_attributes_attribute_id_foreign` (`attribute_id`),
  CONSTRAINT `category_filterable_attributes_attribute_id_foreign` FOREIGN KEY (`attribute_id`) REFERENCES `attributes` (`id`) ON DELETE CASCADE,
  CONSTRAINT `category_filterable_attributes_category_id_foreign` FOREIGN KEY (`category_id`) REFERENCES `categories` (`id`) ON DELETE CASCADE
) ENGINE=InnoDB DEFAULT CHARSET=utf8mb4 COLLATE=utf8mb4_unicode_ci ROW_FORMAT=DYNAMIC;

-- Дамп данных таблицы blue_bird_cafe.category_filterable_attributes: ~0 rows (приблизительно)
/*!40000 ALTER TABLE `category_filterable_attributes` DISABLE KEYS */;
/*!40000 ALTER TABLE `category_filterable_attributes` ENABLE KEYS */;

-- Дамп структуры для таблица blue_bird_cafe.category_translations
CREATE TABLE IF NOT EXISTS `category_translations` (
  `id` int(10) unsigned NOT NULL AUTO_INCREMENT,
  `name` text COLLATE utf8mb4_unicode_ci NOT NULL,
  `slug` varchar(191) COLLATE utf8mb4_unicode_ci NOT NULL,
  `description` text COLLATE utf8mb4_unicode_ci DEFAULT NULL,
  `meta_title` text COLLATE utf8mb4_unicode_ci DEFAULT NULL,
  `meta_description` text COLLATE utf8mb4_unicode_ci DEFAULT NULL,
  `meta_keywords` text COLLATE utf8mb4_unicode_ci DEFAULT NULL,
  `category_id` int(10) unsigned NOT NULL,
  `locale` varchar(191) COLLATE utf8mb4_unicode_ci NOT NULL,
  `locale_id` int(10) unsigned DEFAULT NULL,
  PRIMARY KEY (`id`),
  UNIQUE KEY `category_translations_category_id_slug_locale_unique` (`category_id`,`slug`,`locale`),
  KEY `category_translations_locale_id_foreign` (`locale_id`),
  CONSTRAINT `category_translations_category_id_foreign` FOREIGN KEY (`category_id`) REFERENCES `categories` (`id`) ON DELETE CASCADE,
  CONSTRAINT `category_translations_locale_id_foreign` FOREIGN KEY (`locale_id`) REFERENCES `locales` (`id`) ON DELETE CASCADE
) ENGINE=InnoDB AUTO_INCREMENT=15 DEFAULT CHARSET=utf8mb4 COLLATE=utf8mb4_unicode_ci ROW_FORMAT=DYNAMIC;

-- Дамп данных таблицы blue_bird_cafe.category_translations: ~11 rows (приблизительно)
/*!40000 ALTER TABLE `category_translations` DISABLE KEYS */;
REPLACE INTO `category_translations` (`id`, `name`, `slug`, `description`, `meta_title`, `meta_description`, `meta_keywords`, `category_id`, `locale`, `locale_id`) VALUES
	(1, 'Root', 'root', 'Root', '', '', '', 1, 'en', NULL),
	(5, 'Coffee', 'coffee', '<p>Coffee</p>', 'Coffee', 'Coffee', 'Coffee', 4, 'en', NULL),
	(6, 'Coffee', 'coffee', '<p>Coffee</p>', 'Coffee', 'Coffee', 'Coffee', 4, 'hu', NULL),
	(7, 'Coffee accessories', 'coffee-accessories', '<p><span style="color: #222222; font-family: \'Google Sans\', Roboto, RobotoDraft, Helvetica, Arial, sans-serif; letter-spacing: 0.4px; white-space: pre;">Coffee accessories</span></p>', '', '', '', 5, 'en', NULL),
	(8, 'Coffee accessories', 'coffee-accessories', '<p><span style="color: #222222; font-family: \'Google Sans\', Roboto, RobotoDraft, Helvetica, Arial, sans-serif; letter-spacing: 0.4px; white-space: pre;">Coffee accessories</span></p>', '', '', '', 5, 'hu', NULL),
	(9, 'Flavored', 'flavored', '<p><span style="color: #222222; font-family: \'Google Sans\', Roboto, RobotoDraft, Helvetica, Arial, sans-serif; letter-spacing: 0.4px; white-space: pre;">Flavored</span></p>', '', '', '', 6, 'en', NULL),
	(10, 'Flavored', 'flavored', '<p><span style="color: #222222; font-family: \'Google Sans\', Roboto, RobotoDraft, Helvetica, Arial, sans-serif; letter-spacing: 0.4px; white-space: pre;">Flavored</span></p>', '', '', '', 6, 'hu', NULL),
	(11, 'Coffee machines', 'coffee-machines', '<p><span style="color: #222222; font-family: \'Google Sans\', Roboto, RobotoDraft, Helvetica, Arial, sans-serif; letter-spacing: 0.4px; white-space: pre;">Coffee machines</span></p>', '', '', '', 7, 'en', NULL),
	(12, 'Coffee machines', 'coffee-machines', '<p><span style="color: #222222; font-family: \'Google Sans\', Roboto, RobotoDraft, Helvetica, Arial, sans-serif; letter-spacing: 0.4px; white-space: pre;">Coffee machines</span></p>', '', '', '', 7, 'hu', NULL),
	(13, 'Barista tools', 'barista-tools', '<p><span style="color: #222222; font-family: \'Google Sans\', Roboto, RobotoDraft, Helvetica, Arial, sans-serif; letter-spacing: 0.4px; white-space: pre;">Barista tools </span></p>', '', '', '', 8, 'en', NULL),
	(14, 'Barista tools', 'barista-tools', '<p><span style="color: #222222; font-family: \'Google Sans\', Roboto, RobotoDraft, Helvetica, Arial, sans-serif; letter-spacing: 0.4px; white-space: pre;">Barista tools </span></p>', '', '', '', 8, 'hu', NULL);
/*!40000 ALTER TABLE `category_translations` ENABLE KEYS */;

-- Дамп структуры для таблица blue_bird_cafe.channels
CREATE TABLE IF NOT EXISTS `channels` (
  `id` int(10) unsigned NOT NULL AUTO_INCREMENT,
  `code` varchar(191) COLLATE utf8mb4_unicode_ci NOT NULL,
  `name` varchar(191) COLLATE utf8mb4_unicode_ci NOT NULL,
  `description` text COLLATE utf8mb4_unicode_ci DEFAULT NULL,
  `timezone` varchar(191) COLLATE utf8mb4_unicode_ci DEFAULT NULL,
  `theme` varchar(191) COLLATE utf8mb4_unicode_ci DEFAULT NULL,
  `hostname` varchar(191) COLLATE utf8mb4_unicode_ci DEFAULT NULL,
  `logo` varchar(191) COLLATE utf8mb4_unicode_ci DEFAULT NULL,
  `favicon` varchar(191) COLLATE utf8mb4_unicode_ci DEFAULT NULL,
  `home_page_content` text COLLATE utf8mb4_unicode_ci DEFAULT NULL,
  `footer_content` text COLLATE utf8mb4_unicode_ci DEFAULT NULL,
  `default_locale_id` int(10) unsigned NOT NULL,
  `base_currency_id` int(10) unsigned NOT NULL,
  `created_at` timestamp NULL DEFAULT NULL,
  `updated_at` timestamp NULL DEFAULT NULL,
  `root_category_id` int(10) unsigned DEFAULT NULL,
  `home_seo` longtext CHARACTER SET utf8mb4 COLLATE utf8mb4_bin DEFAULT NULL,
  PRIMARY KEY (`id`),
  KEY `channels_default_locale_id_foreign` (`default_locale_id`),
  KEY `channels_base_currency_id_foreign` (`base_currency_id`),
  KEY `channels_root_category_id_foreign` (`root_category_id`),
  CONSTRAINT `channels_base_currency_id_foreign` FOREIGN KEY (`base_currency_id`) REFERENCES `currencies` (`id`),
  CONSTRAINT `channels_default_locale_id_foreign` FOREIGN KEY (`default_locale_id`) REFERENCES `locales` (`id`),
  CONSTRAINT `channels_root_category_id_foreign` FOREIGN KEY (`root_category_id`) REFERENCES `categories` (`id`) ON DELETE SET NULL
) ENGINE=InnoDB AUTO_INCREMENT=2 DEFAULT CHARSET=utf8mb4 COLLATE=utf8mb4_unicode_ci ROW_FORMAT=DYNAMIC;

-- Дамп данных таблицы blue_bird_cafe.channels: ~1 rows (приблизительно)
/*!40000 ALTER TABLE `channels` DISABLE KEYS */;
REPLACE INTO `channels` (`id`, `code`, `name`, `description`, `timezone`, `theme`, `hostname`, `logo`, `favicon`, `home_page_content`, `footer_content`, `default_locale_id`, `base_currency_id`, `created_at`, `updated_at`, `root_category_id`, `home_seo`) VALUES
	(1, 'default', 'Default', '', NULL, 'default', '', NULL, NULL, '<p>@include("shop::home.slider") @include("shop::home.featured-products") @include("shop::home.new-products")</p>\r\n<div class="banner-container">\r\n<div class="left-banner"><img src="https://s3-ap-southeast-1.amazonaws.com/cdn.uvdesk.com/website/1/201902045c581f9494b8a1.png" /></div>\r\n<div class="right-banner"><img src="https://s3-ap-southeast-1.amazonaws.com/cdn.uvdesk.com/website/1/201902045c581fb045cf02.png" /> <img src="https://s3-ap-southeast-1.amazonaws.com/cdn.uvdesk.com/website/1/201902045c581fc352d803.png" /></div>\r\n</div>', '<div class="list-container"><span class="list-heading">Quick Links</span>\r\n<ul class="list-group">\r\n<li><a href="#">About Us</a></li>\r\n<li><a href="#">Return Policy</a></li>\r\n<li><a href="#">Refund Policy</a></li>\r\n<li><a href="#">Terms and conditions</a></li>\r\n<li><a href="#">Terms of Use</a></li>\r\n<li><a href="#">Contact Us</a></li>\r\n</ul>\r\n</div>\r\n<div class="list-container"><span class="list-heading">Connect With Us</span>\r\n<ul class="list-group">\r\n<li><a href="#"><span class="icon icon-facebook"></span>Facebook </a></li>\r\n<li><a href="#"><span class="icon icon-twitter"></span> Twitter </a></li>\r\n<li><a href="#"><span class="icon icon-instagram"></span> Instagram </a></li>\r\n<li><a href="#"> <span class="icon icon-google-plus"></span>Google+ </a></li>\r\n<li><a href="#"> <span class="icon icon-linkedin"></span>LinkedIn </a></li>\r\n</ul>\r\n</div>', 1, 4, NULL, '2019-09-18 19:31:48', 1, NULL);
/*!40000 ALTER TABLE `channels` ENABLE KEYS */;

-- Дамп структуры для таблица blue_bird_cafe.channel_currencies
CREATE TABLE IF NOT EXISTS `channel_currencies` (
  `channel_id` int(10) unsigned NOT NULL,
  `currency_id` int(10) unsigned NOT NULL,
  PRIMARY KEY (`channel_id`,`currency_id`),
  KEY `channel_currencies_currency_id_foreign` (`currency_id`),
  CONSTRAINT `channel_currencies_channel_id_foreign` FOREIGN KEY (`channel_id`) REFERENCES `channels` (`id`) ON DELETE CASCADE,
  CONSTRAINT `channel_currencies_currency_id_foreign` FOREIGN KEY (`currency_id`) REFERENCES `currencies` (`id`) ON DELETE CASCADE
) ENGINE=InnoDB DEFAULT CHARSET=utf8mb4 COLLATE=utf8mb4_unicode_ci ROW_FORMAT=DYNAMIC;

-- Дамп данных таблицы blue_bird_cafe.channel_currencies: ~2 rows (приблизительно)
/*!40000 ALTER TABLE `channel_currencies` DISABLE KEYS */;
REPLACE INTO `channel_currencies` (`channel_id`, `currency_id`) VALUES
	(1, 1),
	(1, 4);
/*!40000 ALTER TABLE `channel_currencies` ENABLE KEYS */;

-- Дамп структуры для таблица blue_bird_cafe.channel_inventory_sources
CREATE TABLE IF NOT EXISTS `channel_inventory_sources` (
  `channel_id` int(10) unsigned NOT NULL,
  `inventory_source_id` int(10) unsigned NOT NULL,
  UNIQUE KEY `channel_inventory_sources_channel_id_inventory_source_id_unique` (`channel_id`,`inventory_source_id`),
  KEY `channel_inventory_sources_inventory_source_id_foreign` (`inventory_source_id`),
  CONSTRAINT `channel_inventory_sources_channel_id_foreign` FOREIGN KEY (`channel_id`) REFERENCES `channels` (`id`) ON DELETE CASCADE,
  CONSTRAINT `channel_inventory_sources_inventory_source_id_foreign` FOREIGN KEY (`inventory_source_id`) REFERENCES `inventory_sources` (`id`) ON DELETE CASCADE
) ENGINE=InnoDB DEFAULT CHARSET=utf8mb4 COLLATE=utf8mb4_unicode_ci ROW_FORMAT=DYNAMIC;

-- Дамп данных таблицы blue_bird_cafe.channel_inventory_sources: ~1 rows (приблизительно)
/*!40000 ALTER TABLE `channel_inventory_sources` DISABLE KEYS */;
REPLACE INTO `channel_inventory_sources` (`channel_id`, `inventory_source_id`) VALUES
	(1, 1);
/*!40000 ALTER TABLE `channel_inventory_sources` ENABLE KEYS */;

-- Дамп структуры для таблица blue_bird_cafe.channel_locales
CREATE TABLE IF NOT EXISTS `channel_locales` (
  `channel_id` int(10) unsigned NOT NULL,
  `locale_id` int(10) unsigned NOT NULL,
  PRIMARY KEY (`channel_id`,`locale_id`),
  KEY `channel_locales_locale_id_foreign` (`locale_id`),
  CONSTRAINT `channel_locales_channel_id_foreign` FOREIGN KEY (`channel_id`) REFERENCES `channels` (`id`) ON DELETE CASCADE,
  CONSTRAINT `channel_locales_locale_id_foreign` FOREIGN KEY (`locale_id`) REFERENCES `locales` (`id`) ON DELETE CASCADE
) ENGINE=InnoDB DEFAULT CHARSET=utf8mb4 COLLATE=utf8mb4_unicode_ci ROW_FORMAT=DYNAMIC;

-- Дамп данных таблицы blue_bird_cafe.channel_locales: ~1 rows (приблизительно)
/*!40000 ALTER TABLE `channel_locales` DISABLE KEYS */;
REPLACE INTO `channel_locales` (`channel_id`, `locale_id`) VALUES
	(1, 1),
	(1, 2);
/*!40000 ALTER TABLE `channel_locales` ENABLE KEYS */;

-- Дамп структуры для таблица blue_bird_cafe.coffee_subscription
CREATE TABLE IF NOT EXISTS `coffee_subscription` (
  `id` int(10) unsigned NOT NULL AUTO_INCREMENT,
  `user_id` varchar(191) COLLATE utf8mb4_unicode_ci NOT NULL,
  `subscription_name` varchar(191) COLLATE utf8mb4_unicode_ci DEFAULT NULL,
  `subscription_term` varchar(191) COLLATE utf8mb4_unicode_ci DEFAULT NULL,
  `subscription_term_starts` varchar(191) COLLATE utf8mb4_unicode_ci DEFAULT NULL,
  `subscription_term_ends` varchar(191) COLLATE utf8mb4_unicode_ci DEFAULT NULL,
  `ship_frequency` varchar(191) COLLATE utf8mb4_unicode_ci DEFAULT NULL,
  `ship_quantity` varchar(191) COLLATE utf8mb4_unicode_ci DEFAULT NULL,
  `price` varchar(191) COLLATE utf8mb4_unicode_ci DEFAULT NULL,
  `created_at` timestamp NULL DEFAULT NULL,
  `updated_at` timestamp NULL DEFAULT NULL,
  PRIMARY KEY (`id`)
) ENGINE=InnoDB AUTO_INCREMENT=7 DEFAULT CHARSET=utf8mb4 COLLATE=utf8mb4_unicode_ci ROW_FORMAT=DYNAMIC;

-- Дамп данных таблицы blue_bird_cafe.coffee_subscription: ~6 rows (приблизительно)
/*!40000 ALTER TABLE `coffee_subscription` DISABLE KEYS */;
REPLACE INTO `coffee_subscription` (`id`, `user_id`, `subscription_name`, `subscription_term`, `subscription_term_starts`, `subscription_term_ends`, `ship_frequency`, `ship_quantity`, `price`, `created_at`, `updated_at`) VALUES
	(1, '3', 'Subscription 1', '3 Month', '2019-10-03 20:33:20', '2020-01-03 20:33:20', NULL, NULL, NULL, '2019-09-03 14:35:18', '2019-09-03 14:35:18'),
	(2, '13', 'Subscription 1', '3 Month', '2019-09-18 16:37:11', '2019-12-18 16:37:11', NULL, NULL, NULL, '2019-09-18 16:37:11', '2019-09-18 16:37:11'),
	(3, '14', 'Subscription 1', '9 Month', '2019-09-18 16:39:53', '2020-06-18 16:39:53', NULL, NULL, NULL, '2019-09-18 16:39:53', '2019-09-18 16:39:53'),
	(4, '16', 'Subscription 1', '9 Month', '2019-09-18 16:40:19', '2020-06-18 16:40:19', NULL, NULL, NULL, '2019-09-18 16:40:19', '2019-09-18 16:40:19'),
	(5, '17', 'Subscription 1', '9 Month', '2019-09-18 16:40:57', '2020-06-18 16:40:57', NULL, NULL, NULL, '2019-09-18 16:40:57', '2019-09-18 16:40:57'),
	(6, '26', 'Subscription 1', '3 Month', '2019-09-18 20:57:30', '2019-12-18 20:57:30', NULL, NULL, NULL, '2019-09-18 20:57:30', '2019-09-18 20:57:30');
/*!40000 ALTER TABLE `coffee_subscription` ENABLE KEYS */;

-- Дамп структуры для таблица blue_bird_cafe.contact_form
CREATE TABLE IF NOT EXISTS `contact_form` (
  `id` int(10) unsigned NOT NULL AUTO_INCREMENT,
  `name` varchar(191) COLLATE utf8mb4_unicode_ci DEFAULT NULL,
  `phone` varchar(191) COLLATE utf8mb4_unicode_ci DEFAULT NULL,
  `email` varchar(191) COLLATE utf8mb4_unicode_ci DEFAULT NULL,
  `symptom` varchar(191) COLLATE utf8mb4_unicode_ci DEFAULT NULL,
  `created_at` timestamp NULL DEFAULT NULL,
  `updated_at` timestamp NULL DEFAULT NULL,
  PRIMARY KEY (`id`)
) ENGINE=InnoDB AUTO_INCREMENT=9 DEFAULT CHARSET=utf8mb4 COLLATE=utf8mb4_unicode_ci ROW_FORMAT=DYNAMIC;

-- Дамп данных таблицы blue_bird_cafe.contact_form: ~8 rows (приблизительно)
/*!40000 ALTER TABLE `contact_form` DISABLE KEYS */;
REPLACE INTO `contact_form` (`id`, `name`, `phone`, `email`, `symptom`, `created_at`, `updated_at`) VALUES
	(1, 'Test', '+3806345345', 'teke@gmail.com', 'TEST', '2019-09-25 19:38:15', '2019-09-25 19:38:15'),
	(2, 'test', '234234234', 'test@gmail.com', '34234', '2019-09-25 19:41:11', '2019-09-25 19:41:11'),
	(3, 'test', '234234234', 'test@gmail.com', '34234', '2019-09-25 19:41:38', '2019-09-25 19:41:38'),
	(4, 'test', '34234234', 'testsd@gmail.com', '34234234', '2019-09-26 17:32:30', '2019-09-26 17:32:30'),
	(5, 'test', '234234', 'test@gmail.com', '34234234', '2019-10-02 13:43:38', '2019-10-02 13:43:38'),
	(6, 'Dima', '02394923', 'dim4ik.86@ukr.net', 'sdfasd ga fga h', '2019-10-02 20:16:14', '2019-10-02 20:16:14'),
	(7, '234', '234234', '234234@example.com', '34234', '2019-10-02 20:19:00', '2019-10-02 20:19:00'),
	(8, 'Dima', '2325235', 'dim4ik.86@ukr.net', 'првоерка', '2019-10-02 20:20:23', '2019-10-02 20:20:23');
/*!40000 ALTER TABLE `contact_form` ENABLE KEYS */;

-- Дамп структуры для таблица blue_bird_cafe.core_config
CREATE TABLE IF NOT EXISTS `core_config` (
  `id` int(10) unsigned NOT NULL AUTO_INCREMENT,
  `code` varchar(191) COLLATE utf8mb4_unicode_ci NOT NULL,
  `value` text COLLATE utf8mb4_unicode_ci NOT NULL,
  `channel_code` varchar(191) COLLATE utf8mb4_unicode_ci DEFAULT NULL,
  `locale_code` varchar(191) COLLATE utf8mb4_unicode_ci DEFAULT NULL,
  `created_at` timestamp NULL DEFAULT NULL,
  `updated_at` timestamp NULL DEFAULT NULL,
  PRIMARY KEY (`id`),
  KEY `core_config_channel_id_foreign` (`channel_code`)
) ENGINE=InnoDB AUTO_INCREMENT=39 DEFAULT CHARSET=utf8mb4 COLLATE=utf8mb4_unicode_ci ROW_FORMAT=DYNAMIC;

-- Дамп данных таблицы blue_bird_cafe.core_config: ~38 rows (приблизительно)
/*!40000 ALTER TABLE `core_config` DISABLE KEYS */;
REPLACE INTO `core_config` (`id`, `code`, `value`, `channel_code`, `locale_code`, `created_at`, `updated_at`) VALUES
	(1, 'customer.settings.address.street_lines', '', 'default', NULL, '2019-08-22 17:12:52', '2019-08-22 17:12:52'),
	(2, 'customer.settings.newsletter.subscription', '1', NULL, NULL, '2019-08-22 17:12:52', '2019-08-22 17:12:52'),
	(3, 'customer.settings.email.verification', '0', NULL, NULL, '2019-08-22 17:12:52', '2019-08-22 17:12:52'),
	(4, 'sales.carriers.free.title', 'Free Shipping', NULL, 'en', '2019-09-16 20:48:34', '2019-09-16 20:48:34'),
	(5, 'sales.carriers.free.description', 'This is a free shipping', NULL, 'en', '2019-09-16 20:48:34', '2019-09-16 20:48:34'),
	(6, 'sales.carriers.free.active', '1', NULL, 'en', '2019-09-16 20:48:34', '2019-09-16 21:02:57'),
	(7, 'sales.carriers.flatrate.title', 'Flat Rate', 'default', 'en', '2019-09-16 20:48:34', '2019-09-16 20:48:34'),
	(8, 'sales.carriers.flatrate.description', 'This is a flat rate', 'default', NULL, '2019-09-16 20:48:34', '2019-09-16 20:48:34'),
	(9, 'sales.carriers.flatrate.default_rate', '10', 'default', NULL, '2019-09-16 20:48:34', '2019-09-16 20:48:34'),
	(10, 'sales.carriers.flatrate.type', 'per_unit', NULL, NULL, '2019-09-16 20:48:34', '2019-09-16 20:48:34'),
	(11, 'sales.carriers.flatrate.active', '0', NULL, 'en', '2019-09-16 20:48:34', '2019-09-16 20:48:34'),
	(12, 'sales.paymentmethods.cashondelivery.title', 'Cash On Delivery', NULL, 'en', '2019-09-16 20:48:52', '2019-09-16 20:48:52'),
	(13, 'sales.paymentmethods.cashondelivery.description', 'Cash On Delivery', NULL, 'en', '2019-09-16 20:48:52', '2019-09-16 20:48:52'),
	(14, 'sales.paymentmethods.cashondelivery.active', '0', NULL, 'en', '2019-09-16 20:48:52', '2019-09-16 20:48:52'),
	(15, 'sales.paymentmethods.cashondelivery.sort', '1', NULL, NULL, '2019-09-16 20:48:52', '2019-09-16 20:48:52'),
	(16, 'sales.paymentmethods.moneytransfer.title', 'Money Transfer', NULL, 'en', '2019-09-16 20:48:52', '2019-09-16 20:48:52'),
	(17, 'sales.paymentmethods.moneytransfer.description', 'Money Transfer', NULL, 'en', '2019-09-16 20:48:52', '2019-09-16 20:48:52'),
	(18, 'sales.paymentmethods.moneytransfer.active', '1', NULL, 'en', '2019-09-16 20:48:52', '2019-09-16 21:03:28'),
	(19, 'sales.paymentmethods.moneytransfer.sort', '2', NULL, NULL, '2019-09-16 20:48:52', '2019-09-16 20:48:52'),
	(20, 'sales.paymentmethods.paypal_standard.title', 'Paypal Standard', NULL, 'en', '2019-09-16 20:48:52', '2019-09-16 20:48:52'),
	(21, 'sales.paymentmethods.paypal_standard.description', 'Paypal Standard', NULL, 'en', '2019-09-16 20:48:52', '2019-09-16 20:48:52'),
	(22, 'sales.paymentmethods.paypal_standard.business_account', 'test@webkul.com', NULL, NULL, '2019-09-16 20:48:52', '2019-09-16 20:48:52'),
	(23, 'sales.paymentmethods.paypal_standard.active', '0', NULL, 'en', '2019-09-16 20:48:52', '2019-09-16 20:48:52'),
	(24, 'sales.paymentmethods.paypal_standard.sort', '3', NULL, NULL, '2019-09-16 20:48:52', '2019-09-16 20:48:52'),
	(25, 'sales.carriers.free.title', 'Free Shipping', NULL, 'hu', '2019-09-16 20:53:32', '2019-09-16 20:53:32'),
	(26, 'sales.carriers.free.description', 'This is a free shipping', NULL, 'hu', '2019-09-16 20:53:32', '2019-09-16 20:53:32'),
	(27, 'sales.carriers.free.active', '0', NULL, 'hu', '2019-09-16 20:53:32', '2019-09-16 20:53:32'),
	(28, 'sales.carriers.flatrate.title', 'Flat Rate', 'default', 'hu', '2019-09-16 20:53:32', '2019-09-16 20:53:32'),
	(29, 'sales.carriers.flatrate.active', '0', NULL, 'hu', '2019-09-16 20:53:32', '2019-09-16 20:53:32'),
	(30, 'sales.paymentmethods.cashondelivery.title', 'Cash On Delivery', NULL, 'hu', '2019-09-16 20:53:47', '2019-09-16 20:53:47'),
	(31, 'sales.paymentmethods.cashondelivery.description', 'Cash On Delivery', NULL, 'hu', '2019-09-16 20:53:47', '2019-09-16 20:53:47'),
	(32, 'sales.paymentmethods.cashondelivery.active', '0', NULL, 'hu', '2019-09-16 20:53:47', '2019-09-16 20:53:47'),
	(33, 'sales.paymentmethods.moneytransfer.title', 'Money Transfer', NULL, 'hu', '2019-09-16 20:53:48', '2019-09-16 20:53:48'),
	(34, 'sales.paymentmethods.moneytransfer.description', 'Money Transfer', NULL, 'hu', '2019-09-16 20:53:48', '2019-09-16 20:53:48'),
	(35, 'sales.paymentmethods.moneytransfer.active', '0', NULL, 'hu', '2019-09-16 20:53:48', '2019-09-16 20:53:48'),
	(36, 'sales.paymentmethods.paypal_standard.title', 'Paypal Standard', NULL, 'hu', '2019-09-16 20:53:48', '2019-09-16 20:53:48'),
	(37, 'sales.paymentmethods.paypal_standard.description', 'Paypal Standard', NULL, 'hu', '2019-09-16 20:53:48', '2019-09-16 20:53:48'),
	(38, 'sales.paymentmethods.paypal_standard.active', '0', NULL, 'hu', '2019-09-16 20:53:48', '2019-09-16 20:53:48');
/*!40000 ALTER TABLE `core_config` ENABLE KEYS */;

-- Дамп структуры для таблица blue_bird_cafe.countries
CREATE TABLE IF NOT EXISTS `countries` (
  `id` int(10) unsigned NOT NULL AUTO_INCREMENT,
  `code` varchar(191) COLLATE utf8mb4_unicode_ci NOT NULL,
  `name` varchar(191) COLLATE utf8mb4_unicode_ci NOT NULL,
  PRIMARY KEY (`id`)
) ENGINE=InnoDB AUTO_INCREMENT=256 DEFAULT CHARSET=utf8mb4 COLLATE=utf8mb4_unicode_ci ROW_FORMAT=DYNAMIC;

-- Дамп данных таблицы blue_bird_cafe.countries: ~255 rows (приблизительно)
/*!40000 ALTER TABLE `countries` DISABLE KEYS */;
REPLACE INTO `countries` (`id`, `code`, `name`) VALUES
	(1, 'AF', 'Afghanistan'),
	(2, 'AX', 'Åland Islands'),
	(3, 'AL', 'Albania'),
	(4, 'DZ', 'Algeria'),
	(5, 'AS', 'American Samoa'),
	(6, 'AD', 'Andorra'),
	(7, 'AO', 'Angola'),
	(8, 'AI', 'Anguilla'),
	(9, 'AQ', 'Antarctica'),
	(10, 'AG', 'Antigua & Barbuda'),
	(11, 'AR', 'Argentina'),
	(12, 'AM', 'Armenia'),
	(13, 'AW', 'Aruba'),
	(14, 'AC', 'Ascension Island'),
	(15, 'AU', 'Australia'),
	(16, 'AT', 'Austria'),
	(17, 'AZ', 'Azerbaijan'),
	(18, 'BS', 'Bahamas'),
	(19, 'BH', 'Bahrain'),
	(20, 'BD', 'Bangladesh'),
	(21, 'BB', 'Barbados'),
	(22, 'BY', 'Belarus'),
	(23, 'BE', 'Belgium'),
	(24, 'BZ', 'Belize'),
	(25, 'BJ', 'Benin'),
	(26, 'BM', 'Bermuda'),
	(27, 'BT', 'Bhutan'),
	(28, 'BO', 'Bolivia'),
	(29, 'BA', 'Bosnia & Herzegovina'),
	(30, 'BW', 'Botswana'),
	(31, 'BR', 'Brazil'),
	(32, 'IO', 'British Indian Ocean Territory'),
	(33, 'VG', 'British Virgin Islands'),
	(34, 'BN', 'Brunei'),
	(35, 'BG', 'Bulgaria'),
	(36, 'BF', 'Burkina Faso'),
	(37, 'BI', 'Burundi'),
	(38, 'KH', 'Cambodia'),
	(39, 'CM', 'Cameroon'),
	(40, 'CA', 'Canada'),
	(41, 'IC', 'Canary Islands'),
	(42, 'CV', 'Cape Verde'),
	(43, 'BQ', 'Caribbean Netherlands'),
	(44, 'KY', 'Cayman Islands'),
	(45, 'CF', 'Central African Republic'),
	(46, 'EA', 'Ceuta & Melilla'),
	(47, 'TD', 'Chad'),
	(48, 'CL', 'Chile'),
	(49, 'CN', 'China'),
	(50, 'CX', 'Christmas Island'),
	(51, 'CC', 'Cocos (Keeling) Islands'),
	(52, 'CO', 'Colombia'),
	(53, 'KM', 'Comoros'),
	(54, 'CG', 'Congo - Brazzaville'),
	(55, 'CD', 'Congo - Kinshasa'),
	(56, 'CK', 'Cook Islands'),
	(57, 'CR', 'Costa Rica'),
	(58, 'CI', 'Côte d’Ivoire'),
	(59, 'HR', 'Croatia'),
	(60, 'CU', 'Cuba'),
	(61, 'CW', 'Curaçao'),
	(62, 'CY', 'Cyprus'),
	(63, 'CZ', 'Czechia'),
	(64, 'DK', 'Denmark'),
	(65, 'DG', 'Diego Garcia'),
	(66, 'DJ', 'Djibouti'),
	(67, 'DM', 'Dominica'),
	(68, 'DO', 'Dominican Republic'),
	(69, 'EC', 'Ecuador'),
	(70, 'EG', 'Egypt'),
	(71, 'SV', 'El Salvador'),
	(72, 'GQ', 'Equatorial Guinea'),
	(73, 'ER', 'Eritrea'),
	(74, 'EE', 'Estonia'),
	(75, 'ET', 'Ethiopia'),
	(76, 'EZ', 'Eurozone'),
	(77, 'FK', 'Falkland Islands'),
	(78, 'FO', 'Faroe Islands'),
	(79, 'FJ', 'Fiji'),
	(80, 'FI', 'Finland'),
	(81, 'FR', 'France'),
	(82, 'GF', 'French Guiana'),
	(83, 'PF', 'French Polynesia'),
	(84, 'TF', 'French Southern Territories'),
	(85, 'GA', 'Gabon'),
	(86, 'GM', 'Gambia'),
	(87, 'GE', 'Georgia'),
	(88, 'DE', 'Germany'),
	(89, 'GH', 'Ghana'),
	(90, 'GI', 'Gibraltar'),
	(91, 'GR', 'Greece'),
	(92, 'GL', 'Greenland'),
	(93, 'GD', 'Grenada'),
	(94, 'GP', 'Guadeloupe'),
	(95, 'GU', 'Guam'),
	(96, 'GT', 'Guatemala'),
	(97, 'GG', 'Guernsey'),
	(98, 'GN', 'Guinea'),
	(99, 'GW', 'Guinea-Bissau'),
	(100, 'GY', 'Guyana'),
	(101, 'HT', 'Haiti'),
	(102, 'HN', 'Honduras'),
	(103, 'HK', 'Hong Kong SAR China'),
	(104, 'HU', 'Hungary'),
	(105, 'IS', 'Iceland'),
	(106, 'IN', 'India'),
	(107, 'ID', 'Indonesia'),
	(108, 'IR', 'Iran'),
	(109, 'IQ', 'Iraq'),
	(110, 'IE', 'Ireland'),
	(111, 'IM', 'Isle of Man'),
	(112, 'IL', 'Israel'),
	(113, 'IT', 'Italy'),
	(114, 'JM', 'Jamaica'),
	(115, 'JP', 'Japan'),
	(116, 'JE', 'Jersey'),
	(117, 'JO', 'Jordan'),
	(118, 'KZ', 'Kazakhstan'),
	(119, 'KE', 'Kenya'),
	(120, 'KI', 'Kiribati'),
	(121, 'XK', 'Kosovo'),
	(122, 'KW', 'Kuwait'),
	(123, 'KG', 'Kyrgyzstan'),
	(124, 'LA', 'Laos'),
	(125, 'LV', 'Latvia'),
	(126, 'LB', 'Lebanon'),
	(127, 'LS', 'Lesotho'),
	(128, 'LR', 'Liberia'),
	(129, 'LY', 'Libya'),
	(130, 'LI', 'Liechtenstein'),
	(131, 'LT', 'Lithuania'),
	(132, 'LU', 'Luxembourg'),
	(133, 'MO', 'Macau SAR China'),
	(134, 'MK', 'Macedonia'),
	(135, 'MG', 'Madagascar'),
	(136, 'MW', 'Malawi'),
	(137, 'MY', 'Malaysia'),
	(138, 'MV', 'Maldives'),
	(139, 'ML', 'Mali'),
	(140, 'MT', 'Malta'),
	(141, 'MH', 'Marshall Islands'),
	(142, 'MQ', 'Martinique'),
	(143, 'MR', 'Mauritania'),
	(144, 'MU', 'Mauritius'),
	(145, 'YT', 'Mayotte'),
	(146, 'MX', 'Mexico'),
	(147, 'FM', 'Micronesia'),
	(148, 'MD', 'Moldova'),
	(149, 'MC', 'Monaco'),
	(150, 'MN', 'Mongolia'),
	(151, 'ME', 'Montenegro'),
	(152, 'MS', 'Montserrat'),
	(153, 'MA', 'Morocco'),
	(154, 'MZ', 'Mozambique'),
	(155, 'MM', 'Myanmar (Burma)'),
	(156, 'NA', 'Namibia'),
	(157, 'NR', 'Nauru'),
	(158, 'NP', 'Nepal'),
	(159, 'NL', 'Netherlands'),
	(160, 'NC', 'New Caledonia'),
	(161, 'NZ', 'New Zealand'),
	(162, 'NI', 'Nicaragua'),
	(163, 'NE', 'Niger'),
	(164, 'NG', 'Nigeria'),
	(165, 'NU', 'Niue'),
	(166, 'NF', 'Norfolk Island'),
	(167, 'KP', 'North Korea'),
	(168, 'MP', 'Northern Mariana Islands'),
	(169, 'NO', 'Norway'),
	(170, 'OM', 'Oman'),
	(171, 'PK', 'Pakistan'),
	(172, 'PW', 'Palau'),
	(173, 'PS', 'Palestinian Territories'),
	(174, 'PA', 'Panama'),
	(175, 'PG', 'Papua New Guinea'),
	(176, 'PY', 'Paraguay'),
	(177, 'PE', 'Peru'),
	(178, 'PH', 'Philippines'),
	(179, 'PN', 'Pitcairn Islands'),
	(180, 'PL', 'Poland'),
	(181, 'PT', 'Portugal'),
	(182, 'PR', 'Puerto Rico'),
	(183, 'QA', 'Qatar'),
	(184, 'RE', 'Réunion'),
	(185, 'RO', 'Romania'),
	(186, 'RU', 'Russia'),
	(187, 'RW', 'Rwanda'),
	(188, 'WS', 'Samoa'),
	(189, 'SM', 'San Marino'),
	(190, 'ST', 'São Tomé & Príncipe'),
	(191, 'SA', 'Saudi Arabia'),
	(192, 'SN', 'Senegal'),
	(193, 'RS', 'Serbia'),
	(194, 'SC', 'Seychelles'),
	(195, 'SL', 'Sierra Leone'),
	(196, 'SG', 'Singapore'),
	(197, 'SX', 'Sint Maarten'),
	(198, 'SK', 'Slovakia'),
	(199, 'SI', 'Slovenia'),
	(200, 'SB', 'Solomon Islands'),
	(201, 'SO', 'Somalia'),
	(202, 'ZA', 'South Africa'),
	(203, 'GS', 'South Georgia & South Sandwich Islands'),
	(204, 'KR', 'South Korea'),
	(205, 'SS', 'South Sudan'),
	(206, 'ES', 'Spain'),
	(207, 'LK', 'Sri Lanka'),
	(208, 'BL', 'St. Barthélemy'),
	(209, 'SH', 'St. Helena'),
	(210, 'KN', 'St. Kitts & Nevis'),
	(211, 'LC', 'St. Lucia'),
	(212, 'MF', 'St. Martin'),
	(213, 'PM', 'St. Pierre & Miquelon'),
	(214, 'VC', 'St. Vincent & Grenadines'),
	(215, 'SD', 'Sudan'),
	(216, 'SR', 'Suriname'),
	(217, 'SJ', 'Svalbard & Jan Mayen'),
	(218, 'SZ', 'Swaziland'),
	(219, 'SE', 'Sweden'),
	(220, 'CH', 'Switzerland'),
	(221, 'SY', 'Syria'),
	(222, 'TW', 'Taiwan'),
	(223, 'TJ', 'Tajikistan'),
	(224, 'TZ', 'Tanzania'),
	(225, 'TH', 'Thailand'),
	(226, 'TL', 'Timor-Leste'),
	(227, 'TG', 'Togo'),
	(228, 'TK', 'Tokelau'),
	(229, 'TO', 'Tonga'),
	(230, 'TT', 'Trinidad & Tobago'),
	(231, 'TA', 'Tristan da Cunha'),
	(232, 'TN', 'Tunisia'),
	(233, 'TR', 'Turkey'),
	(234, 'TM', 'Turkmenistan'),
	(235, 'TC', 'Turks & Caicos Islands'),
	(236, 'TV', 'Tuvalu'),
	(237, 'UM', 'U.S. Outlying Islands'),
	(238, 'VI', 'U.S. Virgin Islands'),
	(239, 'UG', 'Uganda'),
	(240, 'UA', 'Ukraine'),
	(241, 'AE', 'United Arab Emirates'),
	(242, 'GB', 'United Kingdom'),
	(243, 'UN', 'United Nations'),
	(244, 'US', 'United States'),
	(245, 'UY', 'Uruguay'),
	(246, 'UZ', 'Uzbekistan'),
	(247, 'VU', 'Vanuatu'),
	(248, 'VA', 'Vatican City'),
	(249, 'VE', 'Venezuela'),
	(250, 'VN', 'Vietnam'),
	(251, 'WF', 'Wallis & Futuna'),
	(252, 'EH', 'Western Sahara'),
	(253, 'YE', 'Yemen'),
	(254, 'ZM', 'Zambia'),
	(255, 'ZW', 'Zimbabwe');
/*!40000 ALTER TABLE `countries` ENABLE KEYS */;

-- Дамп структуры для таблица blue_bird_cafe.country_states
CREATE TABLE IF NOT EXISTS `country_states` (
  `id` int(10) unsigned NOT NULL AUTO_INCREMENT,
  `country_code` varchar(191) COLLATE utf8mb4_unicode_ci DEFAULT NULL,
  `code` varchar(191) COLLATE utf8mb4_unicode_ci DEFAULT NULL,
  `default_name` varchar(191) COLLATE utf8mb4_unicode_ci DEFAULT NULL,
  `country_id` int(10) unsigned DEFAULT NULL,
  PRIMARY KEY (`id`),
  KEY `country_states_country_id_foreign` (`country_id`),
  CONSTRAINT `country_states_country_id_foreign` FOREIGN KEY (`country_id`) REFERENCES `countries` (`id`) ON DELETE CASCADE
) ENGINE=InnoDB AUTO_INCREMENT=569 DEFAULT CHARSET=utf8mb4 COLLATE=utf8mb4_unicode_ci ROW_FORMAT=DYNAMIC;

-- Дамп данных таблицы blue_bird_cafe.country_states: ~568 rows (приблизительно)
/*!40000 ALTER TABLE `country_states` DISABLE KEYS */;
REPLACE INTO `country_states` (`id`, `country_code`, `code`, `default_name`, `country_id`) VALUES
	(1, 'US', 'AL', 'Alabama', 244),
	(2, 'US', 'AK', 'Alaska', 244),
	(3, 'US', 'AS', 'American Samoa', 244),
	(4, 'US', 'AZ', 'Arizona', 244),
	(5, 'US', 'AR', 'Arkansas', 244),
	(6, 'US', 'AE', 'Armed Forces Africa', 244),
	(7, 'US', 'AA', 'Armed Forces Americas', 244),
	(8, 'US', 'AE', 'Armed Forces Canada', 244),
	(9, 'US', 'AE', 'Armed Forces Europe', 244),
	(10, 'US', 'AE', 'Armed Forces Middle East', 244),
	(11, 'US', 'AP', 'Armed Forces Pacific', 244),
	(12, 'US', 'CA', 'California', 244),
	(13, 'US', 'CO', 'Colorado', 244),
	(14, 'US', 'CT', 'Connecticut', 244),
	(15, 'US', 'DE', 'Delaware', 244),
	(16, 'US', 'DC', 'District of Columbia', 244),
	(17, 'US', 'FM', 'Federated States Of Micronesia', 244),
	(18, 'US', 'FL', 'Florida', 244),
	(19, 'US', 'GA', 'Georgia', 244),
	(20, 'US', 'GU', 'Guam', 244),
	(21, 'US', 'HI', 'Hawaii', 244),
	(22, 'US', 'ID', 'Idaho', 244),
	(23, 'US', 'IL', 'Illinois', 244),
	(24, 'US', 'IN', 'Indiana', 244),
	(25, 'US', 'IA', 'Iowa', 244),
	(26, 'US', 'KS', 'Kansas', 244),
	(27, 'US', 'KY', 'Kentucky', 244),
	(28, 'US', 'LA', 'Louisiana', 244),
	(29, 'US', 'ME', 'Maine', 244),
	(30, 'US', 'MH', 'Marshall Islands', 244),
	(31, 'US', 'MD', 'Maryland', 244),
	(32, 'US', 'MA', 'Massachusetts', 244),
	(33, 'US', 'MI', 'Michigan', 244),
	(34, 'US', 'MN', 'Minnesota', 244),
	(35, 'US', 'MS', 'Mississippi', 244),
	(36, 'US', 'MO', 'Missouri', 244),
	(37, 'US', 'MT', 'Montana', 244),
	(38, 'US', 'NE', 'Nebraska', 244),
	(39, 'US', 'NV', 'Nevada', 244),
	(40, 'US', 'NH', 'New Hampshire', 244),
	(41, 'US', 'NJ', 'New Jersey', 244),
	(42, 'US', 'NM', 'New Mexico', 244),
	(43, 'US', 'NY', 'New York', 244),
	(44, 'US', 'NC', 'North Carolina', 244),
	(45, 'US', 'ND', 'North Dakota', 244),
	(46, 'US', 'MP', 'Northern Mariana Islands', 244),
	(47, 'US', 'OH', 'Ohio', 244),
	(48, 'US', 'OK', 'Oklahoma', 244),
	(49, 'US', 'OR', 'Oregon', 244),
	(50, 'US', 'PW', 'Palau', 244),
	(51, 'US', 'PA', 'Pennsylvania', 244),
	(52, 'US', 'PR', 'Puerto Rico', 244),
	(53, 'US', 'RI', 'Rhode Island', 244),
	(54, 'US', 'SC', 'South Carolina', 244),
	(55, 'US', 'SD', 'South Dakota', 244),
	(56, 'US', 'TN', 'Tennessee', 244),
	(57, 'US', 'TX', 'Texas', 244),
	(58, 'US', 'UT', 'Utah', 244),
	(59, 'US', 'VT', 'Vermont', 244),
	(60, 'US', 'VI', 'Virgin Islands', 244),
	(61, 'US', 'VA', 'Virginia', 244),
	(62, 'US', 'WA', 'Washington', 244),
	(63, 'US', 'WV', 'West Virginia', 244),
	(64, 'US', 'WI', 'Wisconsin', 244),
	(65, 'US', 'WY', 'Wyoming', 244),
	(66, 'CA', 'AB', 'Alberta', 40),
	(67, 'CA', 'BC', 'British Columbia', 40),
	(68, 'CA', 'MB', 'Manitoba', 40),
	(69, 'CA', 'NL', 'Newfoundland and Labrador', 40),
	(70, 'CA', 'NB', 'New Brunswick', 40),
	(71, 'CA', 'NS', 'Nova Scotia', 40),
	(72, 'CA', 'NT', 'Northwest Territories', 40),
	(73, 'CA', 'NU', 'Nunavut', 40),
	(74, 'CA', 'ON', 'Ontario', 40),
	(75, 'CA', 'PE', 'Prince Edward Island', 40),
	(76, 'CA', 'QC', 'Quebec', 40),
	(77, 'CA', 'SK', 'Saskatchewan', 40),
	(78, 'CA', 'YT', 'Yukon Territory', 40),
	(79, 'DE', 'NDS', 'Niedersachsen', 88),
	(80, 'DE', 'BAW', 'Baden-Württemberg', 88),
	(81, 'DE', 'BAY', 'Bayern', 88),
	(82, 'DE', 'BER', 'Berlin', 88),
	(83, 'DE', 'BRG', 'Brandenburg', 88),
	(84, 'DE', 'BRE', 'Bremen', 88),
	(85, 'DE', 'HAM', 'Hamburg', 88),
	(86, 'DE', 'HES', 'Hessen', 88),
	(87, 'DE', 'MEC', 'Mecklenburg-Vorpommern', 88),
	(88, 'DE', 'NRW', 'Nordrhein-Westfalen', 88),
	(89, 'DE', 'RHE', 'Rheinland-Pfalz', 88),
	(90, 'DE', 'SAR', 'Saarland', 88),
	(91, 'DE', 'SAS', 'Sachsen', 88),
	(92, 'DE', 'SAC', 'Sachsen-Anhalt', 88),
	(93, 'DE', 'SCN', 'Schleswig-Holstein', 88),
	(94, 'DE', 'THE', 'Thüringen', 88),
	(95, 'AT', 'WI', 'Wien', 16),
	(96, 'AT', 'NO', 'Niederösterreich', 16),
	(97, 'AT', 'OO', 'Oberösterreich', 16),
	(98, 'AT', 'SB', 'Salzburg', 16),
	(99, 'AT', 'KN', 'Kärnten', 16),
	(100, 'AT', 'ST', 'Steiermark', 16),
	(101, 'AT', 'TI', 'Tirol', 16),
	(102, 'AT', 'BL', 'Burgenland', 16),
	(103, 'AT', 'VB', 'Vorarlberg', 16),
	(104, 'CH', 'AG', 'Aargau', 220),
	(105, 'CH', 'AI', 'Appenzell Innerrhoden', 220),
	(106, 'CH', 'AR', 'Appenzell Ausserrhoden', 220),
	(107, 'CH', 'BE', 'Bern', 220),
	(108, 'CH', 'BL', 'Basel-Landschaft', 220),
	(109, 'CH', 'BS', 'Basel-Stadt', 220),
	(110, 'CH', 'FR', 'Freiburg', 220),
	(111, 'CH', 'GE', 'Genf', 220),
	(112, 'CH', 'GL', 'Glarus', 220),
	(113, 'CH', 'GR', 'Graubünden', 220),
	(114, 'CH', 'JU', 'Jura', 220),
	(115, 'CH', 'LU', 'Luzern', 220),
	(116, 'CH', 'NE', 'Neuenburg', 220),
	(117, 'CH', 'NW', 'Nidwalden', 220),
	(118, 'CH', 'OW', 'Obwalden', 220),
	(119, 'CH', 'SG', 'St. Gallen', 220),
	(120, 'CH', 'SH', 'Schaffhausen', 220),
	(121, 'CH', 'SO', 'Solothurn', 220),
	(122, 'CH', 'SZ', 'Schwyz', 220),
	(123, 'CH', 'TG', 'Thurgau', 220),
	(124, 'CH', 'TI', 'Tessin', 220),
	(125, 'CH', 'UR', 'Uri', 220),
	(126, 'CH', 'VD', 'Waadt', 220),
	(127, 'CH', 'VS', 'Wallis', 220),
	(128, 'CH', 'ZG', 'Zug', 220),
	(129, 'CH', 'ZH', 'Zürich', 220),
	(130, 'ES', 'A Coruсa', 'A Coruña', 206),
	(131, 'ES', 'Alava', 'Alava', 206),
	(132, 'ES', 'Albacete', 'Albacete', 206),
	(133, 'ES', 'Alicante', 'Alicante', 206),
	(134, 'ES', 'Almeria', 'Almeria', 206),
	(135, 'ES', 'Asturias', 'Asturias', 206),
	(136, 'ES', 'Avila', 'Avila', 206),
	(137, 'ES', 'Badajoz', 'Badajoz', 206),
	(138, 'ES', 'Baleares', 'Baleares', 206),
	(139, 'ES', 'Barcelona', 'Barcelona', 206),
	(140, 'ES', 'Burgos', 'Burgos', 206),
	(141, 'ES', 'Caceres', 'Caceres', 206),
	(142, 'ES', 'Cadiz', 'Cadiz', 206),
	(143, 'ES', 'Cantabria', 'Cantabria', 206),
	(144, 'ES', 'Castellon', 'Castellon', 206),
	(145, 'ES', 'Ceuta', 'Ceuta', 206),
	(146, 'ES', 'Ciudad Real', 'Ciudad Real', 206),
	(147, 'ES', 'Cordoba', 'Cordoba', 206),
	(148, 'ES', 'Cuenca', 'Cuenca', 206),
	(149, 'ES', 'Girona', 'Girona', 206),
	(150, 'ES', 'Granada', 'Granada', 206),
	(151, 'ES', 'Guadalajara', 'Guadalajara', 206),
	(152, 'ES', 'Guipuzcoa', 'Guipuzcoa', 206),
	(153, 'ES', 'Huelva', 'Huelva', 206),
	(154, 'ES', 'Huesca', 'Huesca', 206),
	(155, 'ES', 'Jaen', 'Jaen', 206),
	(156, 'ES', 'La Rioja', 'La Rioja', 206),
	(157, 'ES', 'Las Palmas', 'Las Palmas', 206),
	(158, 'ES', 'Leon', 'Leon', 206),
	(159, 'ES', 'Lleida', 'Lleida', 206),
	(160, 'ES', 'Lugo', 'Lugo', 206),
	(161, 'ES', 'Madrid', 'Madrid', 206),
	(162, 'ES', 'Malaga', 'Malaga', 206),
	(163, 'ES', 'Melilla', 'Melilla', 206),
	(164, 'ES', 'Murcia', 'Murcia', 206),
	(165, 'ES', 'Navarra', 'Navarra', 206),
	(166, 'ES', 'Ourense', 'Ourense', 206),
	(167, 'ES', 'Palencia', 'Palencia', 206),
	(168, 'ES', 'Pontevedra', 'Pontevedra', 206),
	(169, 'ES', 'Salamanca', 'Salamanca', 206),
	(170, 'ES', 'Santa Cruz de Tenerife', 'Santa Cruz de Tenerife', 206),
	(171, 'ES', 'Segovia', 'Segovia', 206),
	(172, 'ES', 'Sevilla', 'Sevilla', 206),
	(173, 'ES', 'Soria', 'Soria', 206),
	(174, 'ES', 'Tarragona', 'Tarragona', 206),
	(175, 'ES', 'Teruel', 'Teruel', 206),
	(176, 'ES', 'Toledo', 'Toledo', 206),
	(177, 'ES', 'Valencia', 'Valencia', 206),
	(178, 'ES', 'Valladolid', 'Valladolid', 206),
	(179, 'ES', 'Vizcaya', 'Vizcaya', 206),
	(180, 'ES', 'Zamora', 'Zamora', 206),
	(181, 'ES', 'Zaragoza', 'Zaragoza', 206),
	(182, 'FR', '1', 'Ain', 81),
	(183, 'FR', '2', 'Aisne', 81),
	(184, 'FR', '3', 'Allier', 81),
	(185, 'FR', '4', 'Alpes-de-Haute-Provence', 81),
	(186, 'FR', '5', 'Hautes-Alpes', 81),
	(187, 'FR', '6', 'Alpes-Maritimes', 81),
	(188, 'FR', '7', 'Ardèche', 81),
	(189, 'FR', '8', 'Ardennes', 81),
	(190, 'FR', '9', 'Ariège', 81),
	(191, 'FR', '10', 'Aube', 81),
	(192, 'FR', '11', 'Aude', 81),
	(193, 'FR', '12', 'Aveyron', 81),
	(194, 'FR', '13', 'Bouches-du-Rhône', 81),
	(195, 'FR', '14', 'Calvados', 81),
	(196, 'FR', '15', 'Cantal', 81),
	(197, 'FR', '16', 'Charente', 81),
	(198, 'FR', '17', 'Charente-Maritime', 81),
	(199, 'FR', '18', 'Cher', 81),
	(200, 'FR', '19', 'Corrèze', 81),
	(201, 'FR', '2A', 'Corse-du-Sud', 81),
	(202, 'FR', '2B', 'Haute-Corse', 81),
	(203, 'FR', '21', 'Côte-d\'Or', 81),
	(204, 'FR', '22', 'Côtes-d\'Armor', 81),
	(205, 'FR', '23', 'Creuse', 81),
	(206, 'FR', '24', 'Dordogne', 81),
	(207, 'FR', '25', 'Doubs', 81),
	(208, 'FR', '26', 'Drôme', 81),
	(209, 'FR', '27', 'Eure', 81),
	(210, 'FR', '28', 'Eure-et-Loir', 81),
	(211, 'FR', '29', 'Finistère', 81),
	(212, 'FR', '30', 'Gard', 81),
	(213, 'FR', '31', 'Haute-Garonne', 81),
	(214, 'FR', '32', 'Gers', 81),
	(215, 'FR', '33', 'Gironde', 81),
	(216, 'FR', '34', 'Hérault', 81),
	(217, 'FR', '35', 'Ille-et-Vilaine', 81),
	(218, 'FR', '36', 'Indre', 81),
	(219, 'FR', '37', 'Indre-et-Loire', 81),
	(220, 'FR', '38', 'Isère', 81),
	(221, 'FR', '39', 'Jura', 81),
	(222, 'FR', '40', 'Landes', 81),
	(223, 'FR', '41', 'Loir-et-Cher', 81),
	(224, 'FR', '42', 'Loire', 81),
	(225, 'FR', '43', 'Haute-Loire', 81),
	(226, 'FR', '44', 'Loire-Atlantique', 81),
	(227, 'FR', '45', 'Loiret', 81),
	(228, 'FR', '46', 'Lot', 81),
	(229, 'FR', '47', 'Lot-et-Garonne', 81),
	(230, 'FR', '48', 'Lozère', 81),
	(231, 'FR', '49', 'Maine-et-Loire', 81),
	(232, 'FR', '50', 'Manche', 81),
	(233, 'FR', '51', 'Marne', 81),
	(234, 'FR', '52', 'Haute-Marne', 81),
	(235, 'FR', '53', 'Mayenne', 81),
	(236, 'FR', '54', 'Meurthe-et-Moselle', 81),
	(237, 'FR', '55', 'Meuse', 81),
	(238, 'FR', '56', 'Morbihan', 81),
	(239, 'FR', '57', 'Moselle', 81),
	(240, 'FR', '58', 'Nièvre', 81),
	(241, 'FR', '59', 'Nord', 81),
	(242, 'FR', '60', 'Oise', 81),
	(243, 'FR', '61', 'Orne', 81),
	(244, 'FR', '62', 'Pas-de-Calais', 81),
	(245, 'FR', '63', 'Puy-de-Dôme', 81),
	(246, 'FR', '64', 'Pyrénées-Atlantiques', 81),
	(247, 'FR', '65', 'Hautes-Pyrénées', 81),
	(248, 'FR', '66', 'Pyrénées-Orientales', 81),
	(249, 'FR', '67', 'Bas-Rhin', 81),
	(250, 'FR', '68', 'Haut-Rhin', 81),
	(251, 'FR', '69', 'Rhône', 81),
	(252, 'FR', '70', 'Haute-Saône', 81),
	(253, 'FR', '71', 'Saône-et-Loire', 81),
	(254, 'FR', '72', 'Sarthe', 81),
	(255, 'FR', '73', 'Savoie', 81),
	(256, 'FR', '74', 'Haute-Savoie', 81),
	(257, 'FR', '75', 'Paris', 81),
	(258, 'FR', '76', 'Seine-Maritime', 81),
	(259, 'FR', '77', 'Seine-et-Marne', 81),
	(260, 'FR', '78', 'Yvelines', 81),
	(261, 'FR', '79', 'Deux-Sèvres', 81),
	(262, 'FR', '80', 'Somme', 81),
	(263, 'FR', '81', 'Tarn', 81),
	(264, 'FR', '82', 'Tarn-et-Garonne', 81),
	(265, 'FR', '83', 'Var', 81),
	(266, 'FR', '84', 'Vaucluse', 81),
	(267, 'FR', '85', 'Vendée', 81),
	(268, 'FR', '86', 'Vienne', 81),
	(269, 'FR', '87', 'Haute-Vienne', 81),
	(270, 'FR', '88', 'Vosges', 81),
	(271, 'FR', '89', 'Yonne', 81),
	(272, 'FR', '90', 'Territoire-de-Belfort', 81),
	(273, 'FR', '91', 'Essonne', 81),
	(274, 'FR', '92', 'Hauts-de-Seine', 81),
	(275, 'FR', '93', 'Seine-Saint-Denis', 81),
	(276, 'FR', '94', 'Val-de-Marne', 81),
	(277, 'FR', '95', 'Val-d\'Oise', 81),
	(278, 'RO', 'AB', 'Alba', 185),
	(279, 'RO', 'AR', 'Arad', 185),
	(280, 'RO', 'AG', 'Argeş', 185),
	(281, 'RO', 'BC', 'Bacău', 185),
	(282, 'RO', 'BH', 'Bihor', 185),
	(283, 'RO', 'BN', 'Bistriţa-Năsăud', 185),
	(284, 'RO', 'BT', 'Botoşani', 185),
	(285, 'RO', 'BV', 'Braşov', 185),
	(286, 'RO', 'BR', 'Brăila', 185),
	(287, 'RO', 'B', 'Bucureşti', 185),
	(288, 'RO', 'BZ', 'Buzău', 185),
	(289, 'RO', 'CS', 'Caraş-Severin', 185),
	(290, 'RO', 'CL', 'Călăraşi', 185),
	(291, 'RO', 'CJ', 'Cluj', 185),
	(292, 'RO', 'CT', 'Constanţa', 185),
	(293, 'RO', 'CV', 'Covasna', 185),
	(294, 'RO', 'DB', 'Dâmboviţa', 185),
	(295, 'RO', 'DJ', 'Dolj', 185),
	(296, 'RO', 'GL', 'Galaţi', 185),
	(297, 'RO', 'GR', 'Giurgiu', 185),
	(298, 'RO', 'GJ', 'Gorj', 185),
	(299, 'RO', 'HR', 'Harghita', 185),
	(300, 'RO', 'HD', 'Hunedoara', 185),
	(301, 'RO', 'IL', 'Ialomiţa', 185),
	(302, 'RO', 'IS', 'Iaşi', 185),
	(303, 'RO', 'IF', 'Ilfov', 185),
	(304, 'RO', 'MM', 'Maramureş', 185),
	(305, 'RO', 'MH', 'Mehedinţi', 185),
	(306, 'RO', 'MS', 'Mureş', 185),
	(307, 'RO', 'NT', 'Neamţ', 185),
	(308, 'RO', 'OT', 'Olt', 185),
	(309, 'RO', 'PH', 'Prahova', 185),
	(310, 'RO', 'SM', 'Satu-Mare', 185),
	(311, 'RO', 'SJ', 'Sălaj', 185),
	(312, 'RO', 'SB', 'Sibiu', 185),
	(313, 'RO', 'SV', 'Suceava', 185),
	(314, 'RO', 'TR', 'Teleorman', 185),
	(315, 'RO', 'TM', 'Timiş', 185),
	(316, 'RO', 'TL', 'Tulcea', 185),
	(317, 'RO', 'VS', 'Vaslui', 185),
	(318, 'RO', 'VL', 'Vâlcea', 185),
	(319, 'RO', 'VN', 'Vrancea', 185),
	(320, 'FI', 'Lappi', 'Lappi', 80),
	(321, 'FI', 'Pohjois-Pohjanmaa', 'Pohjois-Pohjanmaa', 80),
	(322, 'FI', 'Kainuu', 'Kainuu', 80),
	(323, 'FI', 'Pohjois-Karjala', 'Pohjois-Karjala', 80),
	(324, 'FI', 'Pohjois-Savo', 'Pohjois-Savo', 80),
	(325, 'FI', 'Etelä-Savo', 'Etelä-Savo', 80),
	(326, 'FI', 'Etelä-Pohjanmaa', 'Etelä-Pohjanmaa', 80),
	(327, 'FI', 'Pohjanmaa', 'Pohjanmaa', 80),
	(328, 'FI', 'Pirkanmaa', 'Pirkanmaa', 80),
	(329, 'FI', 'Satakunta', 'Satakunta', 80),
	(330, 'FI', 'Keski-Pohjanmaa', 'Keski-Pohjanmaa', 80),
	(331, 'FI', 'Keski-Suomi', 'Keski-Suomi', 80),
	(332, 'FI', 'Varsinais-Suomi', 'Varsinais-Suomi', 80),
	(333, 'FI', 'Etelä-Karjala', 'Etelä-Karjala', 80),
	(334, 'FI', 'Päijät-Häme', 'Päijät-Häme', 80),
	(335, 'FI', 'Kanta-Häme', 'Kanta-Häme', 80),
	(336, 'FI', 'Uusimaa', 'Uusimaa', 80),
	(337, 'FI', 'Itä-Uusimaa', 'Itä-Uusimaa', 80),
	(338, 'FI', 'Kymenlaakso', 'Kymenlaakso', 80),
	(339, 'FI', 'Ahvenanmaa', 'Ahvenanmaa', 80),
	(340, 'EE', 'EE-37', 'Harjumaa', 74),
	(341, 'EE', 'EE-39', 'Hiiumaa', 74),
	(342, 'EE', 'EE-44', 'Ida-Virumaa', 74),
	(343, 'EE', 'EE-49', 'Jõgevamaa', 74),
	(344, 'EE', 'EE-51', 'Järvamaa', 74),
	(345, 'EE', 'EE-57', 'Läänemaa', 74),
	(346, 'EE', 'EE-59', 'Lääne-Virumaa', 74),
	(347, 'EE', 'EE-65', 'Põlvamaa', 74),
	(348, 'EE', 'EE-67', 'Pärnumaa', 74),
	(349, 'EE', 'EE-70', 'Raplamaa', 74),
	(350, 'EE', 'EE-74', 'Saaremaa', 74),
	(351, 'EE', 'EE-78', 'Tartumaa', 74),
	(352, 'EE', 'EE-82', 'Valgamaa', 74),
	(353, 'EE', 'EE-84', 'Viljandimaa', 74),
	(354, 'EE', 'EE-86', 'Võrumaa', 74),
	(355, 'LV', 'LV-DGV', 'Daugavpils', 125),
	(356, 'LV', 'LV-JEL', 'Jelgava', 125),
	(357, 'LV', 'Jēkabpils', 'Jēkabpils', 125),
	(358, 'LV', 'LV-JUR', 'Jūrmala', 125),
	(359, 'LV', 'LV-LPX', 'Liepāja', 125),
	(360, 'LV', 'LV-LE', 'Liepājas novads', 125),
	(361, 'LV', 'LV-REZ', 'Rēzekne', 125),
	(362, 'LV', 'LV-RIX', 'Rīga', 125),
	(363, 'LV', 'LV-RI', 'Rīgas novads', 125),
	(364, 'LV', 'Valmiera', 'Valmiera', 125),
	(365, 'LV', 'LV-VEN', 'Ventspils', 125),
	(366, 'LV', 'Aglonas novads', 'Aglonas novads', 125),
	(367, 'LV', 'LV-AI', 'Aizkraukles novads', 125),
	(368, 'LV', 'Aizputes novads', 'Aizputes novads', 125),
	(369, 'LV', 'Aknīstes novads', 'Aknīstes novads', 125),
	(370, 'LV', 'Alojas novads', 'Alojas novads', 125),
	(371, 'LV', 'Alsungas novads', 'Alsungas novads', 125),
	(372, 'LV', 'LV-AL', 'Alūksnes novads', 125),
	(373, 'LV', 'Amatas novads', 'Amatas novads', 125),
	(374, 'LV', 'Apes novads', 'Apes novads', 125),
	(375, 'LV', 'Auces novads', 'Auces novads', 125),
	(376, 'LV', 'Babītes novads', 'Babītes novads', 125),
	(377, 'LV', 'Baldones novads', 'Baldones novads', 125),
	(378, 'LV', 'Baltinavas novads', 'Baltinavas novads', 125),
	(379, 'LV', 'LV-BL', 'Balvu novads', 125),
	(380, 'LV', 'LV-BU', 'Bauskas novads', 125),
	(381, 'LV', 'Beverīnas novads', 'Beverīnas novads', 125),
	(382, 'LV', 'Brocēnu novads', 'Brocēnu novads', 125),
	(383, 'LV', 'Burtnieku novads', 'Burtnieku novads', 125),
	(384, 'LV', 'Carnikavas novads', 'Carnikavas novads', 125),
	(385, 'LV', 'Cesvaines novads', 'Cesvaines novads', 125),
	(386, 'LV', 'Ciblas novads', 'Ciblas novads', 125),
	(387, 'LV', 'LV-CE', 'Cēsu novads', 125),
	(388, 'LV', 'Dagdas novads', 'Dagdas novads', 125),
	(389, 'LV', 'LV-DA', 'Daugavpils novads', 125),
	(390, 'LV', 'LV-DO', 'Dobeles novads', 125),
	(391, 'LV', 'Dundagas novads', 'Dundagas novads', 125),
	(392, 'LV', 'Durbes novads', 'Durbes novads', 125),
	(393, 'LV', 'Engures novads', 'Engures novads', 125),
	(394, 'LV', 'Garkalnes novads', 'Garkalnes novads', 125),
	(395, 'LV', 'Grobiņas novads', 'Grobiņas novads', 125),
	(396, 'LV', 'LV-GU', 'Gulbenes novads', 125),
	(397, 'LV', 'Iecavas novads', 'Iecavas novads', 125),
	(398, 'LV', 'Ikšķiles novads', 'Ikšķiles novads', 125),
	(399, 'LV', 'Ilūkstes novads', 'Ilūkstes novads', 125),
	(400, 'LV', 'Inčukalna novads', 'Inčukalna novads', 125),
	(401, 'LV', 'Jaunjelgavas novads', 'Jaunjelgavas novads', 125),
	(402, 'LV', 'Jaunpiebalgas novads', 'Jaunpiebalgas novads', 125),
	(403, 'LV', 'Jaunpils novads', 'Jaunpils novads', 125),
	(404, 'LV', 'LV-JL', 'Jelgavas novads', 125),
	(405, 'LV', 'LV-JK', 'Jēkabpils novads', 125),
	(406, 'LV', 'Kandavas novads', 'Kandavas novads', 125),
	(407, 'LV', 'Kokneses novads', 'Kokneses novads', 125),
	(408, 'LV', 'Krimuldas novads', 'Krimuldas novads', 125),
	(409, 'LV', 'Krustpils novads', 'Krustpils novads', 125),
	(410, 'LV', 'LV-KR', 'Krāslavas novads', 125),
	(411, 'LV', 'LV-KU', 'Kuldīgas novads', 125),
	(412, 'LV', 'Kārsavas novads', 'Kārsavas novads', 125),
	(413, 'LV', 'Lielvārdes novads', 'Lielvārdes novads', 125),
	(414, 'LV', 'LV-LM', 'Limbažu novads', 125),
	(415, 'LV', 'Lubānas novads', 'Lubānas novads', 125),
	(416, 'LV', 'LV-LU', 'Ludzas novads', 125),
	(417, 'LV', 'Līgatnes novads', 'Līgatnes novads', 125),
	(418, 'LV', 'Līvānu novads', 'Līvānu novads', 125),
	(419, 'LV', 'LV-MA', 'Madonas novads', 125),
	(420, 'LV', 'Mazsalacas novads', 'Mazsalacas novads', 125),
	(421, 'LV', 'Mālpils novads', 'Mālpils novads', 125),
	(422, 'LV', 'Mārupes novads', 'Mārupes novads', 125),
	(423, 'LV', 'Naukšēnu novads', 'Naukšēnu novads', 125),
	(424, 'LV', 'Neretas novads', 'Neretas novads', 125),
	(425, 'LV', 'Nīcas novads', 'Nīcas novads', 125),
	(426, 'LV', 'LV-OG', 'Ogres novads', 125),
	(427, 'LV', 'Olaines novads', 'Olaines novads', 125),
	(428, 'LV', 'Ozolnieku novads', 'Ozolnieku novads', 125),
	(429, 'LV', 'LV-PR', 'Preiļu novads', 125),
	(430, 'LV', 'Priekules novads', 'Priekules novads', 125),
	(431, 'LV', 'Priekuļu novads', 'Priekuļu novads', 125),
	(432, 'LV', 'Pārgaujas novads', 'Pārgaujas novads', 125),
	(433, 'LV', 'Pāvilostas novads', 'Pāvilostas novads', 125),
	(434, 'LV', 'Pļaviņu novads', 'Pļaviņu novads', 125),
	(435, 'LV', 'Raunas novads', 'Raunas novads', 125),
	(436, 'LV', 'Riebiņu novads', 'Riebiņu novads', 125),
	(437, 'LV', 'Rojas novads', 'Rojas novads', 125),
	(438, 'LV', 'Ropažu novads', 'Ropažu novads', 125),
	(439, 'LV', 'Rucavas novads', 'Rucavas novads', 125),
	(440, 'LV', 'Rugāju novads', 'Rugāju novads', 125),
	(441, 'LV', 'Rundāles novads', 'Rundāles novads', 125),
	(442, 'LV', 'LV-RE', 'Rēzeknes novads', 125),
	(443, 'LV', 'Rūjienas novads', 'Rūjienas novads', 125),
	(444, 'LV', 'Salacgrīvas novads', 'Salacgrīvas novads', 125),
	(445, 'LV', 'Salas novads', 'Salas novads', 125),
	(446, 'LV', 'Salaspils novads', 'Salaspils novads', 125),
	(447, 'LV', 'LV-SA', 'Saldus novads', 125),
	(448, 'LV', 'Saulkrastu novads', 'Saulkrastu novads', 125),
	(449, 'LV', 'Siguldas novads', 'Siguldas novads', 125),
	(450, 'LV', 'Skrundas novads', 'Skrundas novads', 125),
	(451, 'LV', 'Skrīveru novads', 'Skrīveru novads', 125),
	(452, 'LV', 'Smiltenes novads', 'Smiltenes novads', 125),
	(453, 'LV', 'Stopiņu novads', 'Stopiņu novads', 125),
	(454, 'LV', 'Strenču novads', 'Strenču novads', 125),
	(455, 'LV', 'Sējas novads', 'Sējas novads', 125),
	(456, 'LV', 'LV-TA', 'Talsu novads', 125),
	(457, 'LV', 'LV-TU', 'Tukuma novads', 125),
	(458, 'LV', 'Tērvetes novads', 'Tērvetes novads', 125),
	(459, 'LV', 'Vaiņodes novads', 'Vaiņodes novads', 125),
	(460, 'LV', 'LV-VK', 'Valkas novads', 125),
	(461, 'LV', 'LV-VM', 'Valmieras novads', 125),
	(462, 'LV', 'Varakļānu novads', 'Varakļānu novads', 125),
	(463, 'LV', 'Vecpiebalgas novads', 'Vecpiebalgas novads', 125),
	(464, 'LV', 'Vecumnieku novads', 'Vecumnieku novads', 125),
	(465, 'LV', 'LV-VE', 'Ventspils novads', 125),
	(466, 'LV', 'Viesītes novads', 'Viesītes novads', 125),
	(467, 'LV', 'Viļakas novads', 'Viļakas novads', 125),
	(468, 'LV', 'Viļānu novads', 'Viļānu novads', 125),
	(469, 'LV', 'Vārkavas novads', 'Vārkavas novads', 125),
	(470, 'LV', 'Zilupes novads', 'Zilupes novads', 125),
	(471, 'LV', 'Ādažu novads', 'Ādažu novads', 125),
	(472, 'LV', 'Ērgļu novads', 'Ērgļu novads', 125),
	(473, 'LV', 'Ķeguma novads', 'Ķeguma novads', 125),
	(474, 'LV', 'Ķekavas novads', 'Ķekavas novads', 125),
	(475, 'LT', 'LT-AL', 'Alytaus Apskritis', 131),
	(476, 'LT', 'LT-KU', 'Kauno Apskritis', 131),
	(477, 'LT', 'LT-KL', 'Klaipėdos Apskritis', 131),
	(478, 'LT', 'LT-MR', 'Marijampolės Apskritis', 131),
	(479, 'LT', 'LT-PN', 'Panevėžio Apskritis', 131),
	(480, 'LT', 'LT-SA', 'Šiaulių Apskritis', 131),
	(481, 'LT', 'LT-TA', 'Tauragės Apskritis', 131),
	(482, 'LT', 'LT-TE', 'Telšių Apskritis', 131),
	(483, 'LT', 'LT-UT', 'Utenos Apskritis', 131),
	(484, 'LT', 'LT-VL', 'Vilniaus Apskritis', 131),
	(485, 'BR', 'AC', 'Acre', 31),
	(486, 'BR', 'AL', 'Alagoas', 31),
	(487, 'BR', 'AP', 'Amapá', 31),
	(488, 'BR', 'AM', 'Amazonas', 31),
	(489, 'BR', 'BA', 'Bahia', 31),
	(490, 'BR', 'CE', 'Ceará', 31),
	(491, 'BR', 'ES', 'Espírito Santo', 31),
	(492, 'BR', 'GO', 'Goiás', 31),
	(493, 'BR', 'MA', 'Maranhão', 31),
	(494, 'BR', 'MT', 'Mato Grosso', 31),
	(495, 'BR', 'MS', 'Mato Grosso do Sul', 31),
	(496, 'BR', 'MG', 'Minas Gerais', 31),
	(497, 'BR', 'PA', 'Pará', 31),
	(498, 'BR', 'PB', 'Paraíba', 31),
	(499, 'BR', 'PR', 'Paraná', 31),
	(500, 'BR', 'PE', 'Pernambuco', 31),
	(501, 'BR', 'PI', 'Piauí', 31),
	(502, 'BR', 'RJ', 'Rio de Janeiro', 31),
	(503, 'BR', 'RN', 'Rio Grande do Norte', 31),
	(504, 'BR', 'RS', 'Rio Grande do Sul', 31),
	(505, 'BR', 'RO', 'Rondônia', 31),
	(506, 'BR', 'RR', 'Roraima', 31),
	(507, 'BR', 'SC', 'Santa Catarina', 31),
	(508, 'BR', 'SP', 'São Paulo', 31),
	(509, 'BR', 'SE', 'Sergipe', 31),
	(510, 'BR', 'TO', 'Tocantins', 31),
	(511, 'BR', 'DF', 'Distrito Federal', 31),
	(512, 'HR', 'HR-01', 'Zagrebačka županija', 59),
	(513, 'HR', 'HR-02', 'Krapinsko-zagorska županija', 59),
	(514, 'HR', 'HR-03', 'Sisačko-moslavačka županija', 59),
	(515, 'HR', 'HR-04', 'Karlovačka županija', 59),
	(516, 'HR', 'HR-05', 'Varaždinska županija', 59),
	(517, 'HR', 'HR-06', 'Koprivničko-križevačka županija', 59),
	(518, 'HR', 'HR-07', 'Bjelovarsko-bilogorska županija', 59),
	(519, 'HR', 'HR-08', 'Primorsko-goranska županija', 59),
	(520, 'HR', 'HR-09', 'Ličko-senjska županija', 59),
	(521, 'HR', 'HR-10', 'Virovitičko-podravska županija', 59),
	(522, 'HR', 'HR-11', 'Požeško-slavonska županija', 59),
	(523, 'HR', 'HR-12', 'Brodsko-posavska županija', 59),
	(524, 'HR', 'HR-13', 'Zadarska županija', 59),
	(525, 'HR', 'HR-14', 'Osječko-baranjska županija', 59),
	(526, 'HR', 'HR-15', 'Šibensko-kninska županija', 59),
	(527, 'HR', 'HR-16', 'Vukovarsko-srijemska županija', 59),
	(528, 'HR', 'HR-17', 'Splitsko-dalmatinska županija', 59),
	(529, 'HR', 'HR-18', 'Istarska županija', 59),
	(530, 'HR', 'HR-19', 'Dubrovačko-neretvanska županija', 59),
	(531, 'HR', 'HR-20', 'Međimurska županija', 59),
	(532, 'HR', 'HR-21', 'Grad Zagreb', 59),
	(533, 'IN', 'AN', 'Andaman and Nicobar Islands', 106),
	(534, 'IN', 'AP', 'Andhra Pradesh', 106),
	(535, 'IN', 'AR', 'Arunachal Pradesh', 106),
	(536, 'IN', 'AS', 'Assam', 106),
	(537, 'IN', 'BR', 'Bihar', 106),
	(538, 'IN', 'CH', 'Chandigarh', 106),
	(539, 'IN', 'CT', 'Chhattisgarh', 106),
	(540, 'IN', 'DN', 'Dadra and Nagar Haveli', 106),
	(541, 'IN', 'DD', 'Daman and Diu', 106),
	(542, 'IN', 'DL', 'Delhi', 106),
	(543, 'IN', 'GA', 'Goa', 106),
	(544, 'IN', 'GJ', 'Gujarat', 106),
	(545, 'IN', 'HR', 'Haryana', 106),
	(546, 'IN', 'HP', 'Himachal Pradesh', 106),
	(547, 'IN', 'JK', 'Jammu and Kashmir', 106),
	(548, 'IN', 'JH', 'Jharkhand', 106),
	(549, 'IN', 'KA', 'Karnataka', 106),
	(550, 'IN', 'KL', 'Kerala', 106),
	(551, 'IN', 'LD', 'Lakshadweep', 106),
	(552, 'IN', 'MP', 'Madhya Pradesh', 106),
	(553, 'IN', 'MH', 'Maharashtra', 106),
	(554, 'IN', 'MN', 'Manipur', 106),
	(555, 'IN', 'ML', 'Meghalaya', 106),
	(556, 'IN', 'MZ', 'Mizoram', 106),
	(557, 'IN', 'NL', 'Nagaland', 106),
	(558, 'IN', 'OR', 'Odisha', 106),
	(559, 'IN', 'PY', 'Puducherry', 106),
	(560, 'IN', 'PB', 'Punjab', 106),
	(561, 'IN', 'RJ', 'Rajasthan', 106),
	(562, 'IN', 'SK', 'Sikkim', 106),
	(563, 'IN', 'TN', 'Tamil Nadu', 106),
	(564, 'IN', 'TG', 'Telangana', 106),
	(565, 'IN', 'TR', 'Tripura', 106),
	(566, 'IN', 'UP', 'Uttar Pradesh', 106),
	(567, 'IN', 'UT', 'Uttarakhand', 106),
	(568, 'IN', 'WB', 'West Bengal', 106);
/*!40000 ALTER TABLE `country_states` ENABLE KEYS */;

-- Дамп структуры для таблица blue_bird_cafe.country_state_translations
CREATE TABLE IF NOT EXISTS `country_state_translations` (
  `id` int(10) unsigned NOT NULL AUTO_INCREMENT,
  `locale` varchar(191) COLLATE utf8mb4_unicode_ci NOT NULL,
  `name` text COLLATE utf8mb4_unicode_ci DEFAULT NULL,
  `country_state_id` int(10) unsigned NOT NULL,
  PRIMARY KEY (`id`),
  KEY `country_state_translations_country_state_id_foreign` (`country_state_id`),
  CONSTRAINT `country_state_translations_country_state_id_foreign` FOREIGN KEY (`country_state_id`) REFERENCES `country_states` (`id`) ON DELETE CASCADE
) ENGINE=InnoDB DEFAULT CHARSET=utf8mb4 COLLATE=utf8mb4_unicode_ci ROW_FORMAT=DYNAMIC;

-- Дамп данных таблицы blue_bird_cafe.country_state_translations: ~0 rows (приблизительно)
/*!40000 ALTER TABLE `country_state_translations` DISABLE KEYS */;
/*!40000 ALTER TABLE `country_state_translations` ENABLE KEYS */;

-- Дамп структуры для таблица blue_bird_cafe.country_translations
CREATE TABLE IF NOT EXISTS `country_translations` (
  `id` int(10) unsigned NOT NULL AUTO_INCREMENT,
  `locale` varchar(191) COLLATE utf8mb4_unicode_ci NOT NULL,
  `name` text COLLATE utf8mb4_unicode_ci DEFAULT NULL,
  `country_id` int(10) unsigned NOT NULL,
  PRIMARY KEY (`id`),
  KEY `country_translations_country_id_foreign` (`country_id`),
  CONSTRAINT `country_translations_country_id_foreign` FOREIGN KEY (`country_id`) REFERENCES `countries` (`id`) ON DELETE CASCADE
) ENGINE=InnoDB DEFAULT CHARSET=utf8mb4 COLLATE=utf8mb4_unicode_ci ROW_FORMAT=DYNAMIC;

-- Дамп данных таблицы blue_bird_cafe.country_translations: ~0 rows (приблизительно)
/*!40000 ALTER TABLE `country_translations` DISABLE KEYS */;
/*!40000 ALTER TABLE `country_translations` ENABLE KEYS */;

-- Дамп структуры для таблица blue_bird_cafe.currencies
CREATE TABLE IF NOT EXISTS `currencies` (
  `id` int(10) unsigned NOT NULL AUTO_INCREMENT,
  `code` varchar(191) COLLATE utf8mb4_unicode_ci NOT NULL,
  `name` varchar(191) COLLATE utf8mb4_unicode_ci NOT NULL,
  `created_at` timestamp NULL DEFAULT NULL,
  `updated_at` timestamp NULL DEFAULT NULL,
  PRIMARY KEY (`id`)
) ENGINE=InnoDB AUTO_INCREMENT=5 DEFAULT CHARSET=utf8mb4 COLLATE=utf8mb4_unicode_ci ROW_FORMAT=DYNAMIC;

-- Дамп данных таблицы blue_bird_cafe.currencies: ~4 rows (приблизительно)
/*!40000 ALTER TABLE `currencies` DISABLE KEYS */;
REPLACE INTO `currencies` (`id`, `code`, `name`, `created_at`, `updated_at`) VALUES
	(1, 'USD', 'US Dollar', NULL, NULL),
	(2, 'EUR', 'Euro', '2019-08-26 14:33:30', '2019-08-26 14:33:30'),
	(3, 'UAH', 'Gryvnya', '2019-08-29 16:49:02', '2019-08-29 16:49:02'),
	(4, 'HUF', 'Forint', '2019-08-29 18:20:36', '2019-08-29 18:20:36');
/*!40000 ALTER TABLE `currencies` ENABLE KEYS */;

-- Дамп структуры для таблица blue_bird_cafe.currency_exchange_rates
CREATE TABLE IF NOT EXISTS `currency_exchange_rates` (
  `id` int(10) unsigned NOT NULL AUTO_INCREMENT,
  `rate` decimal(10,5) NOT NULL,
  `target_currency` int(10) unsigned NOT NULL,
  `created_at` timestamp NULL DEFAULT NULL,
  `updated_at` timestamp NULL DEFAULT NULL,
  PRIMARY KEY (`id`),
  UNIQUE KEY `currency_exchange_rates_target_currency_unique` (`target_currency`),
  CONSTRAINT `currency_exchange_rates_target_currency_foreign` FOREIGN KEY (`target_currency`) REFERENCES `currencies` (`id`) ON DELETE CASCADE
) ENGINE=InnoDB AUTO_INCREMENT=4 DEFAULT CHARSET=utf8mb4 COLLATE=utf8mb4_unicode_ci ROW_FORMAT=DYNAMIC;

-- Дамп данных таблицы blue_bird_cafe.currency_exchange_rates: ~3 rows (приблизительно)
/*!40000 ALTER TABLE `currency_exchange_rates` DISABLE KEYS */;
REPLACE INTO `currency_exchange_rates` (`id`, `rate`, `target_currency`, `created_at`, `updated_at`) VALUES
	(1, 1.00000, 1, '2019-08-26 14:33:14', '2019-08-26 14:33:14'),
	(2, 0.90000, 2, '2019-08-26 14:33:43', '2019-08-26 14:33:43'),
	(3, 1.00000, 4, '2019-08-29 18:29:54', '2019-09-05 16:15:50');
/*!40000 ALTER TABLE `currency_exchange_rates` ENABLE KEYS */;

-- Дамп структуры для таблица blue_bird_cafe.customers
CREATE TABLE IF NOT EXISTS `customers` (
  `id` int(10) unsigned NOT NULL AUTO_INCREMENT,
  `channel_id` int(10) unsigned NOT NULL,
  `first_name` varchar(191) COLLATE utf8mb4_unicode_ci NOT NULL,
  `last_name` varchar(191) COLLATE utf8mb4_unicode_ci NOT NULL,
  `gender` varchar(50) COLLATE utf8mb4_unicode_ci DEFAULT NULL,
  `date_of_birth` date DEFAULT NULL,
  `email` varchar(191) COLLATE utf8mb4_unicode_ci NOT NULL,
  `status` tinyint(4) NOT NULL DEFAULT 1,
  `password` varchar(191) COLLATE utf8mb4_unicode_ci NOT NULL,
  `customer_group_id` int(10) unsigned DEFAULT NULL,
  `subscribed_to_news_letter` tinyint(1) NOT NULL DEFAULT 0,
  `is_verified` tinyint(1) NOT NULL DEFAULT 0,
  `token` varchar(191) COLLATE utf8mb4_unicode_ci DEFAULT NULL,
  `remember_token` varchar(100) COLLATE utf8mb4_unicode_ci DEFAULT NULL,
  `created_at` timestamp NULL DEFAULT NULL,
  `updated_at` timestamp NULL DEFAULT NULL,
  `notes` text COLLATE utf8mb4_unicode_ci DEFAULT NULL,
  `phone` varchar(191) COLLATE utf8mb4_unicode_ci DEFAULT NULL,
  `points` varchar(191) COLLATE utf8mb4_unicode_ci DEFAULT '0',
  `used_points` varchar(191) COLLATE utf8mb4_unicode_ci DEFAULT '0',
  PRIMARY KEY (`id`),
  UNIQUE KEY `customers_email_unique` (`email`),
  KEY `customers_channel_id_foreign` (`channel_id`),
  KEY `customers_customer_group_id_foreign` (`customer_group_id`),
  CONSTRAINT `customers_channel_id_foreign` FOREIGN KEY (`channel_id`) REFERENCES `channels` (`id`),
  CONSTRAINT `customers_customer_group_id_foreign` FOREIGN KEY (`customer_group_id`) REFERENCES `customer_groups` (`id`) ON DELETE SET NULL
) ENGINE=InnoDB AUTO_INCREMENT=57 DEFAULT CHARSET=utf8mb4 COLLATE=utf8mb4_unicode_ci ROW_FORMAT=DYNAMIC;

-- Дамп данных таблицы blue_bird_cafe.customers: ~47 rows (приблизительно)
/*!40000 ALTER TABLE `customers` DISABLE KEYS */;
REPLACE INTO `customers` (`id`, `channel_id`, `first_name`, `last_name`, `gender`, `date_of_birth`, `email`, `status`, `password`, `customer_group_id`, `subscribed_to_news_letter`, `is_verified`, `token`, `remember_token`, `created_at`, `updated_at`, `notes`, `phone`, `points`, `used_points`) VALUES
	(1, 1, 'Igor', 'Flerko', NULL, NULL, 'magicjoke@gmail.com', 1, '$2y$10$uSJcoWiRTWdG66dZmcdvxuCPHrTghGXUKlHTXT3IWzwYxETdUVj5y', 2, 0, 1, 'd237b7930ae901bfdff5990b0c4fe65e', 'rR6OCaBq6kmYcHnJayZ89KW6m6uNCZyXDlLmKMtkwMOk8jCWZMpqSEkfVphp', '2019-08-20 18:02:58', '2019-08-20 18:02:58', NULL, NULL, '0', '0'),
	(2, 1, '1', '1', NULL, NULL, '1@gmail.com', 1, '$2y$10$k8HvD1/X.FZoijs1xQWNs.GuWlWxy33ZjrX7w0LPP/UlcMbkSgm2.', 2, 0, 1, '36a8d43c8eb27fbfe56bfdc3d16716f4', NULL, '2019-08-22 14:37:36', '2019-08-22 14:37:36', NULL, NULL, '0', '0'),
	(3, 1, 'test1', 'super3', 'male', NULL, 'test@gmail.com', 1, '$2y$10$NCnNC090cgWMQ62hbide/uV2VEIHeq/JkhmUB3dlycdPZTVYVGK3y', 2, 0, 1, '02b66e934fc50885fa39bc81abb620fd', 'rdXhVtdt5CuR9z6jw85yh6WAU7v84nAIUWpPQLsv8vI1i1hNgnqbU3NUWDwJ', '2019-08-22 15:38:23', '2019-10-02 21:18:09', NULL, '38097999999', '3965', '0'),
	(4, 1, 'Mega', 'Test', NULL, NULL, 'mega@gmail.com', 1, '$2y$10$gr4.KZRvUb62X8VntCTea.6hEWglBuv5nkfYrbxCMfvMM0KF7IiSe', 2, 0, 1, 'a3e34acbfb4ad797f99b377a5d746014', NULL, '2019-08-23 17:01:29', '2019-08-23 17:01:29', NULL, NULL, '0', '0'),
	(5, 1, 'nfgzmz', 'zgfmhm', NULL, NULL, 'goon2004@ukr.net', 1, '$2y$10$nUH2dS2YRjb92WXd7lPlieoowjXTaDvlG3o8Ar7/554Cun43jq6GW', 2, 0, 1, '37722b2c7ce3eaf54c2da83362d4d003', 'QIFDZGM1lMwvtM6uzHE4xsqfkByYHSNEEuBf4yR7B5AI76c2PiQYYJwuFI8D', '2019-09-17 19:54:14', '2019-09-17 19:54:14', NULL, NULL, '0', '0'),
	(8, 1, 'test', 'test2', NULL, NULL, 'super_email@gmail.com', 1, '1qaz2wsX', 2, 0, 0, NULL, NULL, '2019-09-18 15:55:51', '2019-09-18 15:55:51', NULL, NULL, '0', '0'),
	(10, 1, 'test2', 'test', NULL, NULL, 'super_email1@gmail.com', 1, '1qaz2wsX', 2, 0, 0, NULL, NULL, '2019-09-18 15:57:41', '2019-09-18 15:57:41', NULL, NULL, '0', '0'),
	(11, 1, 'asdasd', 'asdasd', NULL, NULL, 'asdasd@gmail.com', 1, '$2y$10$pFZQIbFembxgR41WEEWhZ.hcwKyb3n4RJsnB8nEGVvW25pY9ZKsbK', 2, 0, 0, NULL, NULL, '2019-09-18 16:19:36', '2019-09-18 16:19:36', NULL, NULL, '0', '0'),
	(12, 1, 'test23', 'test23', NULL, NULL, 'test23@gmail.com', 1, '$2y$10$CXLXqmkctfWGsiwS4bu1OOEAz49yVLGmvTOgYyKpjVcrtYuKNJ3vm', 2, 0, 0, NULL, NULL, '2019-09-18 16:29:29', '2019-09-18 16:29:29', NULL, NULL, '0', '0'),
	(13, 1, 'test23', 'test23', NULL, NULL, 'test233@gmail.com', 1, '$2y$10$p03kafazngCk7F08ZZb15uDU2UvhEwpVcxsfzKsbKL4pjJzdJyFiK', 2, 0, 0, NULL, NULL, '2019-09-18 16:37:11', '2019-09-18 16:37:11', NULL, NULL, '0', '0'),
	(14, 1, 'asd4', 'asd4', NULL, NULL, 'asd4@gmail.com', 1, '$2y$10$JFOyN7KMDHEqQUo4i318hexlJ4I9I0RdWlqT1NJsD64er.R8.Aenq', 2, 0, 0, NULL, NULL, '2019-09-18 16:39:53', '2019-09-18 16:39:53', NULL, NULL, '0', '0'),
	(16, 1, '234234as', '234234as', NULL, NULL, '234234as@gmail.com', 1, '$2y$10$dYBVxqiJCESDqrfWbBdNyeUCmv51GSyYeKBAuh5hrmrvKy67h0yxC', 2, 0, 0, NULL, NULL, '2019-09-18 16:40:19', '2019-09-18 16:40:19', NULL, NULL, '0', '0'),
	(17, 1, '24534', '234234as', NULL, NULL, '24534s@gmail.com', 1, '$2y$10$JOeEE/mpjFg1IkAe5zEJRuqXlwyjSeYRp6mmKgsM5dif4emrHO2C2', 2, 0, 0, NULL, NULL, '2019-09-18 16:40:57', '2019-09-18 16:40:57', NULL, NULL, '0', '0'),
	(18, 1, '', '', NULL, NULL, 'admin@example.com', 1, '$2y$10$Mq3piOUUS5nMJ3IpFUdwmuTwp0ODZS0tJ07dY./kcK.qlG3C8XCli', 2, 0, 0, NULL, NULL, '2019-09-18 19:45:47', '2019-09-18 19:45:47', NULL, NULL, '0', '0'),
	(20, 1, 'testsd', 'testsd', NULL, NULL, 'asdtestsd@example.com', 1, '$2y$10$P/f9uBvwk1eIt5B0Nfgo6eBCnP77/OHuaMZI52KvMb/LYE.8ZJS6O', 2, 0, 0, NULL, NULL, '2019-09-18 19:46:30', '2019-09-18 19:46:30', NULL, NULL, '0', '0'),
	(22, 1, 'asdasd', 'asdasd', NULL, NULL, 'Fasda@gmai.com', 1, '$2y$10$zoRIk2Q2M3WViipbRww31.mzdm0uB51g9foxoBWUd57DcoxxhBNR6', 2, 0, 0, NULL, NULL, '2019-09-18 19:48:31', '2019-09-18 19:48:31', NULL, NULL, '0', '0'),
	(23, 1, 'asdasd', 'asdasd', NULL, NULL, 'Fa234sda@gmai.com', 1, '$2y$10$mDF82IuTXpWCA1FiYfe1yexErHU3SCeQLZvgaZ6LkW37nueY/Fbme', 2, 0, 0, NULL, NULL, '2019-09-18 19:49:02', '2019-09-18 19:49:02', NULL, NULL, '0', '0'),
	(24, 1, 'asd2344', 'asd2344', NULL, NULL, 'adasd2344min@example.com', 1, '$2y$10$oCDom42O48a7CU2541D6oum2b9VgQEjIe2kwazYjYLFVN.fv/fA5a', 2, 0, 0, NULL, NULL, '2019-09-18 19:49:44', '2019-09-18 19:49:44', NULL, NULL, '0', '0'),
	(26, 1, '234', '234', NULL, NULL, '234234@example.com', 1, '$2y$10$zqSMGQgtc3.ueKuTE4HKe.ZY74dxndyv0/SfXAYNQoSa4meL5mf42', 2, 0, 0, NULL, NULL, '2019-09-18 20:57:30', '2019-09-18 20:57:30', NULL, NULL, '0', '0'),
	(28, 1, 'test', 'test', NULL, NULL, 'reftest@gmail.com', 1, '$2y$10$AjdCcZUFX2YpTaz6Eywwg.0vRSeypE4mmP34DnprqRVOv3kQXSBmW', 2, 0, 1, 'cee033b79766bf2cb33a110807c726e7', NULL, '2019-09-30 15:07:33', '2019-09-30 15:07:33', NULL, NULL, '0', '0'),
	(29, 1, 'testref', 'testref', NULL, NULL, 'testref@gmail.com', 1, '$2y$10$Zj8Ptdw0zr08umY2.5SyueuhBZ7W2zzmckhYkRPDin6v/zHdJNnLy', 2, 0, 1, '9f721e229ee10ee39e600cc5faede03b', NULL, '2019-09-30 15:16:15', '2019-09-30 15:16:15', NULL, NULL, '0', '0'),
	(30, 1, 'meharef', 'meharef', NULL, NULL, 'meharef@gmail.com', 1, '$2y$10$Q61mkA2uDPa/H80V.4Bu1uflBN0h.ZY2oMdcg/QUQa2ucNLyNGvHW', 2, 0, 1, 'c1e6acaa5f057be68769c7601a3b5434', NULL, '2019-09-30 15:20:14', '2019-09-30 15:20:14', NULL, NULL, '0', '0'),
	(31, 1, 'meharef2', 'meharef2', NULL, NULL, 'meharef2@gmail.com', 1, '$2y$10$agYBXO/IbOQXspTGgJBLpezYpJt/MmbmF3dHZePTl2Pp2dAV.gxn.', 2, 0, 1, 'b21564150904ad7189a7e7160f1e4207', NULL, '2019-09-30 15:27:30', '2019-09-30 15:27:30', NULL, NULL, '0', '0'),
	(32, 1, 'testtest', 'testtest', NULL, NULL, 'testtest@gmail.com', 1, '$2y$10$6iDPCJzWJBRffsmcMqRZI.C0w24ePDNPB4p3YSvdVtZT9a5mC7hRq', 2, 0, 1, '36d435d50396a4becc9b86fb8178a082', NULL, '2019-09-30 15:29:32', '2019-09-30 15:29:32', NULL, NULL, '0', '0'),
	(33, 1, 'testtestsad', 'testtestsad', NULL, NULL, 'testtestsad@gmail.com', 1, '$2y$10$deMMaPLpk0sS3lxwkFwvpumnkDgxP1InCUI1ZlF0xR5dj5f0Efr6S', 2, 0, 1, 'e72a77bebcdb9823b8bb9fa3a25c5e23', NULL, '2019-09-30 15:30:41', '2019-09-30 15:30:41', NULL, NULL, '0', '0'),
	(34, 1, '534534fsdf', '534534fsdf', NULL, NULL, '534534fsdf@gmail.com', 1, '$2y$10$a2hFgGzAtEoZSUUwjrbPE.ZsOVGKdJlPOnemqnu75qjTDTaZ12Wsa', 2, 0, 1, '5bb2983aad036bc9f0c11a175a495022', NULL, '2019-09-30 15:31:59', '2019-09-30 15:31:59', NULL, NULL, '0', '0'),
	(35, 1, 'test_02_10', 'test_02_10', NULL, NULL, 'test_02_10@gmail.com', 1, '$2y$10$qqmfcDAt9AMSGvm8b6llcuUurnF4dupVPQw4ZzXSL/gWwXmFcMsg6', 2, 0, 1, '8c59ac11f326ec18b33578cfe6dbee77', 'DL7SBTyC3i1ascm60mx5HDTHdrLpEXPwZPSwG9C8p5Q1HqN9wrKXyY2HvtZ1', '2019-10-02 14:45:55', '2019-10-02 14:50:56', NULL, NULL, '0', '0'),
	(36, 1, 'Dima', 'Di', NULL, NULL, 'dim4.86@ukr.net', 1, '$2y$10$n7z73ODTgEcEFqHug8qaDej61tB3Pk4M3tIsVJQntjyJww7pB0Q9i', 2, 0, 1, '968e81f599e3c170f989e18a7e0d0464', NULL, '2019-10-02 15:29:58', '2019-10-02 15:29:58', NULL, NULL, '0', '0'),
	(37, 1, 'test_02_10_1', 'test_02_10_1', NULL, NULL, 'test_02_10_1@gmail.com', 1, '$2y$10$gueOY0WRfdRQFs4trcRa6OdBFe9Nu/33KGKH.ldTyBjtf9Lvdbv.a', 2, 0, 1, 'ebd41d6a8279ec645bf36534963367f7', NULL, '2019-10-02 15:43:12', '2019-10-02 15:43:12', NULL, NULL, '0', '0'),
	(38, 1, 'test_02_10_3', 'test_02_10_3', NULL, NULL, 'test_02_10_3@gmail.com', 1, '$2y$10$yWuisP7NCmG/SZ/lFYshoutglb6qi5TXkeq72uQeXXkn9HT4Ef8Su', 2, 0, 1, '9a0caa974cf1e87c8fe948d7028c9c9e', NULL, '2019-10-02 15:59:40', '2019-10-02 15:59:40', NULL, NULL, '0', '0'),
	(39, 1, 'test_02_10_4', 'test_02_10_4', NULL, NULL, 'test_02_10_4@gmail.com', 1, '$2y$10$Zy7QZkz2kIcl06mqD6nro.eUGuRQjFKMfZ553.rn/q6jAMzyYwoHq', 2, 0, 1, '826ad114c1dbb532f214ee1f5f971a9c', NULL, '2019-10-02 16:00:29', '2019-10-02 16:00:29', NULL, NULL, '0', '0'),
	(40, 1, 'test_02_10_5', 'test_02_10_5', NULL, NULL, 'test_02_10_5@gmail.com', 1, '$2y$10$Sr9bHMQj3/Hj01xfwaZnrOCbh0mFE1.hCdgv.zryWFuFO8d/uGD/m', 2, 0, 1, 'c04d5beb93215dec288717268bc9ab62', NULL, '2019-10-02 16:01:02', '2019-10-02 16:01:02', NULL, NULL, '0', '0'),
	(41, 1, 'test_02_10_2', 'test_02_10_2', NULL, NULL, 'test_02_10_2@gmail.com', 1, '$2y$10$XuVMxmQGkQDDJ1tH4NOI5e.zJgqbSFzHck9VojLpvfrvGuvE6C4Pe', 2, 0, 1, '10361ca6657eea118525d3e3233c6a61', NULL, '2019-10-02 16:11:43', '2019-10-02 16:15:24', NULL, NULL, '0', '0'),
	(42, 1, 'asdasdas', 'asdasdas', NULL, NULL, 'asdasdas@gmail.com', 1, '$2y$10$RBQBqyq4nKsI0XnFdgR0cu0pi1vaEuiEohY/k1yxwzOEYTra2zWA.', 2, 0, 1, '1f30306e8cedd382a865a2c111f73a23', NULL, '2019-10-02 16:26:23', '2019-10-02 16:26:23', NULL, NULL, '0', '0'),
	(43, 1, 'Dmytro', 'Dim', '', NULL, 'dim4ik.86@ukr.net', 1, '$2y$10$jj2sCpom9HagTX5Pjlu3jeZwWN6YpT0ke7ZIM4ZMxiyqiOArBHdYq', 2, 0, 1, 'c1b090ee0762cbff544bdde592972ad8', 'ksYWtq1c4h9BQCgpkVTT47HweN0AVJH6GWWY6gNOlUpLfDKwSmP6qn0MghIL', '2019-10-02 17:02:37', '2019-10-02 21:06:44', NULL, NULL, '0', '0'),
	(44, 1, 'test_0210', 'test_0210', NULL, NULL, 'test_0210@gmail.com', 1, '$2y$10$bVcT0dcFEJgvj2dIf0J0buGDEW112DNMRtVccj6XJMR.eZKoKXQM.', 2, 0, 1, '8665a58bc05479adb65fd37da9090b69', NULL, '2019-10-02 19:56:12', '2019-10-02 19:56:12', NULL, NULL, '0', '0'),
	(45, 1, 'megatest2', 'megatest2', NULL, NULL, 'megatest2@gmail.com', 1, '$2y$10$LHjfngPGEsl62zWjRPtKyeumxD4x71ZwFtcR9ba2TqhfiI1M/oMAW', 2, 0, 1, 'ca31b7dc9d9c52929984ad60c5b0a233', NULL, '2019-10-02 20:01:30', '2019-10-02 20:01:30', NULL, NULL, '0', '0'),
	(46, 1, '234234234', '234234234', NULL, NULL, '234234234@gmail.com', 1, '$2y$10$i3Ex7EDeCmfQ.kQkzs/mOOHK5ZbAgBHWgU3NQBVlh086YXm/Li7hS', 2, 0, 1, '742816b95ac63c47fdc823d8e70d6477', NULL, '2019-10-02 20:02:46', '2019-10-02 20:02:46', NULL, NULL, '0', '0'),
	(47, 1, '2423434444', '2423434444', NULL, NULL, '2423434444@gmail.com', 1, '$2y$10$q6P2E57KxVmpOdORuxfwBeWzqQRVetNnEK75.bUyxCrWSkx0yKfIS', 2, 0, 1, 'e8173d35a97cfe05de49d3702ff376ac', NULL, '2019-10-02 20:10:37', '2019-10-02 20:10:37', NULL, NULL, '0', '0'),
	(48, 1, '24234344443', '24234344443', NULL, NULL, '24234344443@gmail.com', 1, '$2y$10$oEoy9tVYLOPrOAOSyvZoJexFV45UK8RkaFnUDtGgyWRvi54Trqv8C', 2, 0, 1, 'e9de038ab23f81dd88bcdf8f76306eb7', NULL, '2019-10-02 20:11:15', '2019-10-02 20:11:15', NULL, NULL, '0', '0'),
	(49, 1, '2342342344444', '2342342344444', NULL, NULL, '2342342344444@gmail.com', 1, '$2y$10$7LZMCVONquuSAEvYU.r2PurzUoCddCoXKTvnnZ9IyNbWNNfnqSE76', 2, 0, 1, '09bbc065d76cbf230fdd80fcf72713d7', NULL, '2019-10-02 20:12:53', '2019-10-02 20:12:53', NULL, NULL, '0', '0'),
	(50, 1, '23423423444443', '23423423444443', NULL, NULL, '23423423444443@gmail.com', 1, '$2y$10$R9OGfCwEferRWCrL1qjp3edbS9NPwaAoR36xcrg33P02U52rFHoQm', 2, 0, 1, '57a4317c299c90ede6cbdbcdfe0bb334', NULL, '2019-10-02 20:13:22', '2019-10-02 20:13:22', NULL, NULL, '0', '0'),
	(51, 1, '234234234444433', '234234234444433', NULL, NULL, '234234234444433@gmail.com', 1, '$2y$10$Yup.QuFJWy5H3NjNrfqkFeKqYcRWukWK7aEh06N.XUYlFXBWfHgvq', 2, 0, 1, '07e00a982713093b2505a97ccb64eeb0', NULL, '2019-10-02 20:13:43', '2019-10-02 20:13:43', NULL, NULL, '0', '0'),
	(52, 1, '2354344444', '2354344444', NULL, NULL, '2354344444@gmail.com', 1, '$2y$10$DtqzdIV24KPiHQb2DewmXO45vr6WDeHWSinHaay2A2dek09GQpF8C', 2, 0, 1, '4e7ae204bfca40b16d8b6f23652286d4', NULL, '2019-10-02 20:14:32', '2019-10-02 20:14:32', NULL, NULL, '0', '0'),
	(53, 1, '33333333333333', '33333333333333', '234', NULL, '33333333333333@gmail.com', 1, '$2y$10$Huqs/08SYF2ZwjaaYEmBMu.gFJlnLZHKd12yVdqVORHQTiPDkm37u', 2, 0, 1, '8b899b7d7e06187aefe02af6bddafa31', 'S9xpbfXHPT1rRu89dRWECnl3kYqpq0qkVIape596d5T90jXOC8XmNdP7zq0S', '2019-10-02 20:16:10', '2019-10-02 20:16:10', NULL, NULL, '0', '0'),
	(54, 1, 'Артем', 'Гитченко', NULL, NULL, 'argitchenko@gmail.com', 1, '$2y$10$r3T7EJcBHkWU6c7Hz25j..fLSpBr4v50PI7.lgA7QzDax2tJ57kMO', 2, 0, 1, '89715609ebf6428338838c536d146c8f', NULL, '2019-10-02 23:47:10', '2019-10-02 23:47:10', NULL, NULL, '0', '0'),
	(55, 1, 'test233', 'test233', NULL, NULL, 'test23223@gmail.com', 1, '$2y$10$JFM0FW54Z9ZxIAc6nzl3LepjNRCw02aQx4v2E/emAz0PX45oxCAn2', 2, 0, 1, '68a87e6737a7d3c7f5afd47adc519263', NULL, '2019-10-02 23:59:38', '2019-10-02 23:59:38', NULL, NULL, '0', '0');
/*!40000 ALTER TABLE `customers` ENABLE KEYS */;

-- Дамп структуры для таблица blue_bird_cafe.customer_addresses
CREATE TABLE IF NOT EXISTS `customer_addresses` (
  `id` int(10) unsigned NOT NULL AUTO_INCREMENT,
  `customer_id` int(10) unsigned NOT NULL,
  `address1` varchar(191) COLLATE utf8mb4_unicode_ci NOT NULL,
  `address2` varchar(191) COLLATE utf8mb4_unicode_ci DEFAULT NULL,
  `country` varchar(191) COLLATE utf8mb4_unicode_ci NOT NULL,
  `state` varchar(191) COLLATE utf8mb4_unicode_ci NOT NULL,
  `city` varchar(191) COLLATE utf8mb4_unicode_ci NOT NULL,
  `postcode` int(11) NOT NULL,
  `phone` varchar(191) COLLATE utf8mb4_unicode_ci NOT NULL,
  `default_address` tinyint(1) NOT NULL DEFAULT 0,
  `name` varchar(191) COLLATE utf8mb4_unicode_ci DEFAULT NULL,
  `created_at` timestamp NULL DEFAULT NULL,
  `updated_at` timestamp NULL DEFAULT NULL,
  PRIMARY KEY (`id`),
  KEY `customer_addresses_customer_id_foreign` (`customer_id`),
  CONSTRAINT `customer_addresses_customer_id_foreign` FOREIGN KEY (`customer_id`) REFERENCES `customers` (`id`) ON DELETE CASCADE
) ENGINE=InnoDB AUTO_INCREMENT=15 DEFAULT CHARSET=utf8mb4 COLLATE=utf8mb4_unicode_ci ROW_FORMAT=DYNAMIC;

-- Дамп данных таблицы blue_bird_cafe.customer_addresses: ~14 rows (приблизительно)
/*!40000 ALTER TABLE `customer_addresses` DISABLE KEYS */;
REPLACE INTO `customer_addresses` (`id`, `customer_id`, `address1`, `address2`, `country`, `state`, `city`, `postcode`, `phone`, `default_address`, `name`, `created_at`, `updated_at`) VALUES
	(1, 4, 'ak.Pavlova', NULL, 'DE', 'BAW', 'Kharkiv', 61168, '+380635757374', 0, NULL, '2019-08-23 17:02:03', '2019-08-23 17:02:03'),
	(2, 3, 'testCity4   ', NULL, 'AO', 'testCity   ', 'testCity   ', 6345, '38097888844 ', 1, NULL, '2019-08-27 15:40:29', '2019-08-27 15:40:29'),
	(3, 12, 'test23', 'test23', 'AE', '', 'test23', 3434, '234234524', 1, NULL, '2019-09-18 16:29:29', '2019-09-18 16:29:29'),
	(4, 13, 'test23', 'test23', 'AE', '', 'test23', 3434, '234234524', 1, NULL, '2019-09-18 16:37:11', '2019-09-18 16:37:11'),
	(5, 14, 'asd4', 'asd4', 'asd4', '', 'asd4', 0, 'asd4', 1, NULL, '2019-09-18 16:39:53', '2019-09-18 16:39:53'),
	(6, 16, '234234as', 'asd4', 'asd4', '', 'asd4', 0, 'asd4', 1, NULL, '2019-09-18 16:40:19', '2019-09-18 16:40:19'),
	(7, 17, '234234as', 'asd4', 'asd4', '', 'asd4', 0, 'asd4', 1, NULL, '2019-09-18 16:40:57', '2019-09-18 16:40:57'),
	(8, 18, '', '', '', '', '', 0, '', 1, NULL, '2019-09-18 19:45:47', '2019-09-18 19:45:47'),
	(9, 22, 'asdasd', 'asdasd', 'asdasd', '', 'asdasd', 0, 'asdasd', 1, NULL, '2019-09-18 19:48:31', '2019-09-18 19:48:31'),
	(10, 23, 'asdasd', 'asdasd', 'asdasd', '', 'asdasd', 0, 'asdasd', 1, NULL, '2019-09-18 19:49:02', '2019-09-18 19:49:02'),
	(11, 24, 'asd2344', 'asd2344', 'asd2344', '', 'asd2344', 0, 'asd2344', 1, NULL, '2019-09-18 19:49:44', '2019-09-18 19:49:44'),
	(12, 26, '234', '234', '243', '', '234', 234, '234', 1, NULL, '2019-09-18 20:57:30', '2019-09-18 20:57:30'),
	(13, 53, '324234 ', NULL, '', '234234 ', '234234 ', 234234, '324234234 ', 0, NULL, '2019-10-02 20:44:25', '2019-10-02 20:44:25'),
	(14, 43, '  ', NULL, '', 'Kiev  ', 'Kiev  ', 135, '64654654  ', 0, NULL, '2019-10-02 20:48:11', '2019-10-02 20:48:11');
/*!40000 ALTER TABLE `customer_addresses` ENABLE KEYS */;

-- Дамп структуры для таблица blue_bird_cafe.customer_groups
CREATE TABLE IF NOT EXISTS `customer_groups` (
  `id` int(10) unsigned NOT NULL AUTO_INCREMENT,
  `name` varchar(191) COLLATE utf8mb4_unicode_ci NOT NULL,
  `is_user_defined` tinyint(1) NOT NULL DEFAULT 1,
  `created_at` timestamp NULL DEFAULT NULL,
  `updated_at` timestamp NULL DEFAULT NULL,
  `code` varchar(191) COLLATE utf8mb4_unicode_ci NOT NULL,
  PRIMARY KEY (`id`)
) ENGINE=InnoDB AUTO_INCREMENT=4 DEFAULT CHARSET=utf8mb4 COLLATE=utf8mb4_unicode_ci ROW_FORMAT=DYNAMIC;

-- Дамп данных таблицы blue_bird_cafe.customer_groups: ~3 rows (приблизительно)
/*!40000 ALTER TABLE `customer_groups` DISABLE KEYS */;
REPLACE INTO `customer_groups` (`id`, `name`, `is_user_defined`, `created_at`, `updated_at`, `code`) VALUES
	(1, 'Guest', 0, NULL, NULL, 'guest'),
	(2, 'General', 0, NULL, NULL, 'general'),
	(3, 'Wholesale', 0, NULL, NULL, 'wholesale');
/*!40000 ALTER TABLE `customer_groups` ENABLE KEYS */;

-- Дамп структуры для таблица blue_bird_cafe.customer_password_resets
CREATE TABLE IF NOT EXISTS `customer_password_resets` (
  `email` varchar(191) COLLATE utf8mb4_unicode_ci NOT NULL,
  `token` varchar(191) COLLATE utf8mb4_unicode_ci NOT NULL,
  `created_at` timestamp NULL DEFAULT NULL,
  KEY `customer_password_resets_email_index` (`email`)
) ENGINE=InnoDB DEFAULT CHARSET=utf8mb4 COLLATE=utf8mb4_unicode_ci ROW_FORMAT=DYNAMIC;

-- Дамп данных таблицы blue_bird_cafe.customer_password_resets: ~8 rows (приблизительно)
/*!40000 ALTER TABLE `customer_password_resets` DISABLE KEYS */;
REPLACE INTO `customer_password_resets` (`email`, `token`, `created_at`) VALUES
	('testtest@gmail.com', '$2y$10$7Ev9XGCaYqpAlriTESH5seD4uelZOntvZXz.KR7KQ7beA8PffZLyu', '2019-09-30 19:41:52'),
	('magicjoke@gmail.com', '$2y$10$Tp28dvDZHhhn1qwxzmJS3Or.eQoh.McqXri5c2U0dGv92U29c/PfC', '2019-09-30 19:50:13'),
	('test@gmail.com', '$2y$10$8M66QezrMhlmV9r47gI/0uKxCS.lraHwb0Vl/8BWM8578lom6YRh.', '2019-10-02 16:06:56'),
	('argitchenko@gmail.com', '$2y$10$IuNwNSoDrbP0YAMLMLH9IuinM/H0uCHUfXGL/P1Wy3Na1howA.LWm', '2019-10-02 23:50:27'),
	('testtest@gmail.com', '$2y$10$7Ev9XGCaYqpAlriTESH5seD4uelZOntvZXz.KR7KQ7beA8PffZLyu', '2019-09-30 19:41:52'),
	('magicjoke@gmail.com', '$2y$10$Tp28dvDZHhhn1qwxzmJS3Or.eQoh.McqXri5c2U0dGv92U29c/PfC', '2019-09-30 19:50:13'),
	('test@gmail.com', '$2y$10$8M66QezrMhlmV9r47gI/0uKxCS.lraHwb0Vl/8BWM8578lom6YRh.', '2019-10-02 16:06:56'),
	('argitchenko@gmail.com', '$2y$10$IuNwNSoDrbP0YAMLMLH9IuinM/H0uCHUfXGL/P1Wy3Na1howA.LWm', '2019-10-02 23:50:27');
/*!40000 ALTER TABLE `customer_password_resets` ENABLE KEYS */;

-- Дамп структуры для таблица blue_bird_cafe.inventory_sources
CREATE TABLE IF NOT EXISTS `inventory_sources` (
  `id` int(10) unsigned NOT NULL AUTO_INCREMENT,
  `code` varchar(191) COLLATE utf8mb4_unicode_ci NOT NULL,
  `name` varchar(191) COLLATE utf8mb4_unicode_ci NOT NULL,
  `description` text COLLATE utf8mb4_unicode_ci DEFAULT NULL,
  `contact_name` varchar(191) COLLATE utf8mb4_unicode_ci NOT NULL,
  `contact_email` varchar(191) COLLATE utf8mb4_unicode_ci NOT NULL,
  `contact_number` varchar(191) COLLATE utf8mb4_unicode_ci NOT NULL,
  `contact_fax` varchar(191) COLLATE utf8mb4_unicode_ci DEFAULT NULL,
  `country` varchar(191) COLLATE utf8mb4_unicode_ci NOT NULL,
  `state` varchar(191) COLLATE utf8mb4_unicode_ci NOT NULL,
  `city` varchar(191) COLLATE utf8mb4_unicode_ci NOT NULL,
  `street` varchar(191) COLLATE utf8mb4_unicode_ci NOT NULL,
  `postcode` varchar(191) COLLATE utf8mb4_unicode_ci NOT NULL,
  `priority` int(11) NOT NULL DEFAULT 0,
  `latitude` decimal(10,5) DEFAULT NULL,
  `longitude` decimal(10,5) DEFAULT NULL,
  `status` tinyint(1) NOT NULL DEFAULT 1,
  `created_at` timestamp NULL DEFAULT NULL,
  `updated_at` timestamp NULL DEFAULT NULL,
  PRIMARY KEY (`id`),
  UNIQUE KEY `inventory_sources_code_unique` (`code`)
) ENGINE=InnoDB AUTO_INCREMENT=2 DEFAULT CHARSET=utf8mb4 COLLATE=utf8mb4_unicode_ci ROW_FORMAT=DYNAMIC;

-- Дамп данных таблицы blue_bird_cafe.inventory_sources: ~1 rows (приблизительно)
/*!40000 ALTER TABLE `inventory_sources` DISABLE KEYS */;
REPLACE INTO `inventory_sources` (`id`, `code`, `name`, `description`, `contact_name`, `contact_email`, `contact_number`, `contact_fax`, `country`, `state`, `city`, `street`, `postcode`, `priority`, `latitude`, `longitude`, `status`, `created_at`, `updated_at`) VALUES
	(1, 'default', 'Default', NULL, 'Detroit Warehouse', 'warehouse@example.com', '1234567899', NULL, 'US', 'MI', 'Detroit', '12th Street', '48127', 0, NULL, NULL, 1, NULL, NULL);
/*!40000 ALTER TABLE `inventory_sources` ENABLE KEYS */;

-- Дамп структуры для таблица blue_bird_cafe.invoices
CREATE TABLE IF NOT EXISTS `invoices` (
  `id` int(10) unsigned NOT NULL AUTO_INCREMENT,
  `increment_id` varchar(191) COLLATE utf8mb4_unicode_ci DEFAULT NULL,
  `state` varchar(191) COLLATE utf8mb4_unicode_ci DEFAULT NULL,
  `email_sent` tinyint(1) NOT NULL DEFAULT 0,
  `total_qty` int(11) DEFAULT NULL,
  `base_currency_code` varchar(191) COLLATE utf8mb4_unicode_ci DEFAULT NULL,
  `channel_currency_code` varchar(191) COLLATE utf8mb4_unicode_ci DEFAULT NULL,
  `order_currency_code` varchar(191) COLLATE utf8mb4_unicode_ci DEFAULT NULL,
  `sub_total` decimal(12,4) DEFAULT 0.0000,
  `base_sub_total` decimal(12,4) DEFAULT 0.0000,
  `grand_total` decimal(12,4) DEFAULT 0.0000,
  `base_grand_total` decimal(12,4) DEFAULT 0.0000,
  `shipping_amount` decimal(12,4) DEFAULT 0.0000,
  `base_shipping_amount` decimal(12,4) DEFAULT 0.0000,
  `tax_amount` decimal(12,4) DEFAULT 0.0000,
  `base_tax_amount` decimal(12,4) DEFAULT 0.0000,
  `discount_amount` decimal(12,4) DEFAULT 0.0000,
  `base_discount_amount` decimal(12,4) DEFAULT 0.0000,
  `order_id` int(10) unsigned DEFAULT NULL,
  `order_address_id` int(10) unsigned DEFAULT NULL,
  `created_at` timestamp NULL DEFAULT NULL,
  `updated_at` timestamp NULL DEFAULT NULL,
  `transaction_id` varchar(191) COLLATE utf8mb4_unicode_ci DEFAULT NULL,
  PRIMARY KEY (`id`),
  KEY `invoices_order_id_foreign` (`order_id`),
  KEY `invoices_order_address_id_foreign` (`order_address_id`),
  CONSTRAINT `invoices_order_address_id_foreign` FOREIGN KEY (`order_address_id`) REFERENCES `order_address` (`id`) ON DELETE SET NULL,
  CONSTRAINT `invoices_order_id_foreign` FOREIGN KEY (`order_id`) REFERENCES `orders` (`id`) ON DELETE CASCADE
) ENGINE=InnoDB AUTO_INCREMENT=2 DEFAULT CHARSET=utf8mb4 COLLATE=utf8mb4_unicode_ci ROW_FORMAT=DYNAMIC;

-- Дамп данных таблицы blue_bird_cafe.invoices: ~0 rows (приблизительно)
/*!40000 ALTER TABLE `invoices` DISABLE KEYS */;
/*!40000 ALTER TABLE `invoices` ENABLE KEYS */;

-- Дамп структуры для таблица blue_bird_cafe.invoice_items
CREATE TABLE IF NOT EXISTS `invoice_items` (
  `id` int(10) unsigned NOT NULL AUTO_INCREMENT,
  `name` varchar(191) COLLATE utf8mb4_unicode_ci DEFAULT NULL,
  `description` varchar(191) COLLATE utf8mb4_unicode_ci DEFAULT NULL,
  `sku` varchar(191) COLLATE utf8mb4_unicode_ci DEFAULT NULL,
  `qty` int(11) DEFAULT NULL,
  `price` decimal(12,4) NOT NULL DEFAULT 0.0000,
  `base_price` decimal(12,4) NOT NULL DEFAULT 0.0000,
  `total` decimal(12,4) NOT NULL DEFAULT 0.0000,
  `base_total` decimal(12,4) NOT NULL DEFAULT 0.0000,
  `tax_amount` decimal(12,4) DEFAULT 0.0000,
  `base_tax_amount` decimal(12,4) DEFAULT 0.0000,
  `product_id` int(10) unsigned DEFAULT NULL,
  `product_type` varchar(191) COLLATE utf8mb4_unicode_ci DEFAULT NULL,
  `order_item_id` int(10) unsigned DEFAULT NULL,
  `invoice_id` int(10) unsigned DEFAULT NULL,
  `parent_id` int(10) unsigned DEFAULT NULL,
  `additional` longtext CHARACTER SET utf8mb4 COLLATE utf8mb4_bin DEFAULT NULL,
  `created_at` timestamp NULL DEFAULT NULL,
  `updated_at` timestamp NULL DEFAULT NULL,
  `discount_percent` decimal(12,4) DEFAULT 0.0000,
  `discount_amount` decimal(12,4) DEFAULT 0.0000,
  `base_discount_amount` decimal(12,4) DEFAULT 0.0000,
  PRIMARY KEY (`id`),
  KEY `invoice_items_invoice_id_foreign` (`invoice_id`),
  KEY `invoice_items_parent_id_foreign` (`parent_id`),
  CONSTRAINT `invoice_items_invoice_id_foreign` FOREIGN KEY (`invoice_id`) REFERENCES `invoices` (`id`) ON DELETE CASCADE,
  CONSTRAINT `invoice_items_parent_id_foreign` FOREIGN KEY (`parent_id`) REFERENCES `invoice_items` (`id`) ON DELETE CASCADE
) ENGINE=InnoDB AUTO_INCREMENT=2 DEFAULT CHARSET=utf8mb4 COLLATE=utf8mb4_unicode_ci ROW_FORMAT=DYNAMIC;

-- Дамп данных таблицы blue_bird_cafe.invoice_items: ~0 rows (приблизительно)
/*!40000 ALTER TABLE `invoice_items` DISABLE KEYS */;
/*!40000 ALTER TABLE `invoice_items` ENABLE KEYS */;

-- Дамп структуры для таблица blue_bird_cafe.locales
CREATE TABLE IF NOT EXISTS `locales` (
  `id` int(10) unsigned NOT NULL AUTO_INCREMENT,
  `code` varchar(191) COLLATE utf8mb4_unicode_ci NOT NULL,
  `name` varchar(191) COLLATE utf8mb4_unicode_ci NOT NULL,
  `created_at` timestamp NULL DEFAULT NULL,
  `updated_at` timestamp NULL DEFAULT NULL,
  `direction` enum('ltr','rtl') COLLATE utf8mb4_unicode_ci NOT NULL DEFAULT 'ltr',
  PRIMARY KEY (`id`),
  UNIQUE KEY `locales_code_unique` (`code`)
) ENGINE=InnoDB AUTO_INCREMENT=3 DEFAULT CHARSET=utf8mb4 COLLATE=utf8mb4_unicode_ci ROW_FORMAT=DYNAMIC;

-- Дамп данных таблицы blue_bird_cafe.locales: ~2 rows (приблизительно)
/*!40000 ALTER TABLE `locales` DISABLE KEYS */;
REPLACE INTO `locales` (`id`, `code`, `name`, `created_at`, `updated_at`, `direction`) VALUES
	(1, 'en', 'En', NULL, '2019-09-20 20:29:19', 'ltr'),
	(2, 'hu', 'Hu', '2019-08-26 15:43:24', '2019-09-20 20:29:14', 'ltr');
/*!40000 ALTER TABLE `locales` ENABLE KEYS */;

-- Дамп структуры для таблица blue_bird_cafe.loyality_program
CREATE TABLE IF NOT EXISTS `loyality_program` (
  `id` int(10) unsigned NOT NULL AUTO_INCREMENT,
  `payout_percentage` varchar(191) COLLATE utf8mb4_unicode_ci DEFAULT '5',
  `points_value` varchar(191) COLLATE utf8mb4_unicode_ci DEFAULT '1',
  `created_at` timestamp NULL DEFAULT NULL,
  `updated_at` timestamp NULL DEFAULT NULL,
  PRIMARY KEY (`id`)
) ENGINE=InnoDB AUTO_INCREMENT=3 DEFAULT CHARSET=utf8mb4 COLLATE=utf8mb4_unicode_ci ROW_FORMAT=DYNAMIC;

-- Дамп данных таблицы blue_bird_cafe.loyality_program: ~1 rows (приблизительно)
/*!40000 ALTER TABLE `loyality_program` DISABLE KEYS */;
REPLACE INTO `loyality_program` (`id`, `payout_percentage`, `points_value`, `created_at`, `updated_at`) VALUES
	(2, '5', '1', '2019-10-03 14:52:42', '2019-10-03 14:52:42');
/*!40000 ALTER TABLE `loyality_program` ENABLE KEYS */;

-- Дамп структуры для таблица blue_bird_cafe.migrations
CREATE TABLE IF NOT EXISTS `migrations` (
  `id` int(10) unsigned NOT NULL AUTO_INCREMENT,
  `migration` varchar(191) COLLATE utf8mb4_unicode_ci NOT NULL,
  `batch` int(11) NOT NULL,
  PRIMARY KEY (`id`)
) ENGINE=InnoDB AUTO_INCREMENT=133 DEFAULT CHARSET=utf8mb4 COLLATE=utf8mb4_unicode_ci ROW_FORMAT=DYNAMIC;

-- Дамп данных таблицы blue_bird_cafe.migrations: ~99 rows (приблизительно)
/*!40000 ALTER TABLE `migrations` DISABLE KEYS */;
REPLACE INTO `migrations` (`id`, `migration`, `batch`) VALUES
	(1, '2014_10_12_000000_create_users_table', 1),
	(2, '2014_10_12_100000_create_admin_password_resets_table', 1),
	(3, '2014_10_12_100000_create_password_resets_table', 1),
	(4, '2018_06_12_111907_create_admins_table', 1),
	(5, '2018_06_13_055341_create_roles_table', 1),
	(6, '2018_07_05_130148_create_attributes_table', 1),
	(7, '2018_07_05_132854_create_attribute_translations_table', 1),
	(8, '2018_07_05_135150_create_attribute_families_table', 1),
	(9, '2018_07_05_135152_create_attribute_groups_table', 1),
	(10, '2018_07_05_140832_create_attribute_options_table', 1),
	(11, '2018_07_05_140856_create_attribute_option_translations_table', 1),
	(12, '2018_07_05_142820_create_categories_table', 1),
	(13, '2018_07_10_055143_create_locales_table', 1),
	(14, '2018_07_20_054426_create_countries_table', 1),
	(15, '2018_07_20_054502_create_currencies_table', 1),
	(16, '2018_07_20_054542_create_currency_exchange_rates_table', 1),
	(17, '2018_07_20_064849_create_channels_table', 1),
	(18, '2018_07_21_142836_create_category_translations_table', 1),
	(19, '2018_07_23_110040_create_inventory_sources_table', 1),
	(20, '2018_07_24_082635_create_customer_groups_table', 1),
	(21, '2018_07_24_082930_create_customers_table', 1),
	(22, '2018_07_24_083025_create_customer_addresses_table', 1),
	(23, '2018_07_27_065727_create_products_table', 1),
	(24, '2018_07_27_070011_create_product_attribute_values_table', 1),
	(25, '2018_07_27_092623_create_product_reviews_table', 1),
	(26, '2018_07_27_113941_create_product_images_table', 1),
	(27, '2018_07_27_113956_create_product_inventories_table', 1),
	(28, '2018_08_03_114203_create_sliders_table', 1),
	(29, '2018_08_30_064755_create_tax_categories_table', 1),
	(30, '2018_08_30_065042_create_tax_rates_table', 1),
	(31, '2018_08_30_065840_create_tax_mappings_table', 1),
	(32, '2018_09_05_150444_create_cart_table', 1),
	(33, '2018_09_05_150915_create_cart_items_table', 1),
	(34, '2018_09_11_064045_customer_password_resets', 1),
	(35, '2018_09_19_092845_create_cart_address', 1),
	(36, '2018_09_19_093453_create_cart_payment', 1),
	(37, '2018_09_19_093508_create_cart_shipping_rates_table', 1),
	(38, '2018_09_20_060658_create_core_config_table', 1),
	(39, '2018_09_27_113154_create_orders_table', 1),
	(40, '2018_09_27_113207_create_order_items_table', 1),
	(41, '2018_09_27_113405_create_order_address_table', 1),
	(42, '2018_09_27_115022_create_shipments_table', 1),
	(43, '2018_09_27_115029_create_shipment_items_table', 1),
	(44, '2018_09_27_115135_create_invoices_table', 1),
	(45, '2018_09_27_115144_create_invoice_items_table', 1),
	(46, '2018_10_01_095504_create_order_payment_table', 1),
	(47, '2018_10_03_025230_create_wishlist_table', 1),
	(48, '2018_10_12_101803_create_country_translations_table', 1),
	(49, '2018_10_12_101913_create_country_states_table', 1),
	(50, '2018_10_12_101923_create_country_state_translations_table', 1),
	(51, '2018_11_15_153257_alter_order_table', 1),
	(52, '2018_11_15_163729_alter_invoice_table', 1),
	(53, '2018_11_16_173504_create_subscribers_list_table', 1),
	(54, '2018_11_17_165758_add_is_verified_column_in_customers_table', 1),
	(55, '2018_11_21_144411_create_cart_item_inventories_table', 1),
	(56, '2018_11_26_110500_change_gender_column_in_customers_table', 1),
	(57, '2018_11_27_174449_change_content_column_in_sliders_table', 1),
	(58, '2018_12_05_132625_drop_foreign_key_core_config_table', 1),
	(59, '2018_12_05_132629_alter_core_config_table', 1),
	(60, '2018_12_06_185202_create_product_flat_table', 1),
	(61, '2018_12_21_101307_alter_channels_table', 1),
	(62, '2018_12_24_123812_create_channel_inventory_sources_table', 1),
	(63, '2018_12_24_184402_alter_shipments_table', 1),
	(64, '2018_12_26_165327_create_product_ordered_inventories_table', 1),
	(65, '2018_12_31_161114_alter_channels_category_table', 1),
	(66, '2019_01_11_122452_add_vendor_id_column_in_product_inventories_table', 1),
	(67, '2019_01_25_124522_add_updated_at_column_in_product_flat_table', 1),
	(68, '2019_01_29_123053_add_min_price_and_max_price_column_in_product_flat_table', 1),
	(69, '2019_01_31_164117_update_value_column_type_to_text_in_core_config_table', 1),
	(70, '2019_02_21_145238_alter_product_reviews_table', 1),
	(71, '2019_02_21_152709_add_swatch_type_column_in_attributes_table', 1),
	(72, '2019_02_21_153035_alter_customer_id_in_product_reviews_table', 1),
	(73, '2019_02_21_153851_add_swatch_value_columns_in_attribute_options_table', 1),
	(74, '2019_03_15_123337_add_display_mode_column_in_categories_table', 1),
	(75, '2019_03_28_103658_add_notes_column_in_customers_table', 1),
	(76, '2019_04_24_155820_alter_product_flat_table', 1),
	(77, '2019_05_13_024326_create_cart_rule_table', 1),
	(78, '2019_05_13_024340_create_cart_rule_channels_table', 1),
	(79, '2019_05_13_024419_create_cart_rule_customer_groups_table', 1),
	(80, '2019_05_16_094238_create_cart_rule_labels_table', 1),
	(81, '2019_05_22_165833_update_zipcode_column_type_to_varchar_in_cart_address_table', 1),
	(82, '2019_05_23_113407_add_remaining_column_in_product_flat_table', 1),
	(83, '2019_05_23_155520_add_discount_columns_in_invoice_items_table', 1),
	(84, '2019_05_23_175727_create_cart_rule_customers_table', 1),
	(85, '2019_05_23_180457_create_cart_rule_coupons_table', 1),
	(86, '2019_05_23_184029_rename_discount_columns_in_cart_table', 1),
	(87, '2019_05_24_113949_create_cart_rule_coupons_usage_table', 1),
	(88, '2019_05_30_141207_create_cart_rule_cart_table', 1),
	(89, '2019_06_04_114009_add_phone_column_in_customers_table', 1),
	(90, '2019_06_06_195905_update_custom_price_to_nullable_in_cart_items', 1),
	(91, '2019_06_15_183412_add_code_column_in_customer_groups_table', 1),
	(92, '2019_06_19_162817_remove_unique_in_phone_column_in_customers_table', 1),
	(93, '2019_06_25_110122_remove_is_guest_from_cart_rules_table', 1),
	(113, '2019_08_23_164947_add_points_to_customers_table', 2),
	(114, '2019_08_27_135839_create_loyality_program_table', 2),
	(115, '2019_08_27_180234_create_coffee_subscription_table', 2),
	(116, '2019_08_29_195222_create_pages_table', 2),
	(117, '2019_09_02_165315_add_points_to_cart', 2),
	(118, '2019_07_11_151210_add_locale_id_in_category_translations', 3),
	(119, '2019_07_14_070809_add_products_selection_column_in_cart_rules_table', 3),
	(120, '2019_07_23_033128_alter_locales_table', 3),
	(121, '2019_07_29_142734_add_use_in_flat_column_in_attributes_table', 3),
	(122, '2019_07_31_143339_create_category_filterable_attributes_table', 3),
	(123, '2019_08_08_130433_create_catalog_rules_table', 3),
	(124, '2019_08_08_130451_create_catalog_rule_customer_groups_table', 3),
	(125, '2019_08_08_130458_create_catalog_rule_channels_table', 3),
	(126, '2019_08_08_130550_create_catalog_rule_products_table', 3),
	(127, '2019_08_08_130583_create_catalog_rule_products_price_table', 3),
	(128, '2019_08_21_123707_add_seo_column_in_channels_table', 3),
	(129, '2019_09_17_171744_create_trainings_subscription_table', 4),
	(130, '2019_09_25_192910_create_contact_form_table', 5),
	(131, '2019_09_27_154252_create_referals_table', 6),
	(132, '2019_09_27_162047_create_tasks_table', 7);
/*!40000 ALTER TABLE `migrations` ENABLE KEYS */;

-- Дамп структуры для таблица blue_bird_cafe.orders
CREATE TABLE IF NOT EXISTS `orders` (
  `id` int(10) unsigned NOT NULL AUTO_INCREMENT,
  `increment_id` varchar(191) COLLATE utf8mb4_unicode_ci NOT NULL,
  `status` varchar(191) COLLATE utf8mb4_unicode_ci DEFAULT NULL,
  `channel_name` varchar(191) COLLATE utf8mb4_unicode_ci DEFAULT NULL,
  `is_guest` tinyint(1) DEFAULT NULL,
  `customer_email` varchar(191) COLLATE utf8mb4_unicode_ci DEFAULT NULL,
  `customer_first_name` varchar(191) COLLATE utf8mb4_unicode_ci DEFAULT NULL,
  `customer_last_name` varchar(191) COLLATE utf8mb4_unicode_ci DEFAULT NULL,
  `shipping_method` varchar(191) COLLATE utf8mb4_unicode_ci DEFAULT NULL,
  `shipping_title` varchar(191) COLLATE utf8mb4_unicode_ci DEFAULT NULL,
  `shipping_description` varchar(191) COLLATE utf8mb4_unicode_ci DEFAULT NULL,
  `coupon_code` varchar(191) COLLATE utf8mb4_unicode_ci DEFAULT NULL,
  `is_gift` tinyint(1) NOT NULL DEFAULT 0,
  `total_item_count` int(11) DEFAULT NULL,
  `total_qty_ordered` int(11) DEFAULT NULL,
  `base_currency_code` varchar(191) COLLATE utf8mb4_unicode_ci DEFAULT NULL,
  `channel_currency_code` varchar(191) COLLATE utf8mb4_unicode_ci DEFAULT NULL,
  `order_currency_code` varchar(191) COLLATE utf8mb4_unicode_ci DEFAULT NULL,
  `grand_total` decimal(12,4) DEFAULT 0.0000,
  `base_grand_total` decimal(12,4) DEFAULT 0.0000,
  `grand_total_invoiced` decimal(12,4) DEFAULT 0.0000,
  `base_grand_total_invoiced` decimal(12,4) DEFAULT 0.0000,
  `grand_total_refunded` decimal(12,4) DEFAULT 0.0000,
  `base_grand_total_refunded` decimal(12,4) DEFAULT 0.0000,
  `sub_total` decimal(12,4) DEFAULT 0.0000,
  `base_sub_total` decimal(12,4) DEFAULT 0.0000,
  `sub_total_invoiced` decimal(12,4) DEFAULT 0.0000,
  `base_sub_total_invoiced` decimal(12,4) DEFAULT 0.0000,
  `sub_total_refunded` decimal(12,4) DEFAULT 0.0000,
  `base_sub_total_refunded` decimal(12,4) DEFAULT 0.0000,
  `discount_percent` decimal(12,4) DEFAULT 0.0000,
  `discount_amount` decimal(12,4) DEFAULT 0.0000,
  `base_discount_amount` decimal(12,4) DEFAULT 0.0000,
  `discount_invoiced` decimal(12,4) DEFAULT 0.0000,
  `base_discount_invoiced` decimal(12,4) DEFAULT 0.0000,
  `discount_refunded` decimal(12,4) DEFAULT 0.0000,
  `base_discount_refunded` decimal(12,4) DEFAULT 0.0000,
  `tax_amount` decimal(12,4) DEFAULT 0.0000,
  `base_tax_amount` decimal(12,4) DEFAULT 0.0000,
  `tax_amount_invoiced` decimal(12,4) DEFAULT 0.0000,
  `base_tax_amount_invoiced` decimal(12,4) DEFAULT 0.0000,
  `tax_amount_refunded` decimal(12,4) DEFAULT 0.0000,
  `base_tax_amount_refunded` decimal(12,4) DEFAULT 0.0000,
  `shipping_amount` decimal(12,4) DEFAULT 0.0000,
  `base_shipping_amount` decimal(12,4) DEFAULT 0.0000,
  `shipping_invoiced` decimal(12,4) DEFAULT 0.0000,
  `base_shipping_invoiced` decimal(12,4) DEFAULT 0.0000,
  `shipping_refunded` decimal(12,4) DEFAULT 0.0000,
  `base_shipping_refunded` decimal(12,4) DEFAULT 0.0000,
  `customer_id` int(10) unsigned DEFAULT NULL,
  `customer_type` varchar(191) COLLATE utf8mb4_unicode_ci DEFAULT NULL,
  `channel_id` int(10) unsigned DEFAULT NULL,
  `channel_type` varchar(191) COLLATE utf8mb4_unicode_ci DEFAULT NULL,
  `created_at` timestamp NULL DEFAULT NULL,
  `updated_at` timestamp NULL DEFAULT NULL,
  `cart_id` int(11) DEFAULT NULL,
  PRIMARY KEY (`id`),
  KEY `orders_customer_id_foreign` (`customer_id`),
  KEY `orders_channel_id_foreign` (`channel_id`),
  CONSTRAINT `orders_channel_id_foreign` FOREIGN KEY (`channel_id`) REFERENCES `channels` (`id`) ON DELETE SET NULL,
  CONSTRAINT `orders_customer_id_foreign` FOREIGN KEY (`customer_id`) REFERENCES `customers` (`id`) ON DELETE SET NULL
) ENGINE=InnoDB AUTO_INCREMENT=60 DEFAULT CHARSET=utf8mb4 COLLATE=utf8mb4_unicode_ci ROW_FORMAT=DYNAMIC;

-- Дамп данных таблицы blue_bird_cafe.orders: ~35 rows (приблизительно)
/*!40000 ALTER TABLE `orders` DISABLE KEYS */;
REPLACE INTO `orders` (`id`, `increment_id`, `status`, `channel_name`, `is_guest`, `customer_email`, `customer_first_name`, `customer_last_name`, `shipping_method`, `shipping_title`, `shipping_description`, `coupon_code`, `is_gift`, `total_item_count`, `total_qty_ordered`, `base_currency_code`, `channel_currency_code`, `order_currency_code`, `grand_total`, `base_grand_total`, `grand_total_invoiced`, `base_grand_total_invoiced`, `grand_total_refunded`, `base_grand_total_refunded`, `sub_total`, `base_sub_total`, `sub_total_invoiced`, `base_sub_total_invoiced`, `sub_total_refunded`, `base_sub_total_refunded`, `discount_percent`, `discount_amount`, `base_discount_amount`, `discount_invoiced`, `base_discount_invoiced`, `discount_refunded`, `base_discount_refunded`, `tax_amount`, `base_tax_amount`, `tax_amount_invoiced`, `base_tax_amount_invoiced`, `tax_amount_refunded`, `base_tax_amount_refunded`, `shipping_amount`, `base_shipping_amount`, `shipping_invoiced`, `base_shipping_invoiced`, `shipping_refunded`, `base_shipping_refunded`, `customer_id`, `customer_type`, `channel_id`, `channel_type`, `created_at`, `updated_at`, `cart_id`) VALUES
	(19, '1', 'pending', 'Default', 0, 'test@gmail.com', 'test', 'super', 'free_free', 'Free Shipping - Free Shipping', 'This is a free shipping', NULL, 0, 1, 2, 'HUF', 'HUF', 'HUF', 2220.0000, 444.0000, 0.0000, 0.0000, 0.0000, 0.0000, 2220.0000, 444.0000, 0.0000, 0.0000, 0.0000, 0.0000, 0.0000, 0.0000, 0.0000, 0.0000, 0.0000, 0.0000, 0.0000, 0.0000, 0.0000, 0.0000, 0.0000, 0.0000, 0.0000, 0.0000, 0.0000, 0.0000, 0.0000, 0.0000, 0.0000, 3, 'Webkul\\Customer\\Models\\Customer', 1, 'Webkul\\Core\\Models\\Channel', '2019-08-31 13:33:11', '2019-08-31 13:33:11', 22),
	(21, '20', 'pending', 'Default', 0, 'test@gmail.com', 'test', 'super', 'free_free', 'Free Shipping - Free Shipping', 'This is a free shipping', NULL, 0, 1, 1, 'HUF', 'HUF', 'HUF', 1105.0000, 217.0000, 0.0000, 0.0000, 0.0000, 0.0000, 1105.0000, 222.0000, 0.0000, 0.0000, 0.0000, 0.0000, 0.0000, 0.0000, 0.0000, 0.0000, 0.0000, 0.0000, 0.0000, 0.0000, 0.0000, 0.0000, 0.0000, 0.0000, 0.0000, 0.0000, 0.0000, 0.0000, 0.0000, 0.0000, 0.0000, 3, 'Webkul\\Customer\\Models\\Customer', 1, 'Webkul\\Core\\Models\\Channel', '2019-09-02 18:46:32', '2019-09-02 18:46:32', 30),
	(25, '22', 'pending', 'Default', 0, 'test@gmail.com', 'test', 'super', 'free_free', 'Free Shipping - Free Shipping', 'This is a free shipping', NULL, 0, 1, 1, 'HUF', 'HUF', 'HUF', 890.0000, 2.0000, 0.0000, 0.0000, 0.0000, 0.0000, 890.0000, 222.0000, 0.0000, 0.0000, 0.0000, 0.0000, 0.0000, 0.0000, 0.0000, 0.0000, 0.0000, 0.0000, 0.0000, 0.0000, 0.0000, 0.0000, 0.0000, 0.0000, 0.0000, 0.0000, 0.0000, 0.0000, 0.0000, 0.0000, 0.0000, 3, 'Webkul\\Customer\\Models\\Customer', 1, 'Webkul\\Core\\Models\\Channel', '2019-09-02 19:16:13', '2019-09-02 19:16:13', 37),
	(27, '26', 'pending', 'Default', 0, 'test@gmail.com', 'test', 'super', 'free_free', 'Free Shipping - Free Shipping', 'This is a free shipping', NULL, 0, 1, 1, 'HUF', 'HUF', 'HUF', 1000.0000, 112.0000, 0.0000, 0.0000, 0.0000, 0.0000, 1000.0000, 222.0000, 0.0000, 0.0000, 0.0000, 0.0000, 0.0000, 0.0000, 0.0000, 0.0000, 0.0000, 0.0000, 0.0000, 0.0000, 0.0000, 0.0000, 0.0000, 0.0000, 0.0000, 0.0000, 0.0000, 0.0000, 0.0000, 0.0000, 0.0000, 3, 'Webkul\\Customer\\Models\\Customer', 1, 'Webkul\\Core\\Models\\Channel', '2019-09-02 19:22:05', '2019-09-02 19:22:05', 38),
	(28, '28', 'pending', 'Default', 0, 'test@gmail.com', 'test', 'super', 'free_free', 'Free Shipping - Free Shipping', 'This is a free shipping', NULL, 0, 1, 1, 'HUF', 'HUF', 'HUF', 1002.0000, 114.0000, 0.0000, 0.0000, 0.0000, 0.0000, 1002.0000, 222.0000, 0.0000, 0.0000, 0.0000, 0.0000, 0.0000, 0.0000, 0.0000, 0.0000, 0.0000, 0.0000, 0.0000, 0.0000, 0.0000, 0.0000, 0.0000, 0.0000, 0.0000, 0.0000, 0.0000, 0.0000, 0.0000, 0.0000, 0.0000, 3, 'Webkul\\Customer\\Models\\Customer', 1, 'Webkul\\Core\\Models\\Channel', '2019-09-02 20:05:19', '2019-09-02 20:05:19', 39),
	(29, '29', 'pending', 'Default', 0, 'test@gmail.com', 'test', 'super', 'free_free', 'Free Shipping - Free Shipping', 'This is a free shipping', NULL, 0, 1, 1, 'HUF', 'HUF', 'HUF', 1000.0000, 112.0000, 0.0000, 0.0000, 0.0000, 0.0000, 1000.0000, 222.0000, 0.0000, 0.0000, 0.0000, 0.0000, 0.0000, 0.0000, 0.0000, 0.0000, 0.0000, 0.0000, 0.0000, 0.0000, 0.0000, 0.0000, 0.0000, 0.0000, 0.0000, 0.0000, 0.0000, 0.0000, 0.0000, 0.0000, 0.0000, 3, 'Webkul\\Customer\\Models\\Customer', 1, 'Webkul\\Core\\Models\\Channel', '2019-09-02 20:18:27', '2019-09-02 20:18:27', 40),
	(30, '30', 'pending', 'Default', 0, 'test@gmail.com', 'test', 'super', 'free_free', 'Free Shipping - Free Shipping', 'This is a free shipping', NULL, 0, 1, 1, 'HUF', 'HUF', 'HUF', 1084.0000, 196.0000, 0.0000, 0.0000, 0.0000, 0.0000, 1084.0000, 222.0000, 0.0000, 0.0000, 0.0000, 0.0000, 0.0000, 0.0000, 0.0000, 0.0000, 0.0000, 0.0000, 0.0000, 0.0000, 0.0000, 0.0000, 0.0000, 0.0000, 0.0000, 0.0000, 0.0000, 0.0000, 0.0000, 0.0000, 0.0000, 3, 'Webkul\\Customer\\Models\\Customer', 1, 'Webkul\\Core\\Models\\Channel', '2019-09-02 20:20:11', '2019-09-02 20:20:11', 41),
	(31, '31', 'pending', 'Default', 0, 'test@gmail.com', 'test', 'super', 'free_free', 'Free Shipping - Free Shipping', 'This is a free shipping', NULL, 0, 1, 1, 'HUF', 'HUF', 'HUF', 1058.0000, 170.0000, 0.0000, 0.0000, 0.0000, 0.0000, 1058.0000, 222.0000, 0.0000, 0.0000, 0.0000, 0.0000, 0.0000, 0.0000, 0.0000, 0.0000, 0.0000, 0.0000, 0.0000, 0.0000, 0.0000, 0.0000, 0.0000, 0.0000, 0.0000, 0.0000, 0.0000, 0.0000, 0.0000, 0.0000, 0.0000, 3, 'Webkul\\Customer\\Models\\Customer', 1, 'Webkul\\Core\\Models\\Channel', '2019-09-02 20:24:05', '2019-09-02 20:24:05', 42),
	(32, '32', 'pending', 'Default', 0, 'test@gmail.com', 'test', 'super', 'free_free', 'Free Shipping - Free Shipping', 'This is a free shipping', NULL, 0, 1, 1, 'HUF', 'HUF', 'HUF', 1000.0000, 112.0000, 0.0000, 0.0000, 0.0000, 0.0000, 1000.0000, 222.0000, 0.0000, 0.0000, 0.0000, 0.0000, 0.0000, 0.0000, 0.0000, 0.0000, 0.0000, 0.0000, 0.0000, 0.0000, 0.0000, 0.0000, 0.0000, 0.0000, 0.0000, 0.0000, 0.0000, 0.0000, 0.0000, 0.0000, 0.0000, 3, 'Webkul\\Customer\\Models\\Customer', 1, 'Webkul\\Core\\Models\\Channel', '2019-09-02 20:28:07', '2019-09-02 20:28:07', 43),
	(33, '33', 'pending', 'Default', 0, 'test@gmail.com', 'test', 'super', 'free_free', 'Free Shipping - Free Shipping', 'This is a free shipping', NULL, 0, 1, 1, 'HUF', 'HUF', 'HUF', 1000.0000, 112.0000, 0.0000, 0.0000, 0.0000, 0.0000, 1000.0000, 222.0000, 0.0000, 0.0000, 0.0000, 0.0000, 0.0000, 0.0000, 0.0000, 0.0000, 0.0000, 0.0000, 0.0000, 0.0000, 0.0000, 0.0000, 0.0000, 0.0000, 0.0000, 0.0000, 0.0000, 0.0000, 0.0000, 0.0000, 0.0000, 3, 'Webkul\\Customer\\Models\\Customer', 1, 'Webkul\\Core\\Models\\Channel', '2019-09-03 14:18:10', '2019-09-03 14:18:10', 47),
	(34, '34', 'pending', 'Default', 0, 'test@gmail.com', 'test', 'super', 'free_free', 'Free Shipping - Free Shipping', 'This is a free shipping', NULL, 0, 1, 2, 'HUF', 'HUF', 'HUF', 1776.0000, 0.0000, 0.0000, 0.0000, 0.0000, 0.0000, 1776.0000, 444.0000, 0.0000, 0.0000, 0.0000, 0.0000, 0.0000, 0.0000, 0.0000, 0.0000, 0.0000, 0.0000, 0.0000, 0.0000, 0.0000, 0.0000, 0.0000, 0.0000, 0.0000, 0.0000, 0.0000, 0.0000, 0.0000, 0.0000, 0.0000, 3, 'Webkul\\Customer\\Models\\Customer', 1, 'Webkul\\Core\\Models\\Channel', '2019-09-04 14:15:59', '2019-09-04 14:15:59', 49),
	(35, '35', 'pending', 'Default', 0, 'test@gmail.com', 'test', 'super', 'free_free', 'Free Shipping - Free Shipping', 'This is a free shipping', NULL, 0, 1, 1, 'HUF', 'HUF', 'HUF', 1034.0000, 146.0000, 0.0000, 0.0000, 0.0000, 0.0000, 1034.0000, 222.0000, 0.0000, 0.0000, 0.0000, 0.0000, 0.0000, 0.0000, 0.0000, 0.0000, 0.0000, 0.0000, 0.0000, 0.0000, 0.0000, 0.0000, 0.0000, 0.0000, 0.0000, 0.0000, 0.0000, 0.0000, 0.0000, 0.0000, 0.0000, 3, 'Webkul\\Customer\\Models\\Customer', 1, 'Webkul\\Core\\Models\\Channel', '2019-09-04 14:44:38', '2019-09-04 14:44:38', 50),
	(36, '36', 'pending', 'Default', 0, 'test@gmail.com', 'test', 'super', 'free_free', 'Free Shipping - Free Shipping', 'This is a free shipping', NULL, 0, 2, 8, 'HUF', 'HUF', 'HUF', 2504.0000, 2504.0000, 0.0000, 0.0000, 0.0000, 0.0000, 2504.0000, 2504.0000, 0.0000, 0.0000, 0.0000, 0.0000, 0.0000, 0.0000, 0.0000, 0.0000, 0.0000, 0.0000, 0.0000, 0.0000, 0.0000, 0.0000, 0.0000, 0.0000, 0.0000, 0.0000, 0.0000, 0.0000, 0.0000, 0.0000, 0.0000, 3, 'Webkul\\Customer\\Models\\Customer', 1, 'Webkul\\Core\\Models\\Channel', '2019-09-16 17:04:27', '2019-09-16 17:04:27', 86),
	(37, '37', 'pending', 'Default', 0, 'test@gmail.com', 'test', 'super', 'free_free', 'Free Shipping - Free Shipping', 'This is a free shipping', NULL, 0, 1, 2, 'HUF', 'HUF', 'HUF', 644.0000, 644.0000, 0.0000, 0.0000, 0.0000, 0.0000, 644.0000, 644.0000, 0.0000, 0.0000, 0.0000, 0.0000, 0.0000, 0.0000, 0.0000, 0.0000, 0.0000, 0.0000, 0.0000, 0.0000, 0.0000, 0.0000, 0.0000, 0.0000, 0.0000, 0.0000, 0.0000, 0.0000, 0.0000, 0.0000, 0.0000, 3, 'Webkul\\Customer\\Models\\Customer', 1, 'Webkul\\Core\\Models\\Channel', '2019-09-16 17:09:29', '2019-09-16 17:09:29', 90),
	(38, '38', 'pending', 'Default', 0, 'test@gmail.com', 'test', 'super', 'free_free', 'Free Shipping - Free Shipping', 'This is a free shipping', NULL, 0, 1, 1, 'HUF', 'HUF', 'HUF', 322.0000, 322.0000, 0.0000, 0.0000, 0.0000, 0.0000, 322.0000, 322.0000, 0.0000, 0.0000, 0.0000, 0.0000, 0.0000, 0.0000, 0.0000, 0.0000, 0.0000, 0.0000, 0.0000, 0.0000, 0.0000, 0.0000, 0.0000, 0.0000, 0.0000, 0.0000, 0.0000, 0.0000, 0.0000, 0.0000, 0.0000, 3, 'Webkul\\Customer\\Models\\Customer', 1, 'Webkul\\Core\\Models\\Channel', '2019-09-16 17:12:23', '2019-09-16 17:12:23', 91),
	(39, '39', 'pending', 'Default', 0, 'test@gmail.com', 'test', 'super', 'free_free', 'Free Shipping - Free Shipping', 'This is a free shipping', NULL, 0, 1, 1, 'HUF', 'HUF', 'HUF', 322.0000, 322.0000, 0.0000, 0.0000, 0.0000, 0.0000, 322.0000, 322.0000, 0.0000, 0.0000, 0.0000, 0.0000, 0.0000, 0.0000, 0.0000, 0.0000, 0.0000, 0.0000, 0.0000, 0.0000, 0.0000, 0.0000, 0.0000, 0.0000, 0.0000, 0.0000, 0.0000, 0.0000, 0.0000, 0.0000, 0.0000, 3, 'Webkul\\Customer\\Models\\Customer', 1, 'Webkul\\Core\\Models\\Channel', '2019-09-16 17:14:00', '2019-09-16 17:14:00', 92),
	(40, '40', 'pending', 'Default', 0, 'test@gmail.com', 'test', 'super', 'free_free', 'Free Shipping - Free Shipping', 'This is a free shipping', NULL, 0, 1, 1, 'HUF', 'HUF', 'HUF', 322.0000, 322.0000, 0.0000, 0.0000, 0.0000, 0.0000, 322.0000, 322.0000, 0.0000, 0.0000, 0.0000, 0.0000, 0.0000, 0.0000, 0.0000, 0.0000, 0.0000, 0.0000, 0.0000, 0.0000, 0.0000, 0.0000, 0.0000, 0.0000, 0.0000, 0.0000, 0.0000, 0.0000, 0.0000, 0.0000, 0.0000, 3, 'Webkul\\Customer\\Models\\Customer', 1, 'Webkul\\Core\\Models\\Channel', '2019-09-16 17:18:15', '2019-09-16 17:18:15', 93),
	(41, '41', 'pending', 'Default', 0, 'test@gmail.com', 'test', 'super', 'free_free', 'Free Shipping - Free Shipping', 'This is a free shipping', NULL, 0, 1, 1, 'HUF', 'HUF', 'HUF', 322.0000, 322.0000, 0.0000, 0.0000, 0.0000, 0.0000, 322.0000, 322.0000, 0.0000, 0.0000, 0.0000, 0.0000, 0.0000, 0.0000, 0.0000, 0.0000, 0.0000, 0.0000, 0.0000, 0.0000, 0.0000, 0.0000, 0.0000, 0.0000, 0.0000, 0.0000, 0.0000, 0.0000, 0.0000, 0.0000, 0.0000, 3, 'Webkul\\Customer\\Models\\Customer', 1, 'Webkul\\Core\\Models\\Channel', '2019-09-16 17:19:48', '2019-09-16 17:19:48', 94),
	(42, '42', 'pending', 'Default', 0, 'test@gmail.com', 'test', 'super', 'free_free', 'Free Shipping - Free Shipping', 'This is a free shipping', NULL, 0, 1, 1, 'HUF', 'HUF', 'HUF', 322.0000, 322.0000, 0.0000, 0.0000, 0.0000, 0.0000, 322.0000, 322.0000, 0.0000, 0.0000, 0.0000, 0.0000, 0.0000, 0.0000, 0.0000, 0.0000, 0.0000, 0.0000, 0.0000, 0.0000, 0.0000, 0.0000, 0.0000, 0.0000, 0.0000, 0.0000, 0.0000, 0.0000, 0.0000, 0.0000, 0.0000, 3, 'Webkul\\Customer\\Models\\Customer', 1, 'Webkul\\Core\\Models\\Channel', '2019-09-16 17:20:20', '2019-09-16 17:20:20', 95),
	(43, '43', 'pending', 'Default', 0, 'test@gmail.com', 'test', 'super', 'free_free', 'Free Shipping - Free Shipping', 'This is a free shipping', NULL, 0, 1, 1, 'HUF', 'HUF', 'HUF', 322.0000, 322.0000, 0.0000, 0.0000, 0.0000, 0.0000, 322.0000, 322.0000, 0.0000, 0.0000, 0.0000, 0.0000, 0.0000, 0.0000, 0.0000, 0.0000, 0.0000, 0.0000, 0.0000, 0.0000, 0.0000, 0.0000, 0.0000, 0.0000, 0.0000, 0.0000, 0.0000, 0.0000, 0.0000, 0.0000, 0.0000, 3, 'Webkul\\Customer\\Models\\Customer', 1, 'Webkul\\Core\\Models\\Channel', '2019-09-16 17:22:11', '2019-09-16 17:22:11', 96),
	(44, '44', 'pending', 'Default', 0, 'test@gmail.com', 'test', 'super', 'free_free', 'Free Shipping - Free Shipping', 'This is a free shipping', NULL, 0, 1, 1, 'HUF', 'HUF', 'HUF', 322.0000, 322.0000, 0.0000, 0.0000, 0.0000, 0.0000, 322.0000, 322.0000, 0.0000, 0.0000, 0.0000, 0.0000, 0.0000, 0.0000, 0.0000, 0.0000, 0.0000, 0.0000, 0.0000, 0.0000, 0.0000, 0.0000, 0.0000, 0.0000, 0.0000, 0.0000, 0.0000, 0.0000, 0.0000, 0.0000, 0.0000, 3, 'Webkul\\Customer\\Models\\Customer', 1, 'Webkul\\Core\\Models\\Channel', '2019-09-16 17:23:24', '2019-09-16 17:23:24', 97),
	(45, '45', 'pending', 'Default', 0, 'test@gmail.com', 'test', 'super', 'free_free', 'Free Shipping - Free Shipping', 'This is a free shipping', NULL, 0, 1, 1, 'HUF', 'HUF', 'HUF', 322.0000, 322.0000, 0.0000, 0.0000, 0.0000, 0.0000, 322.0000, 322.0000, 0.0000, 0.0000, 0.0000, 0.0000, 0.0000, 0.0000, 0.0000, 0.0000, 0.0000, 0.0000, 0.0000, 0.0000, 0.0000, 0.0000, 0.0000, 0.0000, 0.0000, 0.0000, 0.0000, 0.0000, 0.0000, 0.0000, 0.0000, 3, 'Webkul\\Customer\\Models\\Customer', 1, 'Webkul\\Core\\Models\\Channel', '2019-09-16 18:14:58', '2019-09-16 18:14:58', 103),
	(46, '46', 'pending', 'Default', 0, 'test@gmail.com', 'test', 'super', 'free_free', 'Free Shipping - Free Shipping', 'This is a free shipping', NULL, 0, 1, 3, 'HUF', 'HUF', 'HUF', 966.0000, 966.0000, 0.0000, 0.0000, 0.0000, 0.0000, 966.0000, 966.0000, 0.0000, 0.0000, 0.0000, 0.0000, 0.0000, 0.0000, 0.0000, 0.0000, 0.0000, 0.0000, 0.0000, 0.0000, 0.0000, 0.0000, 0.0000, 0.0000, 0.0000, 0.0000, 0.0000, 0.0000, 0.0000, 0.0000, 0.0000, 3, 'Webkul\\Customer\\Models\\Customer', 1, 'Webkul\\Core\\Models\\Channel', '2019-09-16 18:19:56', '2019-09-16 18:19:56', 106),
	(47, '47', 'pending', 'Default', 0, 'test@gmail.com', 'test', 'super', 'flatrate_flatrate', 'Flat Rate - Flat Rate', 'This is a flat rate', NULL, 0, 2, 5, 'HUF', 'HUF', 'HUF', 1588.0000, 1588.0000, 0.0000, 0.0000, 0.0000, 0.0000, 1538.0000, 1538.0000, 0.0000, 0.0000, 0.0000, 0.0000, 0.0000, 0.0000, 0.0000, 0.0000, 0.0000, 0.0000, 0.0000, 0.0000, 0.0000, 0.0000, 0.0000, 0.0000, 0.0000, 50.0000, 50.0000, 0.0000, 0.0000, 0.0000, 0.0000, 3, 'Webkul\\Customer\\Models\\Customer', 1, 'Webkul\\Core\\Models\\Channel', '2019-09-16 19:23:04', '2019-09-16 19:23:04', 107),
	(48, '48', 'pending', 'Default', 0, 'test@gmail.com', 'test', 'super', 'free_free', 'Free Shipping - Free Shipping', 'This is a free shipping', NULL, 0, 1, 2, 'HUF', 'HUF', 'HUF', 500.0000, 500.0000, 0.0000, 0.0000, 0.0000, 0.0000, 500.0000, 500.0000, 0.0000, 0.0000, 0.0000, 0.0000, 0.0000, 0.0000, 0.0000, 0.0000, 0.0000, 0.0000, 0.0000, 0.0000, 0.0000, 0.0000, 0.0000, 0.0000, 0.0000, 0.0000, 0.0000, 0.0000, 0.0000, 0.0000, 0.0000, 3, 'Webkul\\Customer\\Models\\Customer', 1, 'Webkul\\Core\\Models\\Channel', '2019-09-16 21:03:52', '2019-09-16 21:03:52', 109),
	(49, '49', 'pending', 'Default', 0, 'test@gmail.com', 'test', 'super', 'free_free', 'Free Shipping - Free Shipping', 'This is a free shipping', NULL, 0, 1, 1, 'HUF', 'HUF', 'HUF', 322.0000, 322.0000, 0.0000, 0.0000, 0.0000, 0.0000, 322.0000, 322.0000, 0.0000, 0.0000, 0.0000, 0.0000, 0.0000, 0.0000, 0.0000, 0.0000, 0.0000, 0.0000, 0.0000, 0.0000, 0.0000, 0.0000, 0.0000, 0.0000, 0.0000, 0.0000, 0.0000, 0.0000, 0.0000, 0.0000, 0.0000, 3, 'Webkul\\Customer\\Models\\Customer', 1, 'Webkul\\Core\\Models\\Channel', '2019-09-16 22:18:23', '2019-09-16 22:18:23', 113),
	(50, '50', 'pending', 'Default', 0, 'test@gmail.com', 'test1', 'super3', 'free_free', 'Free Shipping - Free Shipping', 'This is a free shipping', NULL, 0, 2, 8, 'HUF', 'HUF', 'HUF', 497.0000, 497.0000, 0.0000, 0.0000, 0.0000, 0.0000, 497.0000, 497.0000, 0.0000, 0.0000, 0.0000, 0.0000, 0.0000, 0.0000, 0.0000, 0.0000, 0.0000, 0.0000, 0.0000, 0.0000, 0.0000, 0.0000, 0.0000, 0.0000, 0.0000, 0.0000, 0.0000, 0.0000, 0.0000, 0.0000, 0.0000, 3, 'Webkul\\Customer\\Models\\Customer', 1, 'Webkul\\Core\\Models\\Channel', '2019-09-19 20:48:44', '2019-09-19 20:48:44', 114),
	(51, '51', 'pending', 'Default', 0, 'test@gmail.com', 'test1', 'super3', 'free_free', 'Free Shipping - Free Shipping', 'This is a free shipping', NULL, 0, 1, 1, 'HUF', 'HUF', 'HUF', 322.0000, 322.0000, 0.0000, 0.0000, 0.0000, 0.0000, 322.0000, 322.0000, 0.0000, 0.0000, 0.0000, 0.0000, 0.0000, 0.0000, 0.0000, 0.0000, 0.0000, 0.0000, 0.0000, 0.0000, 0.0000, 0.0000, 0.0000, 0.0000, 0.0000, 0.0000, 0.0000, 0.0000, 0.0000, 0.0000, 0.0000, 3, 'Webkul\\Customer\\Models\\Customer', 1, 'Webkul\\Core\\Models\\Channel', '2019-09-20 15:34:52', '2019-09-20 15:34:52', 134),
	(52, '52', 'pending', 'Default', 0, 'test@gmail.com', 'test1', 'super3', 'free_free', 'Free Shipping - Free Shipping', 'This is a free shipping', NULL, 0, 1, 1, 'HUF', 'HUF', 'HUF', 322.0000, 322.0000, 0.0000, 0.0000, 0.0000, 0.0000, 322.0000, 322.0000, 0.0000, 0.0000, 0.0000, 0.0000, 0.0000, 0.0000, 0.0000, 0.0000, 0.0000, 0.0000, 0.0000, 0.0000, 0.0000, 0.0000, 0.0000, 0.0000, 0.0000, 0.0000, 0.0000, 0.0000, 0.0000, 0.0000, 0.0000, 3, 'Webkul\\Customer\\Models\\Customer', 1, 'Webkul\\Core\\Models\\Channel', '2019-09-20 15:45:48', '2019-09-20 15:45:48', 135),
	(53, '53', 'pending', 'Default', 0, 'test@gmail.com', 'test1', 'super3', 'free_free', 'Free Shipping - Free Shipping', 'This is a free shipping', NULL, 0, 1, 1, 'HUF', 'HUF', 'HUF', 322.0000, 322.0000, 0.0000, 0.0000, 0.0000, 0.0000, 322.0000, 322.0000, 0.0000, 0.0000, 0.0000, 0.0000, 0.0000, 0.0000, 0.0000, 0.0000, 0.0000, 0.0000, 0.0000, 0.0000, 0.0000, 0.0000, 0.0000, 0.0000, 0.0000, 0.0000, 0.0000, 0.0000, 0.0000, 0.0000, 0.0000, 3, 'Webkul\\Customer\\Models\\Customer', 1, 'Webkul\\Core\\Models\\Channel', '2019-09-20 16:32:37', '2019-09-20 16:32:37', 136),
	(54, '54', 'pending', 'Default', 0, 'test@gmail.com', 'test1', 'super3', 'free_free', 'Free Shipping - Free Shipping', 'This is a free shipping', NULL, 0, 1, 2, 'HUF', 'HUF', 'HUF', 644.0000, 644.0000, 0.0000, 0.0000, 0.0000, 0.0000, 644.0000, 644.0000, 0.0000, 0.0000, 0.0000, 0.0000, 0.0000, 0.0000, 0.0000, 0.0000, 0.0000, 0.0000, 0.0000, 0.0000, 0.0000, 0.0000, 0.0000, 0.0000, 0.0000, 0.0000, 0.0000, 0.0000, 0.0000, 0.0000, 0.0000, 3, 'Webkul\\Customer\\Models\\Customer', 1, 'Webkul\\Core\\Models\\Channel', '2019-09-20 17:07:40', '2019-09-20 17:07:40', 143),
	(55, '55', 'pending', 'Default', 0, 'test@gmail.com', 'test1', 'super3', 'free_free', 'Free Shipping - Free Shipping', 'This is a free shipping', NULL, 0, 1, 2, 'HUF', 'HUF', 'HUF', 644.0000, 644.0000, 0.0000, 0.0000, 0.0000, 0.0000, 644.0000, 644.0000, 0.0000, 0.0000, 0.0000, 0.0000, 0.0000, 0.0000, 0.0000, 0.0000, 0.0000, 0.0000, 0.0000, 0.0000, 0.0000, 0.0000, 0.0000, 0.0000, 0.0000, 0.0000, 0.0000, 0.0000, 0.0000, 0.0000, 0.0000, 3, 'Webkul\\Customer\\Models\\Customer', 1, 'Webkul\\Core\\Models\\Channel', '2019-09-20 19:41:15', '2019-09-20 19:41:15', 145),
	(56, '56', 'pending', 'Default', 0, 'test@gmail.com', 'test1', 'super3', 'free_free', 'Free Shipping - Free Shipping', 'This is a free shipping', NULL, 0, 1, 1, 'HUF', 'HUF', 'HUF', 322.0000, 322.0000, 0.0000, 0.0000, 0.0000, 0.0000, 322.0000, 322.0000, 0.0000, 0.0000, 0.0000, 0.0000, 0.0000, 0.0000, 0.0000, 0.0000, 0.0000, 0.0000, 0.0000, 0.0000, 0.0000, 0.0000, 0.0000, 0.0000, 0.0000, 0.0000, 0.0000, 0.0000, 0.0000, 0.0000, 0.0000, 3, 'Webkul\\Customer\\Models\\Customer', 1, 'Webkul\\Core\\Models\\Channel', '2019-09-20 21:09:11', '2019-09-20 21:09:11', 147),
	(57, '57', 'pending', 'Default', 0, 'test@gmail.com', 'test1', 'super3', 'free_free', 'Free Shipping - Free Shipping', 'This is a free shipping', NULL, 0, 3, 6, 'HUF', 'HUF', 'HUF', 1525.0000, 1525.0000, 0.0000, 0.0000, 0.0000, 0.0000, 1525.0000, 1525.0000, 0.0000, 0.0000, 0.0000, 0.0000, 0.0000, 0.0000, 0.0000, 0.0000, 0.0000, 0.0000, 0.0000, 0.0000, 0.0000, 0.0000, 0.0000, 0.0000, 0.0000, 0.0000, 0.0000, 0.0000, 0.0000, 0.0000, 0.0000, 3, 'Webkul\\Customer\\Models\\Customer', 1, 'Webkul\\Core\\Models\\Channel', '2019-09-23 15:26:37', '2019-09-23 15:26:37', 149),
	(58, '58', 'pending', 'Default', 1, 'gsdfs3@gmail.com', 'gsdfs3', 'gsdfs3', 'free_free', 'Free Shipping - Free Shipping', 'This is a free shipping', NULL, 0, 1, 2, 'HUF', 'HUF', 'HUF', 500.0000, 500.0000, 0.0000, 0.0000, 0.0000, 0.0000, 500.0000, 500.0000, 0.0000, 0.0000, 0.0000, 0.0000, 0.0000, 0.0000, 0.0000, 0.0000, 0.0000, 0.0000, 0.0000, 0.0000, 0.0000, 0.0000, 0.0000, 0.0000, 0.0000, 0.0000, 0.0000, 0.0000, 0.0000, 0.0000, 0.0000, NULL, NULL, 1, 'Webkul\\Core\\Models\\Channel', '2019-09-24 13:44:14', '2019-09-24 13:44:14', 179),
	(59, '59', 'pending', 'Default', 0, 'test@gmail.com', 'test1', 'super3', 'free_free', 'Free Shipping - Free Shipping', 'This is a free shipping', NULL, 0, 2, 9, 'HUF', 'HUF', 'HUF', 64100.0000, 64100.0000, 0.0000, 0.0000, 0.0000, 0.0000, 64100.0000, 64100.0000, 0.0000, 0.0000, 0.0000, 0.0000, 0.0000, 0.0000, 0.0000, 0.0000, 0.0000, 0.0000, 0.0000, 0.0000, 0.0000, 0.0000, 0.0000, 0.0000, 0.0000, 0.0000, 0.0000, 0.0000, 0.0000, 0.0000, 0.0000, 3, 'Webkul\\Customer\\Models\\Customer', 1, 'Webkul\\Core\\Models\\Channel', '2019-10-03 20:26:00', '2019-10-03 20:26:00', 195);
/*!40000 ALTER TABLE `orders` ENABLE KEYS */;

-- Дамп структуры для таблица blue_bird_cafe.order_address
CREATE TABLE IF NOT EXISTS `order_address` (
  `id` int(10) unsigned NOT NULL AUTO_INCREMENT,
  `first_name` varchar(191) COLLATE utf8mb4_unicode_ci NOT NULL,
  `last_name` varchar(191) COLLATE utf8mb4_unicode_ci NOT NULL,
  `email` varchar(191) COLLATE utf8mb4_unicode_ci NOT NULL,
  `address1` varchar(191) COLLATE utf8mb4_unicode_ci NOT NULL,
  `address2` varchar(191) COLLATE utf8mb4_unicode_ci DEFAULT NULL,
  `country` varchar(191) COLLATE utf8mb4_unicode_ci NOT NULL,
  `state` varchar(191) COLLATE utf8mb4_unicode_ci NOT NULL,
  `city` varchar(191) COLLATE utf8mb4_unicode_ci NOT NULL,
  `postcode` int(11) NOT NULL,
  `phone` varchar(191) COLLATE utf8mb4_unicode_ci NOT NULL,
  `address_type` varchar(191) COLLATE utf8mb4_unicode_ci NOT NULL,
  `order_id` int(10) unsigned NOT NULL,
  `customer_id` int(10) unsigned DEFAULT NULL,
  `created_at` timestamp NULL DEFAULT NULL,
  `updated_at` timestamp NULL DEFAULT NULL,
  PRIMARY KEY (`id`),
  KEY `order_address_order_id_foreign` (`order_id`),
  KEY `order_address_customer_id_foreign` (`customer_id`),
  CONSTRAINT `order_address_customer_id_foreign` FOREIGN KEY (`customer_id`) REFERENCES `customers` (`id`) ON DELETE SET NULL,
  CONSTRAINT `order_address_order_id_foreign` FOREIGN KEY (`order_id`) REFERENCES `orders` (`id`) ON DELETE CASCADE
) ENGINE=InnoDB AUTO_INCREMENT=119 DEFAULT CHARSET=utf8mb4 COLLATE=utf8mb4_unicode_ci ROW_FORMAT=DYNAMIC;

-- Дамп данных таблицы blue_bird_cafe.order_address: ~70 rows (приблизительно)
/*!40000 ALTER TABLE `order_address` DISABLE KEYS */;
REPLACE INTO `order_address` (`id`, `first_name`, `last_name`, `email`, `address1`, `address2`, `country`, `state`, `city`, `postcode`, `phone`, `address_type`, `order_id`, `customer_id`, `created_at`, `updated_at`) VALUES
	(37, 'test', 'super', 'test@gmail.com', 'testCity', NULL, 'AO', 'testCity', 'testCity', 6345, '38097999999', 'shipping', 19, NULL, '2019-08-31 13:33:11', '2019-08-31 13:33:11'),
	(38, 'test', 'super', 'test@gmail.com', 'testCity', NULL, 'AO', 'testCity', 'testCity', 6345, '38097999999', 'billing', 19, NULL, '2019-08-31 13:33:11', '2019-08-31 13:33:11'),
	(41, 'test', 'super', 'test@gmail.com', 'testCity', NULL, 'AO', 'testCity', 'testCity', 6345, '38097999999', 'shipping', 21, NULL, '2019-09-02 18:46:32', '2019-09-02 18:46:32'),
	(42, 'test', 'super', 'test@gmail.com', 'testCity', NULL, 'AO', 'testCity', 'testCity', 6345, '38097999999', 'billing', 21, NULL, '2019-09-02 18:46:32', '2019-09-02 18:46:32'),
	(49, 'test', 'super', 'test@gmail.com', 'testCity', NULL, 'AO', 'testCity', 'testCity', 6345, '38097999999', 'shipping', 25, NULL, '2019-09-02 19:16:13', '2019-09-02 19:16:13'),
	(50, 'test', 'super', 'test@gmail.com', 'testCity', NULL, 'AO', 'testCity', 'testCity', 6345, '38097999999', 'billing', 25, NULL, '2019-09-02 19:16:13', '2019-09-02 19:16:13'),
	(53, 'test', 'super', 'test@gmail.com', 'testCity', NULL, 'AO', 'testCity', 'testCity', 6345, '38097999999', 'shipping', 27, NULL, '2019-09-02 19:22:05', '2019-09-02 19:22:05'),
	(54, 'test', 'super', 'test@gmail.com', 'testCity', NULL, 'AO', 'testCity', 'testCity', 6345, '38097999999', 'billing', 27, NULL, '2019-09-02 19:22:05', '2019-09-02 19:22:05'),
	(55, 'test', 'super', 'test@gmail.com', 'testCity', NULL, 'AO', 'testCity', 'testCity', 6345, '38097999999', 'shipping', 28, NULL, '2019-09-02 20:05:19', '2019-09-02 20:05:19'),
	(56, 'test', 'super', 'test@gmail.com', 'testCity', NULL, 'AO', 'testCity', 'testCity', 6345, '38097999999', 'billing', 28, NULL, '2019-09-02 20:05:19', '2019-09-02 20:05:19'),
	(57, 'test', 'super', 'test@gmail.com', 'testCity', NULL, 'AO', 'testCity', 'testCity', 6345, '38097999999', 'shipping', 29, NULL, '2019-09-02 20:18:27', '2019-09-02 20:18:27'),
	(58, 'test', 'super', 'test@gmail.com', 'testCity', NULL, 'AO', 'testCity', 'testCity', 6345, '38097999999', 'billing', 29, NULL, '2019-09-02 20:18:27', '2019-09-02 20:18:27'),
	(59, 'test', 'super', 'test@gmail.com', 'testCity', NULL, 'AO', 'testCity', 'testCity', 6345, '38097999999', 'shipping', 30, NULL, '2019-09-02 20:20:11', '2019-09-02 20:20:11'),
	(60, 'test', 'super', 'test@gmail.com', 'testCity', NULL, 'AO', 'testCity', 'testCity', 6345, '38097999999', 'billing', 30, NULL, '2019-09-02 20:20:11', '2019-09-02 20:20:11'),
	(61, 'test', 'super', 'test@gmail.com', 'testCity', NULL, 'AO', 'testCity', 'testCity', 6345, '38097999999', 'shipping', 31, NULL, '2019-09-02 20:24:05', '2019-09-02 20:24:05'),
	(62, 'test', 'super', 'test@gmail.com', 'testCity', NULL, 'AO', 'testCity', 'testCity', 6345, '38097999999', 'billing', 31, NULL, '2019-09-02 20:24:05', '2019-09-02 20:24:05'),
	(63, 'test', 'super', 'test@gmail.com', 'testCity', NULL, 'AO', 'testCity', 'testCity', 6345, '38097999999', 'shipping', 32, NULL, '2019-09-02 20:28:07', '2019-09-02 20:28:07'),
	(64, 'test', 'super', 'test@gmail.com', 'testCity', NULL, 'AO', 'testCity', 'testCity', 6345, '38097999999', 'billing', 32, NULL, '2019-09-02 20:28:07', '2019-09-02 20:28:07'),
	(65, 'test', 'super', 'test@gmail.com', 'testCity', NULL, 'AO', 'testCity', 'testCity', 6345, '38097999999', 'shipping', 33, NULL, '2019-09-03 14:18:10', '2019-09-03 14:18:10'),
	(66, 'test', 'super', 'test@gmail.com', 'testCity', NULL, 'AO', 'testCity', 'testCity', 6345, '38097999999', 'billing', 33, NULL, '2019-09-03 14:18:10', '2019-09-03 14:18:10'),
	(67, 'test', 'super', 'test@gmail.com', 'testCity', NULL, 'AO', 'testCity', 'testCity', 6345, '38097999999', 'shipping', 34, NULL, '2019-09-04 14:15:59', '2019-09-04 14:15:59'),
	(68, 'test', 'super', 'test@gmail.com', 'testCity', NULL, 'AO', 'testCity', 'testCity', 6345, '38097999999', 'billing', 34, NULL, '2019-09-04 14:15:59', '2019-09-04 14:15:59'),
	(69, 'test', 'super', 'test@gmail.com', 'testCity', NULL, 'AO', 'testCity', 'testCity', 6345, '38097999999', 'shipping', 35, NULL, '2019-09-04 14:44:38', '2019-09-04 14:44:38'),
	(70, 'test', 'super', 'test@gmail.com', 'testCity', NULL, 'AO', 'testCity', 'testCity', 6345, '38097999999', 'billing', 35, NULL, '2019-09-04 14:44:38', '2019-09-04 14:44:38'),
	(71, 'test', 'super', 'test@gmail.com', 'testCity', NULL, 'AO', 'testCity', 'testCity', 6345, '38097999999', 'shipping', 36, NULL, '2019-09-16 17:04:27', '2019-09-16 17:04:27'),
	(72, 'test', 'super', 'test@gmail.com', 'testCity', NULL, 'AO', 'testCity', 'testCity', 6345, '38097999999', 'billing', 36, NULL, '2019-09-16 17:04:27', '2019-09-16 17:04:27'),
	(73, 'test', 'super', 'test@gmail.com', 'testCity', NULL, 'AO', 'testCity', 'testCity', 6345, '38097999999', 'shipping', 37, NULL, '2019-09-16 17:09:29', '2019-09-16 17:09:29'),
	(74, 'test', 'super', 'test@gmail.com', 'testCity', NULL, 'AO', 'testCity', 'testCity', 6345, '38097999999', 'billing', 37, NULL, '2019-09-16 17:09:29', '2019-09-16 17:09:29'),
	(75, 'test', 'super', 'test@gmail.com', 'testCity', NULL, 'AO', 'testCity', 'testCity', 6345, '38097999999', 'shipping', 38, NULL, '2019-09-16 17:12:23', '2019-09-16 17:12:23'),
	(76, 'test', 'super', 'test@gmail.com', 'testCity', NULL, 'AO', 'testCity', 'testCity', 6345, '38097999999', 'billing', 38, NULL, '2019-09-16 17:12:23', '2019-09-16 17:12:23'),
	(77, 'test', 'super', 'test@gmail.com', 'testCity', NULL, 'AO', 'testCity', 'testCity', 6345, '38097999999', 'shipping', 39, NULL, '2019-09-16 17:14:00', '2019-09-16 17:14:00'),
	(78, 'test', 'super', 'test@gmail.com', 'testCity', NULL, 'AO', 'testCity', 'testCity', 6345, '38097999999', 'billing', 39, NULL, '2019-09-16 17:14:00', '2019-09-16 17:14:00'),
	(79, 'test', 'super', 'test@gmail.com', 'testCity', NULL, 'AO', 'testCity', 'testCity', 6345, '38097999999', 'shipping', 40, NULL, '2019-09-16 17:18:15', '2019-09-16 17:18:15'),
	(80, 'test', 'super', 'test@gmail.com', 'testCity', NULL, 'AO', 'testCity', 'testCity', 6345, '38097999999', 'billing', 40, NULL, '2019-09-16 17:18:15', '2019-09-16 17:18:15'),
	(81, 'test', 'super', 'test@gmail.com', 'testCity', NULL, 'AO', 'testCity', 'testCity', 6345, '38097999999', 'shipping', 41, NULL, '2019-09-16 17:19:48', '2019-09-16 17:19:48'),
	(82, 'test', 'super', 'test@gmail.com', 'testCity', NULL, 'AO', 'testCity', 'testCity', 6345, '38097999999', 'billing', 41, NULL, '2019-09-16 17:19:48', '2019-09-16 17:19:48'),
	(83, 'test', 'super', 'test@gmail.com', 'testCity', NULL, 'AO', 'testCity', 'testCity', 6345, '38097999999', 'shipping', 42, NULL, '2019-09-16 17:20:20', '2019-09-16 17:20:20'),
	(84, 'test', 'super', 'test@gmail.com', 'testCity', NULL, 'AO', 'testCity', 'testCity', 6345, '38097999999', 'billing', 42, NULL, '2019-09-16 17:20:20', '2019-09-16 17:20:20'),
	(85, 'test', 'super', 'test@gmail.com', 'testCity', NULL, 'AO', 'testCity', 'testCity', 6345, '38097999999', 'shipping', 43, NULL, '2019-09-16 17:22:11', '2019-09-16 17:22:11'),
	(86, 'test', 'super', 'test@gmail.com', 'testCity', NULL, 'AO', 'testCity', 'testCity', 6345, '38097999999', 'billing', 43, NULL, '2019-09-16 17:22:11', '2019-09-16 17:22:11'),
	(87, 'test', 'super', 'test@gmail.com', 'testCity', NULL, 'AO', 'testCity', 'testCity', 6345, '38097999999', 'shipping', 44, NULL, '2019-09-16 17:23:24', '2019-09-16 17:23:24'),
	(88, 'test', 'super', 'test@gmail.com', 'testCity', NULL, 'AO', 'testCity', 'testCity', 6345, '38097999999', 'billing', 44, NULL, '2019-09-16 17:23:24', '2019-09-16 17:23:24'),
	(89, 'test', 'super', 'test@gmail.com', 'testCity', NULL, 'AO', 'testCity', 'testCity', 6345, '38097999999', 'shipping', 45, NULL, '2019-09-16 18:14:58', '2019-09-16 18:14:58'),
	(90, 'test', 'super', 'test@gmail.com', 'testCity', NULL, 'AO', 'testCity', 'testCity', 6345, '38097999999', 'billing', 45, NULL, '2019-09-16 18:14:58', '2019-09-16 18:14:58'),
	(91, 'test', 'super', 'test@gmail.com', 'testCity', NULL, 'AO', 'testCity', 'testCity', 6345, '38097999999', 'shipping', 46, NULL, '2019-09-16 18:19:56', '2019-09-16 18:19:56'),
	(92, 'test', 'super', 'test@gmail.com', 'testCity', NULL, 'AO', 'testCity', 'testCity', 6345, '38097999999', 'billing', 46, NULL, '2019-09-16 18:19:56', '2019-09-16 18:19:56'),
	(93, 'test', 'super', 'test@gmail.com', 'testCity', NULL, 'AO', 'testCity', 'testCity', 6345, '38097999999', 'shipping', 47, NULL, '2019-09-16 19:23:04', '2019-09-16 19:23:04'),
	(94, 'test', 'super', 'test@gmail.com', 'testCity', NULL, 'AO', 'testCity', 'testCity', 6345, '38097999999', 'billing', 47, NULL, '2019-09-16 19:23:04', '2019-09-16 19:23:04'),
	(95, 'test', 'super', 'test@gmail.com', 'testCity', NULL, 'AO', 'testCity', 'testCity', 6345, '38097999999', 'shipping', 48, NULL, '2019-09-16 21:03:52', '2019-09-16 21:03:52'),
	(96, 'test', 'super', 'test@gmail.com', 'testCity', NULL, 'AO', 'testCity', 'testCity', 6345, '38097999999', 'billing', 48, NULL, '2019-09-16 21:03:52', '2019-09-16 21:03:52'),
	(97, 'test', 'super', 'test@gmail.com', 'testCity', NULL, 'AO', 'testCity', 'testCity', 6345, '38097999999', 'shipping', 49, NULL, '2019-09-16 22:18:23', '2019-09-16 22:18:23'),
	(98, 'test', 'super', 'test@gmail.com', 'testCity', NULL, 'AO', 'testCity', 'testCity', 6345, '38097999999', 'billing', 49, NULL, '2019-09-16 22:18:23', '2019-09-16 22:18:23'),
	(99, 'test1', 'super3', 'test@gmail.com', 'testCity4', NULL, 'AO', 'testCity', 'testCity', 6345, '38097888888', 'shipping', 50, NULL, '2019-09-19 20:48:44', '2019-09-19 20:48:44'),
	(100, 'test1', 'super3', 'test@gmail.com', 'testCity4', NULL, 'AO', 'testCity', 'testCity', 6345, '38097888888', 'billing', 50, NULL, '2019-09-19 20:48:44', '2019-09-19 20:48:44'),
	(101, 'test1', 'super3', 'test@gmail.com', 'testCity4', NULL, 'AO', 'testCity', 'testCity', 6345, '38097888888', 'shipping', 51, NULL, '2019-09-20 15:34:52', '2019-09-20 15:34:52'),
	(102, 'test1', 'super3', 'test@gmail.com', 'testCity4', NULL, 'AO', 'testCity', 'testCity', 6345, '38097888888', 'billing', 51, NULL, '2019-09-20 15:34:52', '2019-09-20 15:34:52'),
	(103, 'test1', 'super3', 'test@gmail.com', 'testCity4', NULL, 'AO', 'testCity', 'testCity', 6345, '38097888888', 'shipping', 52, NULL, '2019-09-20 15:45:48', '2019-09-20 15:45:48'),
	(104, 'test1', 'super3', 'test@gmail.com', 'testCity4', NULL, 'AO', 'testCity', 'testCity', 6345, '38097888888', 'billing', 52, NULL, '2019-09-20 15:45:48', '2019-09-20 15:45:48'),
	(105, 'test1', 'super3', 'test@gmail.com', 'testCity4', NULL, 'AO', 'testCity', 'testCity', 6345, '38097888888', 'shipping', 53, NULL, '2019-09-20 16:32:37', '2019-09-20 16:32:37'),
	(106, 'test1', 'super3', 'test@gmail.com', 'testCity4', NULL, 'AO', 'testCity', 'testCity', 6345, '38097888888', 'billing', 53, NULL, '2019-09-20 16:32:37', '2019-09-20 16:32:37'),
	(107, 'test1', 'super3', 'test@gmail.com', 'testCity4', NULL, 'AO', 'testCity', 'testCity', 6345, '38097888888', 'shipping', 54, NULL, '2019-09-20 17:07:40', '2019-09-20 17:07:40'),
	(108, 'test1', 'super3', 'test@gmail.com', 'testCity4', NULL, 'AO', 'testCity', 'testCity', 6345, '38097888888', 'billing', 54, NULL, '2019-09-20 17:07:40', '2019-09-20 17:07:40'),
	(109, 'test1', 'super3', 'test@gmail.com', 'testCity4', NULL, 'AO', 'testCity', 'testCity', 6345, '38097888888', 'shipping', 55, NULL, '2019-09-20 19:41:15', '2019-09-20 19:41:15'),
	(110, 'test1', 'super3', 'test@gmail.com', 'testCity4', NULL, 'AO', 'testCity', 'testCity', 6345, '38097888888', 'billing', 55, NULL, '2019-09-20 19:41:15', '2019-09-20 19:41:15'),
	(111, 'test1', 'super3', 'test@gmail.com', 'testCity4', NULL, 'AO', 'testCity', 'testCity', 6345, '38097888888', 'shipping', 56, NULL, '2019-09-20 21:09:11', '2019-09-20 21:09:11'),
	(112, 'test1', 'super3', 'test@gmail.com', 'testCity4', NULL, 'AO', 'testCity', 'testCity', 6345, '38097888888', 'billing', 56, NULL, '2019-09-20 21:09:11', '2019-09-20 21:09:11'),
	(113, 'test1', 'super3', 'test@gmail.com', 'testCity4', NULL, 'AO', 'testCity', 'testCity', 6345, '38097888888', 'shipping', 57, NULL, '2019-09-23 15:26:37', '2019-09-23 15:26:37'),
	(114, 'test1', 'super3', 'test@gmail.com', 'testCity4', NULL, 'AO', 'testCity', 'testCity', 6345, '38097888888', 'billing', 57, NULL, '2019-09-23 15:26:37', '2019-09-23 15:26:37'),
	(115, 'gsdfs3', 'gsdfs3', 'gsdfs3@gmail.com', 'gsdfs3', NULL, 'AZ', 'gsdfs3', 'gsdfs3', 346345, '246456345', 'shipping', 58, NULL, '2019-09-24 13:44:14', '2019-09-24 13:44:14'),
	(116, 'gsdfs3', 'gsdfs3', 'gsdfs3@gmail.com', 'gsdfs3', NULL, 'AZ', 'gsdfs3', 'gsdfs3', 346345, '246456345', 'billing', 58, NULL, '2019-09-24 13:44:14', '2019-09-24 13:44:14'),
	(117, 'test1', 'super3', 'test@gmail.com', 'testCity4   ', NULL, 'AO', 'testCity   ', 'testCity   ', 6345, '38097888844 ', 'shipping', 59, NULL, '2019-10-03 20:26:00', '2019-10-03 20:26:00'),
	(118, 'test1', 'super3', 'test@gmail.com', 'testCity4   ', NULL, 'AO', 'testCity   ', 'testCity   ', 6345, '38097888844 ', 'billing', 59, NULL, '2019-10-03 20:26:00', '2019-10-03 20:26:00');
/*!40000 ALTER TABLE `order_address` ENABLE KEYS */;

-- Дамп структуры для таблица blue_bird_cafe.order_items
CREATE TABLE IF NOT EXISTS `order_items` (
  `id` int(10) unsigned NOT NULL AUTO_INCREMENT,
  `sku` varchar(191) COLLATE utf8mb4_unicode_ci DEFAULT NULL,
  `type` varchar(191) COLLATE utf8mb4_unicode_ci DEFAULT NULL,
  `name` varchar(191) COLLATE utf8mb4_unicode_ci DEFAULT NULL,
  `coupon_code` varchar(191) COLLATE utf8mb4_unicode_ci DEFAULT NULL,
  `weight` decimal(12,4) DEFAULT 0.0000,
  `total_weight` decimal(12,4) DEFAULT 0.0000,
  `qty_ordered` int(11) DEFAULT 0,
  `qty_shipped` int(11) DEFAULT 0,
  `qty_invoiced` int(11) DEFAULT 0,
  `qty_canceled` int(11) DEFAULT 0,
  `qty_refunded` int(11) DEFAULT 0,
  `price` decimal(12,4) NOT NULL DEFAULT 0.0000,
  `base_price` decimal(12,4) NOT NULL DEFAULT 0.0000,
  `total` decimal(12,4) NOT NULL DEFAULT 0.0000,
  `base_total` decimal(12,4) NOT NULL DEFAULT 0.0000,
  `total_invoiced` decimal(12,4) NOT NULL DEFAULT 0.0000,
  `base_total_invoiced` decimal(12,4) NOT NULL DEFAULT 0.0000,
  `amount_refunded` decimal(12,4) NOT NULL DEFAULT 0.0000,
  `base_amount_refunded` decimal(12,4) NOT NULL DEFAULT 0.0000,
  `discount_percent` decimal(12,4) DEFAULT 0.0000,
  `discount_amount` decimal(12,4) DEFAULT 0.0000,
  `base_discount_amount` decimal(12,4) DEFAULT 0.0000,
  `discount_invoiced` decimal(12,4) DEFAULT 0.0000,
  `base_discount_invoiced` decimal(12,4) DEFAULT 0.0000,
  `discount_refunded` decimal(12,4) DEFAULT 0.0000,
  `base_discount_refunded` decimal(12,4) DEFAULT 0.0000,
  `tax_percent` decimal(12,4) DEFAULT 0.0000,
  `tax_amount` decimal(12,4) DEFAULT 0.0000,
  `base_tax_amount` decimal(12,4) DEFAULT 0.0000,
  `tax_amount_invoiced` decimal(12,4) DEFAULT 0.0000,
  `base_tax_amount_invoiced` decimal(12,4) DEFAULT 0.0000,
  `tax_amount_refunded` decimal(12,4) DEFAULT 0.0000,
  `base_tax_amount_refunded` decimal(12,4) DEFAULT 0.0000,
  `product_id` int(10) unsigned DEFAULT NULL,
  `product_type` varchar(191) COLLATE utf8mb4_unicode_ci DEFAULT NULL,
  `order_id` int(10) unsigned DEFAULT NULL,
  `parent_id` int(10) unsigned DEFAULT NULL,
  `additional` longtext CHARACTER SET utf8mb4 COLLATE utf8mb4_bin DEFAULT NULL,
  `created_at` timestamp NULL DEFAULT NULL,
  `updated_at` timestamp NULL DEFAULT NULL,
  PRIMARY KEY (`id`),
  KEY `order_items_order_id_foreign` (`order_id`),
  KEY `order_items_parent_id_foreign` (`parent_id`),
  CONSTRAINT `order_items_order_id_foreign` FOREIGN KEY (`order_id`) REFERENCES `orders` (`id`) ON DELETE CASCADE,
  CONSTRAINT `order_items_parent_id_foreign` FOREIGN KEY (`parent_id`) REFERENCES `order_items` (`id`) ON DELETE CASCADE
) ENGINE=InnoDB AUTO_INCREMENT=73 DEFAULT CHARSET=utf8mb4 COLLATE=utf8mb4_unicode_ci ROW_FORMAT=DYNAMIC;

-- Дамп данных таблицы blue_bird_cafe.order_items: ~48 rows (приблизительно)
/*!40000 ALTER TABLE `order_items` DISABLE KEYS */;
REPLACE INTO `order_items` (`id`, `sku`, `type`, `name`, `coupon_code`, `weight`, `total_weight`, `qty_ordered`, `qty_shipped`, `qty_invoiced`, `qty_canceled`, `qty_refunded`, `price`, `base_price`, `total`, `base_total`, `total_invoiced`, `base_total_invoiced`, `amount_refunded`, `base_amount_refunded`, `discount_percent`, `discount_amount`, `base_discount_amount`, `discount_invoiced`, `base_discount_invoiced`, `discount_refunded`, `base_discount_refunded`, `tax_percent`, `tax_amount`, `base_tax_amount`, `tax_amount_invoiced`, `base_tax_amount_invoiced`, `tax_amount_refunded`, `base_tax_amount_refunded`, `product_id`, `product_type`, `order_id`, `parent_id`, `additional`, `created_at`, `updated_at`) VALUES
	(17, '23', 'simple', 'SuperTest', NULL, 50.0000, 100.0000, 2, 0, 0, 0, 0, 1110.0000, 222.0000, 2220.0000, 444.0000, 0.0000, 0.0000, 0.0000, 0.0000, 0.0000, 0.0000, 0.0000, 0.0000, 0.0000, 0.0000, 0.0000, 0.0000, 0.0000, 0.0000, 0.0000, 0.0000, 0.0000, 0.0000, 5, 'Webkul\\Product\\Models\\Product', 19, NULL, '{"product":"5","is_configurable":false,"quantity":2}', '2019-08-31 13:33:11', '2019-08-31 13:33:11'),
	(19, '23', 'simple', 'SuperTest', NULL, 50.0000, 50.0000, 1, 0, 0, 0, 0, 1110.0000, 222.0000, 1110.0000, 222.0000, 0.0000, 0.0000, 0.0000, 0.0000, 0.0000, 0.0000, 0.0000, 0.0000, 0.0000, 0.0000, 0.0000, 0.0000, 0.0000, 0.0000, 0.0000, 0.0000, 0.0000, 0.0000, 5, 'Webkul\\Product\\Models\\Product', 21, NULL, '{"product":"5","points":"5","customer_id":"3","quantity":"1","is_configurable":"false"}', '2019-09-02 18:46:32', '2019-09-02 18:46:32'),
	(23, '23', 'simple', 'SuperTest', NULL, 50.0000, 50.0000, 1, 0, 0, 0, 0, 1110.0000, 222.0000, 1110.0000, 222.0000, 0.0000, 0.0000, 0.0000, 0.0000, 0.0000, 0.0000, 0.0000, 0.0000, 0.0000, 0.0000, 0.0000, 0.0000, 0.0000, 0.0000, 0.0000, 0.0000, 0.0000, 0.0000, 5, 'Webkul\\Product\\Models\\Product', 25, NULL, '{"product":"5","points":"110","customer_id":"3","quantity":"1","is_configurable":"false"}', '2019-09-02 19:16:13', '2019-09-02 19:16:13'),
	(25, '23', 'simple', 'SuperTest', NULL, 50.0000, 50.0000, 1, 0, 0, 0, 0, 1110.0000, 222.0000, 1110.0000, 222.0000, 0.0000, 0.0000, 0.0000, 0.0000, 0.0000, 0.0000, 0.0000, 0.0000, 0.0000, 0.0000, 0.0000, 0.0000, 0.0000, 0.0000, 0.0000, 0.0000, 0.0000, 0.0000, 5, 'Webkul\\Product\\Models\\Product', 27, NULL, '{"product":"5","points":"55","customer_id":"3","quantity":2,"is_configurable":"false"}', '2019-09-02 19:22:05', '2019-09-02 19:22:05'),
	(26, '23', 'simple', 'SuperTest', NULL, 50.0000, 50.0000, 1, 0, 0, 0, 0, 1110.0000, 222.0000, 1110.0000, 222.0000, 0.0000, 0.0000, 0.0000, 0.0000, 0.0000, 0.0000, 0.0000, 0.0000, 0.0000, 0.0000, 0.0000, 0.0000, 0.0000, 0.0000, 0.0000, 0.0000, 0.0000, 0.0000, 5, 'Webkul\\Product\\Models\\Product', 28, NULL, '{"product":"5","points":"54","customer_id":"3","quantity":2,"is_configurable":"false"}', '2019-09-02 20:05:19', '2019-09-02 20:05:19'),
	(27, '23', 'simple', 'SuperTest', NULL, 50.0000, 50.0000, 1, 0, 0, 0, 0, 1110.0000, 222.0000, 1110.0000, 222.0000, 0.0000, 0.0000, 0.0000, 0.0000, 0.0000, 0.0000, 0.0000, 0.0000, 0.0000, 0.0000, 0.0000, 0.0000, 0.0000, 0.0000, 0.0000, 0.0000, 0.0000, 0.0000, 5, 'Webkul\\Product\\Models\\Product', 29, NULL, '{"product":"5","points":"55","customer_id":"3","quantity":4,"is_configurable":"false"}', '2019-09-02 20:18:27', '2019-09-02 20:18:27'),
	(28, '23', 'simple', 'SuperTest', NULL, 50.0000, 50.0000, 1, 0, 0, 0, 0, 1110.0000, 222.0000, 1110.0000, 222.0000, 0.0000, 0.0000, 0.0000, 0.0000, 0.0000, 0.0000, 0.0000, 0.0000, 0.0000, 0.0000, 0.0000, 0.0000, 0.0000, 0.0000, 0.0000, 0.0000, 0.0000, 0.0000, 5, 'Webkul\\Product\\Models\\Product', 30, NULL, '{"product":"5","points":"13","customer_id":"3","quantity":"1","is_configurable":"false"}', '2019-09-02 20:20:11', '2019-09-02 20:20:11'),
	(29, '23', 'simple', 'SuperTest', NULL, 50.0000, 50.0000, 1, 0, 0, 0, 0, 1110.0000, 222.0000, 1110.0000, 222.0000, 0.0000, 0.0000, 0.0000, 0.0000, 0.0000, 0.0000, 0.0000, 0.0000, 0.0000, 0.0000, 0.0000, 0.0000, 0.0000, 0.0000, 0.0000, 0.0000, 0.0000, 0.0000, 5, 'Webkul\\Product\\Models\\Product', 31, NULL, '{"product":"5","points":"26","customer_id":"3","quantity":2,"is_configurable":"false"}', '2019-09-02 20:24:05', '2019-09-02 20:24:05'),
	(30, '23', 'simple', 'SuperTest', NULL, 50.0000, 50.0000, 1, 0, 0, 0, 0, 1110.0000, 222.0000, 1110.0000, 222.0000, 0.0000, 0.0000, 0.0000, 0.0000, 0.0000, 0.0000, 0.0000, 0.0000, 0.0000, 0.0000, 0.0000, 0.0000, 0.0000, 0.0000, 0.0000, 0.0000, 0.0000, 0.0000, 5, 'Webkul\\Product\\Models\\Product', 32, NULL, '{"product":"5","points":"55","customer_id":"3","quantity":"1","is_configurable":"false"}', '2019-09-02 20:28:07', '2019-09-02 20:28:07'),
	(31, '23', 'simple', 'SuperTest', NULL, 50.0000, 50.0000, 1, 0, 0, 0, 0, 1110.0000, 222.0000, 1110.0000, 222.0000, 0.0000, 0.0000, 0.0000, 0.0000, 0.0000, 0.0000, 0.0000, 0.0000, 0.0000, 0.0000, 0.0000, 0.0000, 0.0000, 0.0000, 0.0000, 0.0000, 0.0000, 0.0000, 5, 'Webkul\\Product\\Models\\Product', 33, NULL, '{"product":"5","points":"55","customer_id":"3","quantity":"1","is_configurable":"false"}', '2019-09-03 14:18:10', '2019-09-03 14:18:10'),
	(32, '23', 'simple', 'SuperTest', NULL, 50.0000, 100.0000, 2, 0, 0, 0, 0, 1110.0000, 222.0000, 2220.0000, 444.0000, 0.0000, 0.0000, 0.0000, 0.0000, 0.0000, 0.0000, 0.0000, 0.0000, 0.0000, 0.0000, 0.0000, 0.0000, 0.0000, 0.0000, 0.0000, 0.0000, 0.0000, 0.0000, 5, 'Webkul\\Product\\Models\\Product', 34, NULL, '{"product":"5","points":"0","customer_id":"3","quantity":2,"is_configurable":"false"}', '2019-09-04 14:15:59', '2019-09-04 14:15:59'),
	(33, '23', 'simple', 'SuperTest', NULL, 50.0000, 50.0000, 1, 0, 0, 0, 0, 1110.0000, 222.0000, 1110.0000, 222.0000, 0.0000, 0.0000, 0.0000, 0.0000, 0.0000, 0.0000, 0.0000, 0.0000, 0.0000, 0.0000, 0.0000, 0.0000, 0.0000, 0.0000, 0.0000, 0.0000, 0.0000, 0.0000, 5, 'Webkul\\Product\\Models\\Product', 35, NULL, '{"product":"5","points":"0","customer_id":"3","quantity":2,"is_configurable":"false"}', '2019-09-04 14:44:38', '2019-09-04 14:44:38'),
	(34, '3434', 'simple', 'megatest', NULL, 3.0000, 21.0000, 7, 0, 0, 0, 0, 322.0000, 322.0000, 2254.0000, 2254.0000, 0.0000, 0.0000, 0.0000, 0.0000, 0.0000, 0.0000, 0.0000, 0.0000, 0.0000, 0.0000, 0.0000, 0.0000, 0.0000, 0.0000, 0.0000, 0.0000, 0.0000, 0.0000, 74, 'Webkul\\Product\\Models\\Product', 36, NULL, '{"product":"74","points":"0","customer_id":"3","quantity":"1","is_configurable":"false"}', '2019-09-16 17:04:27', '2019-09-16 17:04:27'),
	(35, '322', 'configurable', 'coffeecheck', NULL, 25.0000, 25.0000, 1, 0, 0, 0, 0, 250.0000, 250.0000, 250.0000, 250.0000, 0.0000, 0.0000, 0.0000, 0.0000, 0.0000, 0.0000, 0.0000, 0.0000, 0.0000, 0.0000, 0.0000, 0.0000, 0.0000, 0.0000, 0.0000, 0.0000, 0.0000, 0.0000, 203, 'Webkul\\Product\\Models\\Product', 36, NULL, '{"product":"203","points":"0","customer_id":"3","quantity":"1","selected_configurable_option":"204","super_attribute":{"32":"10"},"is_configurable":"true","attributes":{"CoffeeWeight":{"attribute_name":"CoffeeWeight","option_id":10,"option_label":"250g"}}}', '2019-09-16 17:04:27', '2019-09-16 17:04:27'),
	(36, '322-variant-10', 'simple', '250g', NULL, 1.0000, 0.0000, 0, 0, 0, 0, 0, 1.0000, 0.0000, 0.0000, 0.0000, 0.0000, 0.0000, 0.0000, 0.0000, 0.0000, 0.0000, 0.0000, 0.0000, 0.0000, 0.0000, 0.0000, 0.0000, 0.0000, 0.0000, 0.0000, 0.0000, 0.0000, 0.0000, 204, 'Webkul\\Product\\Models\\Product', 36, 35, NULL, '2019-09-16 17:04:27', '2019-09-16 17:04:27'),
	(37, '3434', 'simple', 'megatest', NULL, 3.0000, 6.0000, 2, 0, 0, 0, 0, 322.0000, 322.0000, 644.0000, 644.0000, 0.0000, 0.0000, 0.0000, 0.0000, 0.0000, 0.0000, 0.0000, 0.0000, 0.0000, 0.0000, 0.0000, 0.0000, 0.0000, 0.0000, 0.0000, 0.0000, 0.0000, 0.0000, 74, 'Webkul\\Product\\Models\\Product', 37, NULL, '{"product":"74","points":"0","customer_id":"3","quantity":2,"is_configurable":"false"}', '2019-09-16 17:09:29', '2019-09-16 17:09:29'),
	(38, '3434', 'simple', 'megatest', NULL, 3.0000, 3.0000, 1, 0, 0, 0, 0, 322.0000, 322.0000, 322.0000, 322.0000, 0.0000, 0.0000, 0.0000, 0.0000, 0.0000, 0.0000, 0.0000, 0.0000, 0.0000, 0.0000, 0.0000, 0.0000, 0.0000, 0.0000, 0.0000, 0.0000, 0.0000, 0.0000, 74, 'Webkul\\Product\\Models\\Product', 38, NULL, '{"product":"74","points":"0","customer_id":"3","quantity":"1","is_configurable":"false"}', '2019-09-16 17:12:23', '2019-09-16 17:12:23'),
	(39, '3434', 'simple', 'megatest', NULL, 3.0000, 3.0000, 1, 0, 0, 0, 0, 322.0000, 322.0000, 322.0000, 322.0000, 0.0000, 0.0000, 0.0000, 0.0000, 0.0000, 0.0000, 0.0000, 0.0000, 0.0000, 0.0000, 0.0000, 0.0000, 0.0000, 0.0000, 0.0000, 0.0000, 0.0000, 0.0000, 74, 'Webkul\\Product\\Models\\Product', 39, NULL, '{"product":"74","points":"0","customer_id":"3","quantity":"1","is_configurable":"false"}', '2019-09-16 17:14:00', '2019-09-16 17:14:00'),
	(40, '3434', 'simple', 'megatest', NULL, 3.0000, 3.0000, 1, 0, 0, 0, 0, 322.0000, 322.0000, 322.0000, 322.0000, 0.0000, 0.0000, 0.0000, 0.0000, 0.0000, 0.0000, 0.0000, 0.0000, 0.0000, 0.0000, 0.0000, 0.0000, 0.0000, 0.0000, 0.0000, 0.0000, 0.0000, 0.0000, 74, 'Webkul\\Product\\Models\\Product', 40, NULL, '{"product":"74","points":"0","customer_id":"3","quantity":"1","is_configurable":"false"}', '2019-09-16 17:18:15', '2019-09-16 17:18:15'),
	(41, '3434', 'simple', 'megatest', NULL, 3.0000, 3.0000, 1, 0, 0, 0, 0, 322.0000, 322.0000, 322.0000, 322.0000, 0.0000, 0.0000, 0.0000, 0.0000, 0.0000, 0.0000, 0.0000, 0.0000, 0.0000, 0.0000, 0.0000, 0.0000, 0.0000, 0.0000, 0.0000, 0.0000, 0.0000, 0.0000, 74, 'Webkul\\Product\\Models\\Product', 41, NULL, '{"product":"74","points":"0","customer_id":"3","quantity":"1","is_configurable":"false"}', '2019-09-16 17:19:48', '2019-09-16 17:19:48'),
	(42, '3434', 'simple', 'megatest', NULL, 3.0000, 3.0000, 1, 0, 0, 0, 0, 322.0000, 322.0000, 322.0000, 322.0000, 0.0000, 0.0000, 0.0000, 0.0000, 0.0000, 0.0000, 0.0000, 0.0000, 0.0000, 0.0000, 0.0000, 0.0000, 0.0000, 0.0000, 0.0000, 0.0000, 0.0000, 0.0000, 74, 'Webkul\\Product\\Models\\Product', 42, NULL, '{"product":"74","points":"0","customer_id":"3","quantity":"1","is_configurable":"false"}', '2019-09-16 17:20:20', '2019-09-16 17:20:20'),
	(43, '3434', 'simple', 'megatest', NULL, 3.0000, 3.0000, 1, 0, 0, 0, 0, 322.0000, 322.0000, 322.0000, 322.0000, 0.0000, 0.0000, 0.0000, 0.0000, 0.0000, 0.0000, 0.0000, 0.0000, 0.0000, 0.0000, 0.0000, 0.0000, 0.0000, 0.0000, 0.0000, 0.0000, 0.0000, 0.0000, 74, 'Webkul\\Product\\Models\\Product', 43, NULL, '{"product":"74","points":"0","customer_id":"3","quantity":"1","is_configurable":"false"}', '2019-09-16 17:22:11', '2019-09-16 17:22:11'),
	(44, '3434', 'simple', 'megatest', NULL, 3.0000, 3.0000, 1, 0, 0, 0, 0, 322.0000, 322.0000, 322.0000, 322.0000, 0.0000, 0.0000, 0.0000, 0.0000, 0.0000, 0.0000, 0.0000, 0.0000, 0.0000, 0.0000, 0.0000, 0.0000, 0.0000, 0.0000, 0.0000, 0.0000, 0.0000, 0.0000, 74, 'Webkul\\Product\\Models\\Product', 44, NULL, '{"product":"74","points":"0","customer_id":"3","quantity":"1","is_configurable":"false"}', '2019-09-16 17:23:24', '2019-09-16 17:23:24'),
	(45, '3434', 'simple', 'megatest', NULL, 3.0000, 3.0000, 1, 0, 0, 0, 0, 322.0000, 322.0000, 322.0000, 322.0000, 0.0000, 0.0000, 0.0000, 0.0000, 0.0000, 0.0000, 0.0000, 0.0000, 0.0000, 0.0000, 0.0000, 0.0000, 0.0000, 0.0000, 0.0000, 0.0000, 0.0000, 0.0000, 74, 'Webkul\\Product\\Models\\Product', 45, NULL, '{"product":"74","points":"0","customer_id":"3","quantity":"1","is_configurable":"false"}', '2019-09-16 18:14:58', '2019-09-16 18:14:58'),
	(46, '3434', 'simple', 'megatest', NULL, 3.0000, 9.0000, 3, 0, 0, 0, 0, 322.0000, 322.0000, 966.0000, 966.0000, 0.0000, 0.0000, 0.0000, 0.0000, 0.0000, 0.0000, 0.0000, 0.0000, 0.0000, 0.0000, 0.0000, 0.0000, 0.0000, 0.0000, 0.0000, 0.0000, 0.0000, 0.0000, 74, 'Webkul\\Product\\Models\\Product', 46, NULL, '{"product":"74","points":"0","customer_id":"3","quantity":3,"is_configurable":"false"}', '2019-09-16 18:19:56', '2019-09-16 18:19:56'),
	(47, '3434', 'simple', 'megatest', NULL, 3.0000, 12.0000, 4, 0, 0, 0, 0, 322.0000, 322.0000, 1288.0000, 1288.0000, 0.0000, 0.0000, 0.0000, 0.0000, 0.0000, 0.0000, 0.0000, 0.0000, 0.0000, 0.0000, 0.0000, 0.0000, 0.0000, 0.0000, 0.0000, 0.0000, 0.0000, 0.0000, 74, 'Webkul\\Product\\Models\\Product', 47, NULL, '{"product":"74","points":"0","customer_id":"3","quantity":4,"is_configurable":"false"}', '2019-09-16 19:23:04', '2019-09-16 19:23:04'),
	(48, '322', 'configurable', 'coffeecheck', NULL, 25.0000, 25.0000, 1, 0, 0, 0, 0, 250.0000, 250.0000, 250.0000, 250.0000, 0.0000, 0.0000, 0.0000, 0.0000, 0.0000, 0.0000, 0.0000, 0.0000, 0.0000, 0.0000, 0.0000, 0.0000, 0.0000, 0.0000, 0.0000, 0.0000, 0.0000, 0.0000, 203, 'Webkul\\Product\\Models\\Product', 47, NULL, '{"product":"203","points":"0","customer_id":"3","quantity":"1","selected_configurable_option":"204","super_attribute":{"32":"10"},"is_configurable":"true","attributes":{"CoffeeWeight":{"attribute_name":"CoffeeWeight","option_id":10,"option_label":"250g"}}}', '2019-09-16 19:23:04', '2019-09-16 19:23:04'),
	(49, '322-variant-10', 'simple', '250g', NULL, 1.0000, 0.0000, 0, 0, 0, 0, 0, 1.0000, 0.0000, 0.0000, 0.0000, 0.0000, 0.0000, 0.0000, 0.0000, 0.0000, 0.0000, 0.0000, 0.0000, 0.0000, 0.0000, 0.0000, 0.0000, 0.0000, 0.0000, 0.0000, 0.0000, 0.0000, 0.0000, 204, 'Webkul\\Product\\Models\\Product', 47, 48, NULL, '2019-09-16 19:23:04', '2019-09-16 19:23:04'),
	(50, '322', 'configurable', 'coffeecheck', NULL, 25.0000, 50.0000, 2, 0, 0, 0, 0, 250.0000, 250.0000, 500.0000, 500.0000, 0.0000, 0.0000, 0.0000, 0.0000, 0.0000, 0.0000, 0.0000, 0.0000, 0.0000, 0.0000, 0.0000, 0.0000, 0.0000, 0.0000, 0.0000, 0.0000, 0.0000, 0.0000, 203, 'Webkul\\Product\\Models\\Product', 48, NULL, '{"product":"203","points":"0","customer_id":"3","quantity":"1","selected_configurable_option":"204","super_attribute":{"32":"10"},"is_configurable":"true","attributes":{"CoffeeWeight":{"attribute_name":"CoffeeWeight","option_id":10,"option_label":"250g"}}}', '2019-09-16 21:03:52', '2019-09-16 21:03:52'),
	(51, '322-variant-10', 'simple', '250g', NULL, 1.0000, 0.0000, 0, 0, 0, 0, 0, 1.0000, 0.0000, 0.0000, 0.0000, 0.0000, 0.0000, 0.0000, 0.0000, 0.0000, 0.0000, 0.0000, 0.0000, 0.0000, 0.0000, 0.0000, 0.0000, 0.0000, 0.0000, 0.0000, 0.0000, 0.0000, 0.0000, 204, 'Webkul\\Product\\Models\\Product', 48, 50, NULL, '2019-09-16 21:03:52', '2019-09-16 21:03:52'),
	(52, '3434', 'simple', 'megatest', NULL, 3.0000, 3.0000, 1, 0, 0, 0, 0, 322.0000, 322.0000, 322.0000, 322.0000, 0.0000, 0.0000, 0.0000, 0.0000, 0.0000, 0.0000, 0.0000, 0.0000, 0.0000, 0.0000, 0.0000, 0.0000, 0.0000, 0.0000, 0.0000, 0.0000, 0.0000, 0.0000, 74, 'Webkul\\Product\\Models\\Product', 49, NULL, '{"product":"74","points":"0","customer_id":"3","quantity":"1","is_configurable":"false"}', '2019-09-16 22:18:23', '2019-09-16 22:18:23'),
	(53, '3434', 'simple', 'megatest', NULL, 3.0000, 3.0000, 1, 0, 0, 0, 0, 322.0000, 322.0000, 322.0000, 322.0000, 0.0000, 0.0000, 0.0000, 0.0000, 0.0000, 0.0000, 0.0000, 0.0000, 0.0000, 0.0000, 0.0000, 0.0000, 0.0000, 0.0000, 0.0000, 0.0000, 0.0000, 0.0000, 74, 'Webkul\\Product\\Models\\Product', 50, NULL, '{"product":"74","points":"0","customer_id":"3","quantity":"1","is_configurable":"false"}', '2019-09-19 20:48:44', '2019-09-19 20:48:44'),
	(54, '787', 'configurable', 'WeightCoffee', NULL, 25.0000, 175.0000, 7, 0, 0, 0, 0, 25.0000, 25.0000, 175.0000, 175.0000, 0.0000, 0.0000, 0.0000, 0.0000, 0.0000, 0.0000, 0.0000, 0.0000, 0.0000, 0.0000, 0.0000, 0.0000, 0.0000, 0.0000, 0.0000, 0.0000, 0.0000, 0.0000, 217, 'Webkul\\Product\\Models\\Product', 50, NULL, '{"product":"217","points":"0","customer_id":"3","quantity":7,"selected_configurable_option":"218","super_attribute":{"32":"10"},"is_configurable":"true","attributes":{"CoffeeWeight":{"attribute_name":"CoffeeWeight","option_id":10,"option_label":"250g"}}}', '2019-09-19 20:48:44', '2019-09-19 20:48:44'),
	(55, '787-variant-10', 'simple', 'weightcoffee', NULL, 1.0000, 0.0000, 0, 0, 0, 0, 0, 1.0000, 0.0000, 0.0000, 0.0000, 0.0000, 0.0000, 0.0000, 0.0000, 0.0000, 0.0000, 0.0000, 0.0000, 0.0000, 0.0000, 0.0000, 0.0000, 0.0000, 0.0000, 0.0000, 0.0000, 0.0000, 0.0000, 218, 'Webkul\\Product\\Models\\Product', 50, 54, NULL, '2019-09-19 20:48:44', '2019-09-19 20:48:44'),
	(56, '3434', 'simple', 'megatest', NULL, 3.0000, 3.0000, 1, 0, 0, 0, 0, 322.0000, 322.0000, 322.0000, 322.0000, 0.0000, 0.0000, 0.0000, 0.0000, 0.0000, 0.0000, 0.0000, 0.0000, 0.0000, 0.0000, 0.0000, 0.0000, 0.0000, 0.0000, 0.0000, 0.0000, 0.0000, 0.0000, 74, 'Webkul\\Product\\Models\\Product', 51, NULL, '{"product":"74","points":"0","customer_id":"3","quantity":"1","is_configurable":"false"}', '2019-09-20 15:34:52', '2019-09-20 15:34:52'),
	(57, '3434', 'simple', 'megatest', NULL, 3.0000, 3.0000, 1, 0, 0, 0, 0, 322.0000, 322.0000, 322.0000, 322.0000, 0.0000, 0.0000, 0.0000, 0.0000, 0.0000, 0.0000, 0.0000, 0.0000, 0.0000, 0.0000, 0.0000, 0.0000, 0.0000, 0.0000, 0.0000, 0.0000, 0.0000, 0.0000, 74, 'Webkul\\Product\\Models\\Product', 52, NULL, '{"product":"74","points":"0","customer_id":"3","quantity":"1","is_configurable":"false"}', '2019-09-20 15:45:48', '2019-09-20 15:45:48'),
	(58, '3434', 'simple', 'megatest', NULL, 3.0000, 3.0000, 1, 0, 0, 0, 0, 322.0000, 322.0000, 322.0000, 322.0000, 0.0000, 0.0000, 0.0000, 0.0000, 0.0000, 0.0000, 0.0000, 0.0000, 0.0000, 0.0000, 0.0000, 0.0000, 0.0000, 0.0000, 0.0000, 0.0000, 0.0000, 0.0000, 74, 'Webkul\\Product\\Models\\Product', 53, NULL, '{"product":"74","quantity":"1","is_configurable":"false"}', '2019-09-20 16:32:37', '2019-09-20 16:32:37'),
	(59, '3434', 'simple', 'megatest', NULL, 3.0000, 6.0000, 2, 0, 0, 0, 0, 322.0000, 322.0000, 644.0000, 644.0000, 0.0000, 0.0000, 0.0000, 0.0000, 0.0000, 0.0000, 0.0000, 0.0000, 0.0000, 0.0000, 0.0000, 0.0000, 0.0000, 0.0000, 0.0000, 0.0000, 0.0000, 0.0000, 74, 'Webkul\\Product\\Models\\Product', 54, NULL, '{"product":"74","points":"0","customer_id":"3","quantity":2,"is_configurable":"false"}', '2019-09-20 17:07:40', '2019-09-20 17:07:40'),
	(60, '3434', 'simple', 'megatest', NULL, 3.0000, 6.0000, 2, 0, 0, 0, 0, 322.0000, 322.0000, 644.0000, 644.0000, 0.0000, 0.0000, 0.0000, 0.0000, 0.0000, 0.0000, 0.0000, 0.0000, 0.0000, 0.0000, 0.0000, 0.0000, 0.0000, 0.0000, 0.0000, 0.0000, 0.0000, 0.0000, 74, 'Webkul\\Product\\Models\\Product', 55, NULL, '{"product":"74","points":"0","customer_id":"3","quantity":4,"is_configurable":"false"}', '2019-09-20 19:41:15', '2019-09-20 19:41:15'),
	(61, '3434', 'simple', 'megatest', NULL, 3.0000, 3.0000, 1, 0, 0, 0, 0, 322.0000, 322.0000, 322.0000, 322.0000, 0.0000, 0.0000, 0.0000, 0.0000, 0.0000, 0.0000, 0.0000, 0.0000, 0.0000, 0.0000, 0.0000, 0.0000, 0.0000, 0.0000, 0.0000, 0.0000, 0.0000, 0.0000, 74, 'Webkul\\Product\\Models\\Product', 56, NULL, '{"product":"74","points":"0","customer_id":"3","quantity":"1","is_configurable":"false"}', '2019-09-20 21:09:11', '2019-09-20 21:09:11'),
	(62, '888', 'configurable', 'Blue Bird Blend – Our own selected Blend', NULL, 250.0000, 1000.0000, 4, 0, 0, 0, 0, 250.0000, 250.0000, 1000.0000, 1000.0000, 0.0000, 0.0000, 0.0000, 0.0000, 0.0000, 0.0000, 0.0000, 0.0000, 0.0000, 0.0000, 0.0000, 0.0000, 0.0000, 0.0000, 0.0000, 0.0000, 0.0000, 0.0000, 221, 'Webkul\\Product\\Models\\Product', 57, NULL, '{"product":"221","points":"0","customer_id":"3","quantity":"4","selected_configurable_option":"222","super_attribute":{"32":"10"},"is_configurable":"true","attributes":{"CoffeeWeight":{"attribute_name":"CoffeeWeight","option_id":10,"option_label":"250g"}}}', '2019-09-23 15:26:37', '2019-09-23 15:26:37'),
	(63, '888-variant-10', 'simple', 'Our own 250g', NULL, 1.0000, 0.0000, 0, 0, 0, 0, 0, 1.0000, 0.0000, 0.0000, 0.0000, 0.0000, 0.0000, 0.0000, 0.0000, 0.0000, 0.0000, 0.0000, 0.0000, 0.0000, 0.0000, 0.0000, 0.0000, 0.0000, 0.0000, 0.0000, 0.0000, 0.0000, 0.0000, 222, 'Webkul\\Product\\Models\\Product', 57, 62, NULL, '2019-09-23 15:26:37', '2019-09-23 15:26:37'),
	(64, '888', 'configurable', 'Blue Bird Blend – Our own selected Blend', NULL, 500.0000, 500.0000, 1, 0, 0, 0, 0, 500.0000, 500.0000, 500.0000, 500.0000, 0.0000, 0.0000, 0.0000, 0.0000, 0.0000, 0.0000, 0.0000, 0.0000, 0.0000, 0.0000, 0.0000, 0.0000, 0.0000, 0.0000, 0.0000, 0.0000, 0.0000, 0.0000, 221, 'Webkul\\Product\\Models\\Product', 57, NULL, '{"product":"221","points":"0","customer_id":"3","quantity":"1","selected_configurable_option":"223","super_attribute":{"32":"11"},"is_configurable":"true","attributes":{"CoffeeWeight":{"attribute_name":"CoffeeWeight","option_id":11,"option_label":"500g"}}}', '2019-09-23 15:26:37', '2019-09-23 15:26:37'),
	(65, '888-variant-11', 'simple', 'Our own 500g', NULL, 1.0000, 0.0000, 0, 0, 0, 0, 0, 1.0000, 0.0000, 0.0000, 0.0000, 0.0000, 0.0000, 0.0000, 0.0000, 0.0000, 0.0000, 0.0000, 0.0000, 0.0000, 0.0000, 0.0000, 0.0000, 0.0000, 0.0000, 0.0000, 0.0000, 0.0000, 0.0000, 223, 'Webkul\\Product\\Models\\Product', 57, 64, NULL, '2019-09-23 15:26:37', '2019-09-23 15:26:37'),
	(66, '787', 'configurable', 'WeightCoffee', NULL, 25.0000, 25.0000, 1, 0, 0, 0, 0, 25.0000, 25.0000, 25.0000, 25.0000, 0.0000, 0.0000, 0.0000, 0.0000, 0.0000, 0.0000, 0.0000, 0.0000, 0.0000, 0.0000, 0.0000, 0.0000, 0.0000, 0.0000, 0.0000, 0.0000, 0.0000, 0.0000, 217, 'Webkul\\Product\\Models\\Product', 57, NULL, '{"product":"217","points":"","quantity":"1","selected_configurable_option":"218","super_attribute":{"32":"10"},"is_configurable":"true","attributes":{"CoffeeWeight":{"attribute_name":"CoffeeWeight","option_id":10,"option_label":"250g"}}}', '2019-09-23 15:26:37', '2019-09-23 15:26:37'),
	(67, '787-variant-10', 'simple', 'weightcoffee', NULL, 1.0000, 0.0000, 0, 0, 0, 0, 0, 1.0000, 0.0000, 0.0000, 0.0000, 0.0000, 0.0000, 0.0000, 0.0000, 0.0000, 0.0000, 0.0000, 0.0000, 0.0000, 0.0000, 0.0000, 0.0000, 0.0000, 0.0000, 0.0000, 0.0000, 0.0000, 0.0000, 218, 'Webkul\\Product\\Models\\Product', 57, 66, NULL, '2019-09-23 15:26:38', '2019-09-23 15:26:38'),
	(68, '888', 'configurable', 'Blue Bird Blend – Our own selected Blend', NULL, 250.0000, 500.0000, 2, 0, 0, 0, 0, 250.0000, 250.0000, 500.0000, 500.0000, 0.0000, 0.0000, 0.0000, 0.0000, 0.0000, 0.0000, 0.0000, 0.0000, 0.0000, 0.0000, 0.0000, 0.0000, 0.0000, 0.0000, 0.0000, 0.0000, 0.0000, 0.0000, 221, 'Webkul\\Product\\Models\\Product', 58, NULL, '{"product":"221","points":"","quantity":2,"selected_configurable_option":"222","super_attribute":{"32":"10"},"is_configurable":"true","attributes":{"CoffeeWeight":{"attribute_name":"Weight","option_id":10,"option_label":"250g"}}}', '2019-09-24 13:44:14', '2019-09-24 13:44:14'),
	(69, '888-variant-10', 'simple', 'Our own 250g', NULL, 1.0000, 0.0000, 0, 0, 0, 0, 0, 1.0000, 0.0000, 0.0000, 0.0000, 0.0000, 0.0000, 0.0000, 0.0000, 0.0000, 0.0000, 0.0000, 0.0000, 0.0000, 0.0000, 0.0000, 0.0000, 0.0000, 0.0000, 0.0000, 0.0000, 0.0000, 0.0000, 222, 'Webkul\\Product\\Models\\Product', 58, 68, NULL, '2019-09-24 13:44:14', '2019-09-24 13:44:14'),
	(70, '990', 'simple', '4x250g Coffee beans', NULL, 1000.0000, 7000.0000, 7, 0, 0, 0, 0, 9150.0000, 9150.0000, 64050.0000, 64050.0000, 0.0000, 0.0000, 0.0000, 0.0000, 0.0000, 0.0000, 0.0000, 0.0000, 0.0000, 0.0000, 0.0000, 0.0000, 0.0000, 0.0000, 0.0000, 0.0000, 0.0000, 0.0000, 229, 'Webkul\\Product\\Models\\Product', 59, NULL, '{"product":"229","points":"0","customer_id":"3","quantity":12,"is_configurable":"false"}', '2019-10-03 20:26:00', '2019-10-03 20:26:00'),
	(71, '787', 'configurable', 'Weight Coffee Dima', NULL, 25.0000, 50.0000, 2, 0, 0, 0, 0, 25.0000, 25.0000, 50.0000, 50.0000, 0.0000, 0.0000, 0.0000, 0.0000, 0.0000, 0.0000, 0.0000, 0.0000, 0.0000, 0.0000, 0.0000, 0.0000, 0.0000, 0.0000, 0.0000, 0.0000, 0.0000, 0.0000, 217, 'Webkul\\Product\\Models\\Product', 59, NULL, '{"product":"217","points":"","quantity":"1","selected_configurable_option":"218","super_attribute":{"32":"10"},"is_configurable":"true","attributes":{"CoffeeWeight":{"attribute_name":"Weight","option_id":10,"option_label":"250g"}}}', '2019-10-03 20:26:00', '2019-10-03 20:26:00'),
	(72, '787-variant-10', 'simple', 'weightcoffee', NULL, 1.0000, 0.0000, 0, 0, 0, 0, 0, 1.0000, 0.0000, 0.0000, 0.0000, 0.0000, 0.0000, 0.0000, 0.0000, 0.0000, 0.0000, 0.0000, 0.0000, 0.0000, 0.0000, 0.0000, 0.0000, 0.0000, 0.0000, 0.0000, 0.0000, 0.0000, 0.0000, 218, 'Webkul\\Product\\Models\\Product', 59, 71, NULL, '2019-10-03 20:26:00', '2019-10-03 20:26:00');
/*!40000 ALTER TABLE `order_items` ENABLE KEYS */;

-- Дамп структуры для таблица blue_bird_cafe.order_payment
CREATE TABLE IF NOT EXISTS `order_payment` (
  `id` int(10) unsigned NOT NULL AUTO_INCREMENT,
  `method` varchar(191) COLLATE utf8mb4_unicode_ci NOT NULL,
  `method_title` varchar(191) COLLATE utf8mb4_unicode_ci DEFAULT NULL,
  `order_id` int(10) unsigned DEFAULT NULL,
  `created_at` timestamp NULL DEFAULT NULL,
  `updated_at` timestamp NULL DEFAULT NULL,
  PRIMARY KEY (`id`),
  KEY `order_payment_order_id_foreign` (`order_id`),
  CONSTRAINT `order_payment_order_id_foreign` FOREIGN KEY (`order_id`) REFERENCES `orders` (`id`) ON DELETE CASCADE
) ENGINE=InnoDB AUTO_INCREMENT=60 DEFAULT CHARSET=utf8mb4 COLLATE=utf8mb4_unicode_ci ROW_FORMAT=DYNAMIC;

-- Дамп данных таблицы blue_bird_cafe.order_payment: ~31 rows (приблизительно)
/*!40000 ALTER TABLE `order_payment` DISABLE KEYS */;
REPLACE INTO `order_payment` (`id`, `method`, `method_title`, `order_id`, `created_at`, `updated_at`) VALUES
	(19, 'cashondelivery', NULL, 19, '2019-08-31 13:33:11', '2019-08-31 13:33:11'),
	(21, 'cashondelivery', NULL, 21, '2019-09-02 18:46:32', '2019-09-02 18:46:32'),
	(25, 'cashondelivery', NULL, 25, '2019-09-02 19:16:13', '2019-09-02 19:16:13'),
	(27, 'cashondelivery', NULL, 27, '2019-09-02 19:22:05', '2019-09-02 19:22:05'),
	(28, 'cashondelivery', NULL, 28, '2019-09-02 20:05:19', '2019-09-02 20:05:19'),
	(29, 'cashondelivery', NULL, 29, '2019-09-02 20:18:27', '2019-09-02 20:18:27'),
	(30, 'cashondelivery', NULL, 30, '2019-09-02 20:20:11', '2019-09-02 20:20:11'),
	(31, 'cashondelivery', NULL, 31, '2019-09-02 20:24:05', '2019-09-02 20:24:05'),
	(32, 'cashondelivery', NULL, 32, '2019-09-02 20:28:07', '2019-09-02 20:28:07'),
	(33, 'cashondelivery', NULL, 33, '2019-09-03 14:18:10', '2019-09-03 14:18:10'),
	(34, 'cashondelivery', NULL, 34, '2019-09-04 14:15:59', '2019-09-04 14:15:59'),
	(35, 'cashondelivery', NULL, 35, '2019-09-04 14:44:38', '2019-09-04 14:44:38'),
	(36, 'cashondelivery', NULL, 36, '2019-09-16 17:04:27', '2019-09-16 17:04:27'),
	(37, 'cashondelivery', NULL, 37, '2019-09-16 17:09:29', '2019-09-16 17:09:29'),
	(38, 'cashondelivery', NULL, 38, '2019-09-16 17:12:23', '2019-09-16 17:12:23'),
	(39, 'cashondelivery', NULL, 39, '2019-09-16 17:14:00', '2019-09-16 17:14:00'),
	(40, 'cashondelivery', NULL, 40, '2019-09-16 17:18:15', '2019-09-16 17:18:15'),
	(41, 'cashondelivery', NULL, 41, '2019-09-16 17:19:48', '2019-09-16 17:19:48'),
	(42, 'cashondelivery', NULL, 42, '2019-09-16 17:20:20', '2019-09-16 17:20:20'),
	(43, 'cashondelivery', NULL, 43, '2019-09-16 17:22:11', '2019-09-16 17:22:11'),
	(44, 'cashondelivery', NULL, 44, '2019-09-16 17:23:24', '2019-09-16 17:23:24'),
	(45, 'moneytransfer', NULL, 45, '2019-09-16 18:14:58', '2019-09-16 18:14:58'),
	(46, 'paypal_standard', NULL, 46, '2019-09-16 18:19:56', '2019-09-16 18:19:56'),
	(47, 'cashondelivery', NULL, 47, '2019-09-16 19:23:04', '2019-09-16 19:23:04'),
	(48, 'moneytransfer', NULL, 48, '2019-09-16 21:03:52', '2019-09-16 21:03:52'),
	(49, 'moneytransfer', NULL, 49, '2019-09-16 22:18:23', '2019-09-16 22:18:23'),
	(50, 'moneytransfer', NULL, 50, '2019-09-19 20:48:44', '2019-09-19 20:48:44'),
	(51, 'moneytransfer', NULL, 51, '2019-09-20 15:34:52', '2019-09-20 15:34:52'),
	(52, 'moneytransfer', NULL, 52, '2019-09-20 15:45:48', '2019-09-20 15:45:48'),
	(53, 'moneytransfer', NULL, 53, '2019-09-20 16:32:37', '2019-09-20 16:32:37'),
	(54, 'moneytransfer', NULL, 54, '2019-09-20 17:07:40', '2019-09-20 17:07:40'),
	(55, 'moneytransfer', NULL, 55, '2019-09-20 19:41:15', '2019-09-20 19:41:15'),
	(56, 'moneytransfer', NULL, 56, '2019-09-20 21:09:11', '2019-09-20 21:09:11'),
	(57, 'moneytransfer', NULL, 57, '2019-09-23 15:26:37', '2019-09-23 15:26:37'),
	(58, 'moneytransfer', NULL, 58, '2019-09-24 13:44:14', '2019-09-24 13:44:14'),
	(59, 'moneytransfer', NULL, 59, '2019-10-03 20:26:00', '2019-10-03 20:26:00');
/*!40000 ALTER TABLE `order_payment` ENABLE KEYS */;

-- Дамп структуры для таблица blue_bird_cafe.pages
CREATE TABLE IF NOT EXISTS `pages` (
  `id` int(10) unsigned NOT NULL AUTO_INCREMENT,
  `slug` varchar(191) COLLATE utf8mb4_unicode_ci NOT NULL,
  `title` varchar(191) COLLATE utf8mb4_unicode_ci NOT NULL,
  `image` varchar(191) COLLATE utf8mb4_unicode_ci NOT NULL,
  `body` longtext COLLATE utf8mb4_unicode_ci NOT NULL,
  `meta_title` varchar(191) COLLATE utf8mb4_unicode_ci NOT NULL,
  `meta_descr` varchar(191) COLLATE utf8mb4_unicode_ci NOT NULL,
  `meta_keys` varchar(191) COLLATE utf8mb4_unicode_ci NOT NULL,
  `created_at` timestamp NULL DEFAULT NULL,
  `updated_at` timestamp NULL DEFAULT NULL,
  PRIMARY KEY (`id`)
) ENGINE=InnoDB AUTO_INCREMENT=5 DEFAULT CHARSET=utf8mb4 COLLATE=utf8mb4_unicode_ci ROW_FORMAT=DYNAMIC;

-- Дамп данных таблицы blue_bird_cafe.pages: ~2 rows (приблизительно)
/*!40000 ALTER TABLE `pages` DISABLE KEYS */;
REPLACE INTO `pages` (`id`, `slug`, `title`, `image`, `body`, `meta_title`, `meta_descr`, `meta_keys`, `created_at`, `updated_at`) VALUES
	(1, '234', '234', '1567440160.jpg', '<p>234</p>', '234', '234', '234', '2019-09-02 21:32:40', '2019-09-02 21:32:40'),
	(2, '345', '23', '1567440307.jpg', '<p>234</p>', '234', '234', '234', '2019-09-02 21:35:07', '2019-09-02 21:35:07'),
	(4, '555', '555', '1567441224.jpg', '<p>555</p>', '555', '555', '555', '2019-09-02 21:50:24', '2019-09-02 21:50:24');
/*!40000 ALTER TABLE `pages` ENABLE KEYS */;

-- Дамп структуры для таблица blue_bird_cafe.password_resets
CREATE TABLE IF NOT EXISTS `password_resets` (
  `email` varchar(191) COLLATE utf8mb4_unicode_ci NOT NULL,
  `token` varchar(191) COLLATE utf8mb4_unicode_ci NOT NULL,
  `created_at` timestamp NULL DEFAULT NULL,
  KEY `password_resets_email_index` (`email`)
) ENGINE=InnoDB DEFAULT CHARSET=utf8mb4 COLLATE=utf8mb4_unicode_ci ROW_FORMAT=DYNAMIC;

-- Дамп данных таблицы blue_bird_cafe.password_resets: ~0 rows (приблизительно)
/*!40000 ALTER TABLE `password_resets` DISABLE KEYS */;
/*!40000 ALTER TABLE `password_resets` ENABLE KEYS */;

-- Дамп структуры для таблица blue_bird_cafe.products
CREATE TABLE IF NOT EXISTS `products` (
  `id` int(10) unsigned NOT NULL AUTO_INCREMENT,
  `sku` varchar(191) COLLATE utf8mb4_unicode_ci NOT NULL,
  `type` varchar(191) COLLATE utf8mb4_unicode_ci NOT NULL,
  `created_at` timestamp NULL DEFAULT NULL,
  `updated_at` timestamp NULL DEFAULT NULL,
  `parent_id` int(10) unsigned DEFAULT NULL,
  `attribute_family_id` int(10) unsigned DEFAULT NULL,
  PRIMARY KEY (`id`),
  UNIQUE KEY `products_sku_unique` (`sku`),
  KEY `products_attribute_family_id_foreign` (`attribute_family_id`),
  KEY `products_parent_id_foreign` (`parent_id`),
  CONSTRAINT `products_attribute_family_id_foreign` FOREIGN KEY (`attribute_family_id`) REFERENCES `attribute_families` (`id`),
  CONSTRAINT `products_parent_id_foreign` FOREIGN KEY (`parent_id`) REFERENCES `products` (`id`) ON DELETE CASCADE
) ENGINE=InnoDB AUTO_INCREMENT=241 DEFAULT CHARSET=utf8mb4 COLLATE=utf8mb4_unicode_ci ROW_FORMAT=DYNAMIC;

-- Дамп данных таблицы blue_bird_cafe.products: ~129 rows (приблизительно)
/*!40000 ALTER TABLE `products` DISABLE KEYS */;
REPLACE INTO `products` (`id`, `sku`, `type`, `created_at`, `updated_at`, `parent_id`, `attribute_family_id`) VALUES
	(1, '1', 'simple', '2019-08-20 17:58:56', '2019-08-20 17:58:56', NULL, 1),
	(6, '555', 'configurable', '2019-08-23 17:26:04', '2019-08-23 17:26:04', NULL, 1),
	(7, '555-variant-1-6', 'simple', '2019-08-23 17:26:05', '2019-08-23 17:26:05', 6, 1),
	(8, '555-variant-2-6', 'simple', '2019-08-23 17:26:05', '2019-08-23 17:26:05', 6, 1),
	(9, '555-variant-3-6', 'simple', '2019-08-23 17:26:05', '2019-08-23 17:26:05', 6, 1),
	(10, '555-variant-4-6', 'simple', '2019-08-23 17:26:05', '2019-08-23 17:26:05', 6, 1),
	(11, '555-variant-5-6', 'simple', '2019-08-23 17:26:05', '2019-08-23 17:26:05', 6, 1),
	(12, '555-variant-1-7', 'simple', '2019-08-23 17:26:05', '2019-08-23 17:26:05', 6, 1),
	(13, '555-variant-1-8', 'simple', '2019-08-23 17:26:05', '2019-08-23 17:26:05', 6, 1),
	(14, '555-variant-1-9', 'simple', '2019-08-23 17:26:05', '2019-08-23 17:26:05', 6, 1),
	(15, '555-variant-2-7', 'simple', '2019-08-23 17:26:05', '2019-08-23 17:26:05', 6, 1),
	(16, '555-variant-2-8', 'simple', '2019-08-23 17:26:05', '2019-08-23 17:26:05', 6, 1),
	(17, '555-variant-2-9', 'simple', '2019-08-23 17:26:06', '2019-08-23 17:26:06', 6, 1),
	(18, '555-variant-3-7', 'simple', '2019-08-23 17:26:06', '2019-08-23 17:26:06', 6, 1),
	(19, '555-variant-3-8', 'simple', '2019-08-23 17:26:06', '2019-08-23 17:26:06', 6, 1),
	(20, '555-variant-3-9', 'simple', '2019-08-23 17:26:06', '2019-08-23 17:26:06', 6, 1),
	(21, '555-variant-4-7', 'simple', '2019-08-23 17:26:06', '2019-08-23 17:26:06', 6, 1),
	(22, '555-variant-4-8', 'simple', '2019-08-23 17:26:06', '2019-08-23 17:26:06', 6, 1),
	(23, '555-variant-4-9', 'simple', '2019-08-23 17:26:06', '2019-08-23 17:26:06', 6, 1),
	(24, '555-variant-5-7', 'simple', '2019-08-23 17:26:06', '2019-08-23 17:26:06', 6, 1),
	(25, '555-variant-5-8', 'simple', '2019-08-23 17:26:06', '2019-08-23 17:26:06', 6, 1),
	(26, '555-variant-5-9', 'simple', '2019-08-23 17:26:06', '2019-08-23 17:26:06', 6, 1),
	(27, '76', 'simple', '2019-08-23 17:44:46', '2019-08-23 17:44:46', NULL, 1),
	(28, '543', 'configurable', '2019-08-23 17:59:49', '2019-08-23 17:59:49', NULL, 1),
	(29, '543-variant-1-6', 'simple', '2019-08-23 17:59:49', '2019-08-23 17:59:49', 28, 1),
	(30, '543-variant-2-6', 'simple', '2019-08-23 17:59:49', '2019-08-23 17:59:49', 28, 1),
	(31, '543-variant-3-6', 'simple', '2019-08-23 17:59:49', '2019-08-23 17:59:49', 28, 1),
	(32, '543-variant-4-6', 'simple', '2019-08-23 17:59:49', '2019-08-23 17:59:49', 28, 1),
	(33, '543-variant-5-6', 'simple', '2019-08-23 17:59:49', '2019-08-23 17:59:49', 28, 1),
	(34, '543-variant-1-7', 'simple', '2019-08-23 17:59:49', '2019-08-23 17:59:49', 28, 1),
	(35, '543-variant-1-8', 'simple', '2019-08-23 17:59:49', '2019-08-23 17:59:49', 28, 1),
	(36, '543-variant-1-9', 'simple', '2019-08-23 17:59:49', '2019-08-23 17:59:49', 28, 1),
	(37, '543-variant-2-7', 'simple', '2019-08-23 17:59:50', '2019-08-23 17:59:50', 28, 1),
	(38, '543-variant-2-8', 'simple', '2019-08-23 17:59:50', '2019-08-23 17:59:50', 28, 1),
	(39, '543-variant-2-9', 'simple', '2019-08-23 17:59:50', '2019-08-23 17:59:50', 28, 1),
	(40, '543-variant-3-7', 'simple', '2019-08-23 17:59:50', '2019-08-23 17:59:50', 28, 1),
	(41, '543-variant-3-8', 'simple', '2019-08-23 17:59:50', '2019-08-23 17:59:50', 28, 1),
	(42, '543-variant-3-9', 'simple', '2019-08-23 17:59:50', '2019-08-23 17:59:50', 28, 1),
	(43, '543-variant-4-7', 'simple', '2019-08-23 17:59:50', '2019-08-23 17:59:50', 28, 1),
	(44, '543-variant-4-8', 'simple', '2019-08-23 17:59:50', '2019-08-23 17:59:50', 28, 1),
	(45, '543-variant-4-9', 'simple', '2019-08-23 17:59:50', '2019-08-23 17:59:50', 28, 1),
	(46, '543-variant-5-7', 'simple', '2019-08-23 17:59:50', '2019-08-23 17:59:50', 28, 1),
	(47, '543-variant-5-8', 'simple', '2019-08-23 17:59:50', '2019-08-23 17:59:50', 28, 1),
	(48, '543-variant-5-9', 'simple', '2019-08-23 17:59:50', '2019-08-23 17:59:50', 28, 1),
	(49, '234', 'configurable', '2019-08-23 18:02:33', '2019-08-23 18:02:33', NULL, 1),
	(50, '234-variant-1-6', 'simple', '2019-08-23 18:02:33', '2019-08-23 18:02:33', 49, 1),
	(51, '234-variant-2-6', 'simple', '2019-08-23 18:02:33', '2019-08-23 18:02:33', 49, 1),
	(52, '234-variant-3-6', 'simple', '2019-08-23 18:02:33', '2019-08-23 18:02:33', 49, 1),
	(53, '234-variant-4-6', 'simple', '2019-08-23 18:02:34', '2019-08-23 18:02:34', 49, 1),
	(54, '234-variant-5-6', 'simple', '2019-08-23 18:02:34', '2019-08-23 18:02:34', 49, 1),
	(55, '234-variant-1-7', 'simple', '2019-08-23 18:02:34', '2019-08-23 18:02:34', 49, 1),
	(56, '234-variant-1-8', 'simple', '2019-08-23 18:02:34', '2019-08-23 18:02:34', 49, 1),
	(57, '234-variant-1-9', 'simple', '2019-08-23 18:02:34', '2019-08-23 18:02:34', 49, 1),
	(58, '234-variant-2-7', 'simple', '2019-08-23 18:02:34', '2019-08-23 18:02:34', 49, 1),
	(59, '234-variant-2-8', 'simple', '2019-08-23 18:02:34', '2019-08-23 18:02:34', 49, 1),
	(60, '234-variant-2-9', 'simple', '2019-08-23 18:02:34', '2019-08-23 18:02:34', 49, 1),
	(61, '234-variant-3-7', 'simple', '2019-08-23 18:02:34', '2019-08-23 18:02:34', 49, 1),
	(62, '234-variant-3-8', 'simple', '2019-08-23 18:02:34', '2019-08-23 18:02:34', 49, 1),
	(63, '234-variant-3-9', 'simple', '2019-08-23 18:02:34', '2019-08-23 18:02:34', 49, 1),
	(64, '234-variant-4-7', 'simple', '2019-08-23 18:02:35', '2019-08-23 18:02:35', 49, 1),
	(65, '234-variant-4-8', 'simple', '2019-08-23 18:02:35', '2019-08-23 18:02:35', 49, 1),
	(66, '234-variant-4-9', 'simple', '2019-08-23 18:02:35', '2019-08-23 18:02:35', 49, 1),
	(67, '234-variant-5-7', 'simple', '2019-08-23 18:02:35', '2019-08-23 18:02:35', 49, 1),
	(68, '234-variant-5-8', 'simple', '2019-08-23 18:02:35', '2019-08-23 18:02:35', 49, 1),
	(69, '234-variant-5-9', 'simple', '2019-08-23 18:02:35', '2019-08-23 18:02:35', 49, 1),
	(71, '3456346346346', 'simple', '2019-08-29 15:40:07', '2019-08-29 15:40:07', NULL, 1),
	(73, '5555', 'simple', '2019-08-29 20:25:28', '2019-08-29 20:25:28', NULL, 1),
	(83, '773', 'configurable', '2019-09-13 15:50:32', '2019-09-13 15:50:32', NULL, 1),
	(84, '773-variant-1-6', 'simple', '2019-09-13 15:50:32', '2019-09-13 15:50:32', 83, 1),
	(85, '773-variant-2-6', 'simple', '2019-09-13 15:50:32', '2019-09-13 15:50:32', 83, 1),
	(86, '773-variant-3-6', 'simple', '2019-09-13 15:50:32', '2019-09-13 15:50:32', 83, 1),
	(87, '773-variant-4-6', 'simple', '2019-09-13 15:50:32', '2019-09-13 15:50:32', 83, 1),
	(88, '773-variant-5-6', 'simple', '2019-09-13 15:50:32', '2019-09-13 15:50:32', 83, 1),
	(89, '773-variant-1-7', 'simple', '2019-09-13 15:50:32', '2019-09-13 15:50:32', 83, 1),
	(90, '773-variant-1-8', 'simple', '2019-09-13 15:50:32', '2019-09-13 15:50:32', 83, 1),
	(91, '773-variant-1-9', 'simple', '2019-09-13 15:50:32', '2019-09-13 15:50:32', 83, 1),
	(92, '773-variant-2-7', 'simple', '2019-09-13 15:50:33', '2019-09-13 15:50:33', 83, 1),
	(93, '773-variant-2-8', 'simple', '2019-09-13 15:50:33', '2019-09-13 15:50:33', 83, 1),
	(94, '773-variant-2-9', 'simple', '2019-09-13 15:50:33', '2019-09-13 15:50:33', 83, 1),
	(95, '773-variant-3-7', 'simple', '2019-09-13 15:50:33', '2019-09-13 15:50:33', 83, 1),
	(96, '773-variant-3-8', 'simple', '2019-09-13 15:50:33', '2019-09-13 15:50:33', 83, 1),
	(97, '773-variant-3-9', 'simple', '2019-09-13 15:50:33', '2019-09-13 15:50:33', 83, 1),
	(98, '773-variant-4-7', 'simple', '2019-09-13 15:50:33', '2019-09-13 15:50:33', 83, 1),
	(99, '773-variant-4-8', 'simple', '2019-09-13 15:50:33', '2019-09-13 15:50:33', 83, 1),
	(100, '773-variant-4-9', 'simple', '2019-09-13 15:50:33', '2019-09-13 15:50:33', 83, 1),
	(101, '773-variant-5-7', 'simple', '2019-09-13 15:50:34', '2019-09-13 15:50:34', 83, 1),
	(102, '773-variant-5-8', 'simple', '2019-09-13 15:50:34', '2019-09-13 15:50:34', 83, 1),
	(103, '773-variant-5-9', 'simple', '2019-09-13 15:50:34', '2019-09-13 15:50:34', 83, 1),
	(104, '64', 'configurable', '2019-09-13 15:52:39', '2019-09-13 15:52:39', NULL, 1),
	(105, '64-variant-1-6', 'simple', '2019-09-13 15:52:39', '2019-09-13 15:52:39', 104, 1),
	(106, '64-variant-2-6', 'simple', '2019-09-13 15:52:39', '2019-09-13 15:52:39', 104, 1),
	(107, '64-variant-3-6', 'simple', '2019-09-13 15:52:39', '2019-09-13 15:52:39', 104, 1),
	(108, '64-variant-4-6', 'simple', '2019-09-13 15:52:39', '2019-09-13 15:52:39', 104, 1),
	(109, '64-variant-5-6', 'simple', '2019-09-13 15:52:40', '2019-09-13 15:52:40', 104, 1),
	(110, '64-variant-1-7', 'simple', '2019-09-13 15:52:40', '2019-09-13 15:52:40', 104, 1),
	(111, '64-variant-1-8', 'simple', '2019-09-13 15:52:40', '2019-09-13 15:52:40', 104, 1),
	(112, '64-variant-1-9', 'simple', '2019-09-13 15:52:40', '2019-09-13 15:52:40', 104, 1),
	(113, '64-variant-2-7', 'simple', '2019-09-13 15:52:40', '2019-09-13 15:52:40', 104, 1),
	(114, '64-variant-2-8', 'simple', '2019-09-13 15:52:40', '2019-09-13 15:52:40', 104, 1),
	(115, '64-variant-2-9', 'simple', '2019-09-13 15:52:40', '2019-09-13 15:52:40', 104, 1),
	(116, '64-variant-3-7', 'simple', '2019-09-13 15:52:40', '2019-09-13 15:52:40', 104, 1),
	(117, '64-variant-3-8', 'simple', '2019-09-13 15:52:40', '2019-09-13 15:52:40', 104, 1),
	(118, '64-variant-3-9', 'simple', '2019-09-13 15:52:41', '2019-09-13 15:52:41', 104, 1),
	(119, '64-variant-4-7', 'simple', '2019-09-13 15:52:41', '2019-09-13 15:52:41', 104, 1),
	(120, '64-variant-4-8', 'simple', '2019-09-13 15:52:41', '2019-09-13 15:52:41', 104, 1),
	(121, '64-variant-4-9', 'simple', '2019-09-13 15:52:41', '2019-09-13 15:52:41', 104, 1),
	(122, '64-variant-5-7', 'simple', '2019-09-13 15:52:41', '2019-09-13 15:52:41', 104, 1),
	(123, '64-variant-5-8', 'simple', '2019-09-13 15:52:41', '2019-09-13 15:52:41', 104, 1),
	(124, '64-variant-5-9', 'simple', '2019-09-13 15:52:41', '2019-09-13 15:52:41', 104, 1),
	(217, '787', 'configurable', '2019-09-18 20:20:22', '2019-09-18 20:20:22', NULL, 1),
	(218, '787-variant-10', 'simple', '2019-09-18 20:20:22', '2019-09-18 20:20:22', 217, 1),
	(219, '787-variant-11', 'simple', '2019-09-18 20:20:22', '2019-09-18 20:20:22', 217, 1),
	(220, '787-variant-12', 'simple', '2019-09-18 20:20:22', '2019-09-18 20:20:22', 217, 1),
	(221, '888', 'configurable', '2019-09-23 14:09:10', '2019-09-23 14:09:10', NULL, 1),
	(222, '888-variant-10', 'simple', '2019-09-23 14:09:10', '2019-09-23 14:09:10', 221, 1),
	(223, '888-variant-11', 'simple', '2019-09-23 14:09:10', '2019-09-23 14:09:10', 221, 1),
	(224, '888-variant-12', 'simple', '2019-09-23 14:09:10', '2019-09-23 14:09:10', 221, 1),
	(225, '999', 'configurable', '2019-09-23 14:18:25', '2019-09-23 14:18:25', NULL, 1),
	(226, '999-variant-10', 'simple', '2019-09-23 14:18:25', '2019-09-23 14:18:25', 225, 1),
	(227, '999-variant-11', 'simple', '2019-09-23 14:18:25', '2019-09-23 14:18:25', 225, 1),
	(228, '999-variant-12', 'simple', '2019-09-23 14:18:25', '2019-09-23 14:18:25', 225, 1),
	(229, '990', 'simple', '2019-09-26 13:58:45', '2019-09-26 13:58:45', NULL, 1),
	(230, '785', 'simple', '2019-09-26 14:23:10', '2019-09-26 14:23:10', NULL, 1),
	(231, '798', 'simple', '2019-09-26 14:24:05', '2019-09-26 14:24:05', NULL, 1),
	(232, '564', 'simple', '2019-09-26 15:51:35', '2019-09-26 15:51:35', NULL, 1),
	(233, '2344444444', 'simple', '2019-10-02 22:05:16', '2019-10-02 22:05:16', NULL, 1),
	(234, '555555555', 'configurable', '2019-10-03 01:34:57', '2019-10-03 01:34:57', NULL, 3),
	(235, '555555555-variant-16', 'simple', '2019-10-03 01:34:57', '2019-10-03 01:34:57', 234, 3),
	(236, '555555555-variant-17', 'simple', '2019-10-03 01:34:57', '2019-10-03 01:34:57', 234, 3),
	(237, '3433333', 'configurable', '2019-10-03 19:34:38', '2019-10-03 19:34:38', NULL, 4),
	(238, '3433333-variant-10', 'simple', '2019-10-03 19:34:39', '2019-10-03 19:34:39', 237, 4),
	(239, '3433333-variant-11', 'simple', '2019-10-03 19:34:39', '2019-10-03 19:34:39', 237, 4),
	(240, '3433333-variant-12', 'simple', '2019-10-03 19:34:39', '2019-10-03 19:34:39', 237, 4);
/*!40000 ALTER TABLE `products` ENABLE KEYS */;

-- Дамп структуры для таблица blue_bird_cafe.product_attribute_values
CREATE TABLE IF NOT EXISTS `product_attribute_values` (
  `id` int(10) unsigned NOT NULL AUTO_INCREMENT,
  `locale` varchar(191) COLLATE utf8mb4_unicode_ci DEFAULT NULL,
  `channel` varchar(191) COLLATE utf8mb4_unicode_ci DEFAULT NULL,
  `text_value` text COLLATE utf8mb4_unicode_ci DEFAULT NULL,
  `boolean_value` tinyint(1) DEFAULT NULL,
  `integer_value` int(11) DEFAULT NULL,
  `float_value` double DEFAULT NULL,
  `datetime_value` datetime DEFAULT NULL,
  `date_value` date DEFAULT NULL,
  `json_value` longtext CHARACTER SET utf8mb4 COLLATE utf8mb4_bin DEFAULT NULL,
  `product_id` int(10) unsigned NOT NULL,
  `attribute_id` int(10) unsigned NOT NULL,
  PRIMARY KEY (`id`),
  UNIQUE KEY `chanel_locale_attribute_value_index_unique` (`channel`,`locale`,`attribute_id`,`product_id`),
  KEY `product_attribute_values_product_id_foreign` (`product_id`),
  KEY `product_attribute_values_attribute_id_foreign` (`attribute_id`),
  CONSTRAINT `product_attribute_values_attribute_id_foreign` FOREIGN KEY (`attribute_id`) REFERENCES `attributes` (`id`) ON DELETE CASCADE,
  CONSTRAINT `product_attribute_values_product_id_foreign` FOREIGN KEY (`product_id`) REFERENCES `products` (`id`) ON DELETE CASCADE
) ENGINE=InnoDB AUTO_INCREMENT=2109 DEFAULT CHARSET=utf8mb4 COLLATE=utf8mb4_unicode_ci ROW_FORMAT=DYNAMIC;

-- Дамп данных таблицы blue_bird_cafe.product_attribute_values: ~1 027 rows (приблизительно)
/*!40000 ALTER TABLE `product_attribute_values` DISABLE KEYS */;
REPLACE INTO `product_attribute_values` (`id`, `locale`, `channel`, `text_value`, `boolean_value`, `integer_value`, `float_value`, `datetime_value`, `date_value`, `json_value`, `product_id`, `attribute_id`) VALUES
	(1, NULL, NULL, NULL, 1, NULL, NULL, NULL, NULL, NULL, 1, 8),
	(2, 'en', 'default', '<p>simple</p>', NULL, NULL, NULL, NULL, NULL, NULL, 1, 9),
	(3, 'en', 'default', '<p>simple</p>', NULL, NULL, NULL, NULL, NULL, NULL, 1, 10),
	(4, NULL, NULL, '1', NULL, NULL, NULL, NULL, NULL, NULL, 1, 1),
	(5, 'en', 'default', 'simple', NULL, NULL, NULL, NULL, NULL, NULL, 1, 2),
	(6, NULL, NULL, 'simple', NULL, NULL, NULL, NULL, NULL, NULL, 1, 3),
	(7, NULL, 'default', NULL, NULL, 0, NULL, NULL, NULL, NULL, 1, 4),
	(8, NULL, NULL, NULL, 1, NULL, NULL, NULL, NULL, NULL, 1, 5),
	(9, NULL, NULL, NULL, 1, NULL, NULL, NULL, NULL, NULL, 1, 6),
	(10, NULL, NULL, NULL, 0, NULL, NULL, NULL, NULL, NULL, 1, 7),
	(11, NULL, NULL, NULL, NULL, 4, NULL, NULL, NULL, NULL, 1, 23),
	(12, NULL, NULL, NULL, NULL, 8, NULL, NULL, NULL, NULL, 1, 24),
	(13, 'en', 'default', 'simple', NULL, NULL, NULL, NULL, NULL, NULL, 1, 16),
	(14, 'en', 'default', 'simple', NULL, NULL, NULL, NULL, NULL, NULL, 1, 17),
	(16, NULL, NULL, NULL, NULL, NULL, 5, NULL, NULL, NULL, 1, 11),
	(18, NULL, NULL, NULL, NULL, NULL, 0, NULL, NULL, NULL, 1, 13),
	(22, NULL, NULL, '5', NULL, NULL, NULL, NULL, NULL, NULL, 1, 22),
	(67, NULL, NULL, NULL, 1, NULL, NULL, NULL, NULL, NULL, 6, 8),
	(68, NULL, NULL, '555-variant-1-6', NULL, NULL, NULL, NULL, NULL, NULL, 7, 1),
	(69, 'en', 'default', '', NULL, NULL, NULL, NULL, NULL, NULL, 7, 2),
	(70, NULL, NULL, NULL, NULL, NULL, 0, NULL, NULL, NULL, 7, 11),
	(71, NULL, NULL, '0', NULL, NULL, NULL, NULL, NULL, NULL, 7, 22),
	(72, NULL, NULL, NULL, 1, NULL, NULL, NULL, NULL, NULL, 7, 8),
	(73, NULL, NULL, NULL, NULL, 1, NULL, NULL, NULL, NULL, 7, 23),
	(74, NULL, NULL, NULL, NULL, 6, NULL, NULL, NULL, NULL, 7, 24),
	(75, NULL, NULL, '555-variant-2-6', NULL, NULL, NULL, NULL, NULL, NULL, 8, 1),
	(76, 'en', 'default', '', NULL, NULL, NULL, NULL, NULL, NULL, 8, 2),
	(77, NULL, NULL, NULL, NULL, NULL, 0, NULL, NULL, NULL, 8, 11),
	(78, NULL, NULL, '0', NULL, NULL, NULL, NULL, NULL, NULL, 8, 22),
	(79, NULL, NULL, NULL, 1, NULL, NULL, NULL, NULL, NULL, 8, 8),
	(80, NULL, NULL, NULL, NULL, 2, NULL, NULL, NULL, NULL, 8, 23),
	(81, NULL, NULL, NULL, NULL, 6, NULL, NULL, NULL, NULL, 8, 24),
	(82, NULL, NULL, '555-variant-3-6', NULL, NULL, NULL, NULL, NULL, NULL, 9, 1),
	(83, 'en', 'default', '', NULL, NULL, NULL, NULL, NULL, NULL, 9, 2),
	(84, NULL, NULL, NULL, NULL, NULL, 0, NULL, NULL, NULL, 9, 11),
	(85, NULL, NULL, '0', NULL, NULL, NULL, NULL, NULL, NULL, 9, 22),
	(86, NULL, NULL, NULL, 1, NULL, NULL, NULL, NULL, NULL, 9, 8),
	(87, NULL, NULL, NULL, NULL, 3, NULL, NULL, NULL, NULL, 9, 23),
	(88, NULL, NULL, NULL, NULL, 6, NULL, NULL, NULL, NULL, 9, 24),
	(89, NULL, NULL, '555-variant-4-6', NULL, NULL, NULL, NULL, NULL, NULL, 10, 1),
	(90, 'en', 'default', '', NULL, NULL, NULL, NULL, NULL, NULL, 10, 2),
	(91, NULL, NULL, NULL, NULL, NULL, 0, NULL, NULL, NULL, 10, 11),
	(92, NULL, NULL, '0', NULL, NULL, NULL, NULL, NULL, NULL, 10, 22),
	(93, NULL, NULL, NULL, 1, NULL, NULL, NULL, NULL, NULL, 10, 8),
	(94, NULL, NULL, NULL, NULL, 4, NULL, NULL, NULL, NULL, 10, 23),
	(95, NULL, NULL, NULL, NULL, 6, NULL, NULL, NULL, NULL, 10, 24),
	(96, NULL, NULL, '555-variant-5-6', NULL, NULL, NULL, NULL, NULL, NULL, 11, 1),
	(97, 'en', 'default', '', NULL, NULL, NULL, NULL, NULL, NULL, 11, 2),
	(98, NULL, NULL, NULL, NULL, NULL, 0, NULL, NULL, NULL, 11, 11),
	(99, NULL, NULL, '0', NULL, NULL, NULL, NULL, NULL, NULL, 11, 22),
	(100, NULL, NULL, NULL, 1, NULL, NULL, NULL, NULL, NULL, 11, 8),
	(101, NULL, NULL, NULL, NULL, 5, NULL, NULL, NULL, NULL, 11, 23),
	(102, NULL, NULL, NULL, NULL, 6, NULL, NULL, NULL, NULL, 11, 24),
	(103, NULL, NULL, '555-variant-1-7', NULL, NULL, NULL, NULL, NULL, NULL, 12, 1),
	(104, 'en', 'default', '', NULL, NULL, NULL, NULL, NULL, NULL, 12, 2),
	(105, NULL, NULL, NULL, NULL, NULL, 0, NULL, NULL, NULL, 12, 11),
	(106, NULL, NULL, '0', NULL, NULL, NULL, NULL, NULL, NULL, 12, 22),
	(107, NULL, NULL, NULL, 1, NULL, NULL, NULL, NULL, NULL, 12, 8),
	(108, NULL, NULL, NULL, NULL, 1, NULL, NULL, NULL, NULL, 12, 23),
	(109, NULL, NULL, NULL, NULL, 7, NULL, NULL, NULL, NULL, 12, 24),
	(110, NULL, NULL, '555-variant-1-8', NULL, NULL, NULL, NULL, NULL, NULL, 13, 1),
	(111, 'en', 'default', '', NULL, NULL, NULL, NULL, NULL, NULL, 13, 2),
	(112, NULL, NULL, NULL, NULL, NULL, 0, NULL, NULL, NULL, 13, 11),
	(113, NULL, NULL, '0', NULL, NULL, NULL, NULL, NULL, NULL, 13, 22),
	(114, NULL, NULL, NULL, 1, NULL, NULL, NULL, NULL, NULL, 13, 8),
	(115, NULL, NULL, NULL, NULL, 1, NULL, NULL, NULL, NULL, 13, 23),
	(116, NULL, NULL, NULL, NULL, 8, NULL, NULL, NULL, NULL, 13, 24),
	(117, NULL, NULL, '555-variant-1-9', NULL, NULL, NULL, NULL, NULL, NULL, 14, 1),
	(118, 'en', 'default', '', NULL, NULL, NULL, NULL, NULL, NULL, 14, 2),
	(119, NULL, NULL, NULL, NULL, NULL, 0, NULL, NULL, NULL, 14, 11),
	(120, NULL, NULL, '0', NULL, NULL, NULL, NULL, NULL, NULL, 14, 22),
	(121, NULL, NULL, NULL, 1, NULL, NULL, NULL, NULL, NULL, 14, 8),
	(122, NULL, NULL, NULL, NULL, 1, NULL, NULL, NULL, NULL, 14, 23),
	(123, NULL, NULL, NULL, NULL, 9, NULL, NULL, NULL, NULL, 14, 24),
	(124, NULL, NULL, '555-variant-2-7', NULL, NULL, NULL, NULL, NULL, NULL, 15, 1),
	(125, 'en', 'default', '', NULL, NULL, NULL, NULL, NULL, NULL, 15, 2),
	(126, NULL, NULL, NULL, NULL, NULL, 0, NULL, NULL, NULL, 15, 11),
	(127, NULL, NULL, '0', NULL, NULL, NULL, NULL, NULL, NULL, 15, 22),
	(128, NULL, NULL, NULL, 1, NULL, NULL, NULL, NULL, NULL, 15, 8),
	(129, NULL, NULL, NULL, NULL, 2, NULL, NULL, NULL, NULL, 15, 23),
	(130, NULL, NULL, NULL, NULL, 7, NULL, NULL, NULL, NULL, 15, 24),
	(131, NULL, NULL, '555-variant-2-8', NULL, NULL, NULL, NULL, NULL, NULL, 16, 1),
	(132, 'en', 'default', '', NULL, NULL, NULL, NULL, NULL, NULL, 16, 2),
	(133, NULL, NULL, NULL, NULL, NULL, 0, NULL, NULL, NULL, 16, 11),
	(134, NULL, NULL, '0', NULL, NULL, NULL, NULL, NULL, NULL, 16, 22),
	(135, NULL, NULL, NULL, 1, NULL, NULL, NULL, NULL, NULL, 16, 8),
	(136, NULL, NULL, NULL, NULL, 2, NULL, NULL, NULL, NULL, 16, 23),
	(137, NULL, NULL, NULL, NULL, 8, NULL, NULL, NULL, NULL, 16, 24),
	(138, NULL, NULL, '555-variant-2-9', NULL, NULL, NULL, NULL, NULL, NULL, 17, 1),
	(139, 'en', 'default', '', NULL, NULL, NULL, NULL, NULL, NULL, 17, 2),
	(140, NULL, NULL, NULL, NULL, NULL, 0, NULL, NULL, NULL, 17, 11),
	(141, NULL, NULL, '0', NULL, NULL, NULL, NULL, NULL, NULL, 17, 22),
	(142, NULL, NULL, NULL, 1, NULL, NULL, NULL, NULL, NULL, 17, 8),
	(143, NULL, NULL, NULL, NULL, 2, NULL, NULL, NULL, NULL, 17, 23),
	(144, NULL, NULL, NULL, NULL, 9, NULL, NULL, NULL, NULL, 17, 24),
	(145, NULL, NULL, '555-variant-3-7', NULL, NULL, NULL, NULL, NULL, NULL, 18, 1),
	(146, 'en', 'default', '', NULL, NULL, NULL, NULL, NULL, NULL, 18, 2),
	(147, NULL, NULL, NULL, NULL, NULL, 0, NULL, NULL, NULL, 18, 11),
	(148, NULL, NULL, '0', NULL, NULL, NULL, NULL, NULL, NULL, 18, 22),
	(149, NULL, NULL, NULL, 1, NULL, NULL, NULL, NULL, NULL, 18, 8),
	(150, NULL, NULL, NULL, NULL, 3, NULL, NULL, NULL, NULL, 18, 23),
	(151, NULL, NULL, NULL, NULL, 7, NULL, NULL, NULL, NULL, 18, 24),
	(152, NULL, NULL, '555-variant-3-8', NULL, NULL, NULL, NULL, NULL, NULL, 19, 1),
	(153, 'en', 'default', '', NULL, NULL, NULL, NULL, NULL, NULL, 19, 2),
	(154, NULL, NULL, NULL, NULL, NULL, 0, NULL, NULL, NULL, 19, 11),
	(155, NULL, NULL, '0', NULL, NULL, NULL, NULL, NULL, NULL, 19, 22),
	(156, NULL, NULL, NULL, 1, NULL, NULL, NULL, NULL, NULL, 19, 8),
	(157, NULL, NULL, NULL, NULL, 3, NULL, NULL, NULL, NULL, 19, 23),
	(158, NULL, NULL, NULL, NULL, 8, NULL, NULL, NULL, NULL, 19, 24),
	(159, NULL, NULL, '555-variant-3-9', NULL, NULL, NULL, NULL, NULL, NULL, 20, 1),
	(160, 'en', 'default', '', NULL, NULL, NULL, NULL, NULL, NULL, 20, 2),
	(161, NULL, NULL, NULL, NULL, NULL, 0, NULL, NULL, NULL, 20, 11),
	(162, NULL, NULL, '0', NULL, NULL, NULL, NULL, NULL, NULL, 20, 22),
	(163, NULL, NULL, NULL, 1, NULL, NULL, NULL, NULL, NULL, 20, 8),
	(164, NULL, NULL, NULL, NULL, 3, NULL, NULL, NULL, NULL, 20, 23),
	(165, NULL, NULL, NULL, NULL, 9, NULL, NULL, NULL, NULL, 20, 24),
	(166, NULL, NULL, '555-variant-4-7', NULL, NULL, NULL, NULL, NULL, NULL, 21, 1),
	(167, 'en', 'default', '', NULL, NULL, NULL, NULL, NULL, NULL, 21, 2),
	(168, NULL, NULL, NULL, NULL, NULL, 0, NULL, NULL, NULL, 21, 11),
	(169, NULL, NULL, '0', NULL, NULL, NULL, NULL, NULL, NULL, 21, 22),
	(170, NULL, NULL, NULL, 1, NULL, NULL, NULL, NULL, NULL, 21, 8),
	(171, NULL, NULL, NULL, NULL, 4, NULL, NULL, NULL, NULL, 21, 23),
	(172, NULL, NULL, NULL, NULL, 7, NULL, NULL, NULL, NULL, 21, 24),
	(173, NULL, NULL, '555-variant-4-8', NULL, NULL, NULL, NULL, NULL, NULL, 22, 1),
	(174, 'en', 'default', '', NULL, NULL, NULL, NULL, NULL, NULL, 22, 2),
	(175, NULL, NULL, NULL, NULL, NULL, 0, NULL, NULL, NULL, 22, 11),
	(176, NULL, NULL, '0', NULL, NULL, NULL, NULL, NULL, NULL, 22, 22),
	(177, NULL, NULL, NULL, 1, NULL, NULL, NULL, NULL, NULL, 22, 8),
	(178, NULL, NULL, NULL, NULL, 4, NULL, NULL, NULL, NULL, 22, 23),
	(179, NULL, NULL, NULL, NULL, 8, NULL, NULL, NULL, NULL, 22, 24),
	(180, NULL, NULL, '555-variant-4-9', NULL, NULL, NULL, NULL, NULL, NULL, 23, 1),
	(181, 'en', 'default', '', NULL, NULL, NULL, NULL, NULL, NULL, 23, 2),
	(182, NULL, NULL, NULL, NULL, NULL, 0, NULL, NULL, NULL, 23, 11),
	(183, NULL, NULL, '0', NULL, NULL, NULL, NULL, NULL, NULL, 23, 22),
	(184, NULL, NULL, NULL, 1, NULL, NULL, NULL, NULL, NULL, 23, 8),
	(185, NULL, NULL, NULL, NULL, 4, NULL, NULL, NULL, NULL, 23, 23),
	(186, NULL, NULL, NULL, NULL, 9, NULL, NULL, NULL, NULL, 23, 24),
	(187, NULL, NULL, '555-variant-5-7', NULL, NULL, NULL, NULL, NULL, NULL, 24, 1),
	(188, 'en', 'default', '', NULL, NULL, NULL, NULL, NULL, NULL, 24, 2),
	(189, NULL, NULL, NULL, NULL, NULL, 0, NULL, NULL, NULL, 24, 11),
	(190, NULL, NULL, '0', NULL, NULL, NULL, NULL, NULL, NULL, 24, 22),
	(191, NULL, NULL, NULL, 1, NULL, NULL, NULL, NULL, NULL, 24, 8),
	(192, NULL, NULL, NULL, NULL, 5, NULL, NULL, NULL, NULL, 24, 23),
	(193, NULL, NULL, NULL, NULL, 7, NULL, NULL, NULL, NULL, 24, 24),
	(194, NULL, NULL, '555-variant-5-8', NULL, NULL, NULL, NULL, NULL, NULL, 25, 1),
	(195, 'en', 'default', '', NULL, NULL, NULL, NULL, NULL, NULL, 25, 2),
	(196, NULL, NULL, NULL, NULL, NULL, 0, NULL, NULL, NULL, 25, 11),
	(197, NULL, NULL, '0', NULL, NULL, NULL, NULL, NULL, NULL, 25, 22),
	(198, NULL, NULL, NULL, 1, NULL, NULL, NULL, NULL, NULL, 25, 8),
	(199, NULL, NULL, NULL, NULL, 5, NULL, NULL, NULL, NULL, 25, 23),
	(200, NULL, NULL, NULL, NULL, 8, NULL, NULL, NULL, NULL, 25, 24),
	(201, NULL, NULL, '555-variant-5-9', NULL, NULL, NULL, NULL, NULL, NULL, 26, 1),
	(202, 'en', 'default', '', NULL, NULL, NULL, NULL, NULL, NULL, 26, 2),
	(203, NULL, NULL, NULL, NULL, NULL, 0, NULL, NULL, NULL, 26, 11),
	(204, NULL, NULL, '0', NULL, NULL, NULL, NULL, NULL, NULL, 26, 22),
	(205, NULL, NULL, NULL, 1, NULL, NULL, NULL, NULL, NULL, 26, 8),
	(206, NULL, NULL, NULL, NULL, 5, NULL, NULL, NULL, NULL, 26, 23),
	(207, NULL, NULL, NULL, NULL, 9, NULL, NULL, NULL, NULL, 26, 24),
	(208, NULL, NULL, NULL, 1, NULL, NULL, NULL, NULL, NULL, 27, 8),
	(209, NULL, NULL, NULL, 1, NULL, NULL, NULL, NULL, NULL, 28, 8),
	(210, NULL, NULL, '543-variant-1-6', NULL, NULL, NULL, NULL, NULL, NULL, 29, 1),
	(211, 'en', 'default', '', NULL, NULL, NULL, NULL, NULL, NULL, 29, 2),
	(212, NULL, NULL, NULL, NULL, NULL, 0, NULL, NULL, NULL, 29, 11),
	(213, NULL, NULL, '0', NULL, NULL, NULL, NULL, NULL, NULL, 29, 22),
	(214, NULL, NULL, NULL, 1, NULL, NULL, NULL, NULL, NULL, 29, 8),
	(215, NULL, NULL, NULL, NULL, 1, NULL, NULL, NULL, NULL, 29, 23),
	(216, NULL, NULL, NULL, NULL, 6, NULL, NULL, NULL, NULL, 29, 24),
	(217, NULL, NULL, '543-variant-2-6', NULL, NULL, NULL, NULL, NULL, NULL, 30, 1),
	(218, 'en', 'default', '', NULL, NULL, NULL, NULL, NULL, NULL, 30, 2),
	(219, NULL, NULL, NULL, NULL, NULL, 0, NULL, NULL, NULL, 30, 11),
	(220, NULL, NULL, '0', NULL, NULL, NULL, NULL, NULL, NULL, 30, 22),
	(221, NULL, NULL, NULL, 1, NULL, NULL, NULL, NULL, NULL, 30, 8),
	(222, NULL, NULL, NULL, NULL, 2, NULL, NULL, NULL, NULL, 30, 23),
	(223, NULL, NULL, NULL, NULL, 6, NULL, NULL, NULL, NULL, 30, 24),
	(224, NULL, NULL, '543-variant-3-6', NULL, NULL, NULL, NULL, NULL, NULL, 31, 1),
	(225, 'en', 'default', '', NULL, NULL, NULL, NULL, NULL, NULL, 31, 2),
	(226, NULL, NULL, NULL, NULL, NULL, 0, NULL, NULL, NULL, 31, 11),
	(227, NULL, NULL, '0', NULL, NULL, NULL, NULL, NULL, NULL, 31, 22),
	(228, NULL, NULL, NULL, 1, NULL, NULL, NULL, NULL, NULL, 31, 8),
	(229, NULL, NULL, NULL, NULL, 3, NULL, NULL, NULL, NULL, 31, 23),
	(230, NULL, NULL, NULL, NULL, 6, NULL, NULL, NULL, NULL, 31, 24),
	(231, NULL, NULL, '543-variant-4-6', NULL, NULL, NULL, NULL, NULL, NULL, 32, 1),
	(232, 'en', 'default', '', NULL, NULL, NULL, NULL, NULL, NULL, 32, 2),
	(233, NULL, NULL, NULL, NULL, NULL, 0, NULL, NULL, NULL, 32, 11),
	(234, NULL, NULL, '0', NULL, NULL, NULL, NULL, NULL, NULL, 32, 22),
	(235, NULL, NULL, NULL, 1, NULL, NULL, NULL, NULL, NULL, 32, 8),
	(236, NULL, NULL, NULL, NULL, 4, NULL, NULL, NULL, NULL, 32, 23),
	(237, NULL, NULL, NULL, NULL, 6, NULL, NULL, NULL, NULL, 32, 24),
	(238, NULL, NULL, '543-variant-5-6', NULL, NULL, NULL, NULL, NULL, NULL, 33, 1),
	(239, 'en', 'default', '', NULL, NULL, NULL, NULL, NULL, NULL, 33, 2),
	(240, NULL, NULL, NULL, NULL, NULL, 0, NULL, NULL, NULL, 33, 11),
	(241, NULL, NULL, '0', NULL, NULL, NULL, NULL, NULL, NULL, 33, 22),
	(242, NULL, NULL, NULL, 1, NULL, NULL, NULL, NULL, NULL, 33, 8),
	(243, NULL, NULL, NULL, NULL, 5, NULL, NULL, NULL, NULL, 33, 23),
	(244, NULL, NULL, NULL, NULL, 6, NULL, NULL, NULL, NULL, 33, 24),
	(245, NULL, NULL, '543-variant-1-7', NULL, NULL, NULL, NULL, NULL, NULL, 34, 1),
	(246, 'en', 'default', '', NULL, NULL, NULL, NULL, NULL, NULL, 34, 2),
	(247, NULL, NULL, NULL, NULL, NULL, 0, NULL, NULL, NULL, 34, 11),
	(248, NULL, NULL, '0', NULL, NULL, NULL, NULL, NULL, NULL, 34, 22),
	(249, NULL, NULL, NULL, 1, NULL, NULL, NULL, NULL, NULL, 34, 8),
	(250, NULL, NULL, NULL, NULL, 1, NULL, NULL, NULL, NULL, 34, 23),
	(251, NULL, NULL, NULL, NULL, 7, NULL, NULL, NULL, NULL, 34, 24),
	(252, NULL, NULL, '543-variant-1-8', NULL, NULL, NULL, NULL, NULL, NULL, 35, 1),
	(253, 'en', 'default', '', NULL, NULL, NULL, NULL, NULL, NULL, 35, 2),
	(254, NULL, NULL, NULL, NULL, NULL, 0, NULL, NULL, NULL, 35, 11),
	(255, NULL, NULL, '0', NULL, NULL, NULL, NULL, NULL, NULL, 35, 22),
	(256, NULL, NULL, NULL, 1, NULL, NULL, NULL, NULL, NULL, 35, 8),
	(257, NULL, NULL, NULL, NULL, 1, NULL, NULL, NULL, NULL, 35, 23),
	(258, NULL, NULL, NULL, NULL, 8, NULL, NULL, NULL, NULL, 35, 24),
	(259, NULL, NULL, '543-variant-1-9', NULL, NULL, NULL, NULL, NULL, NULL, 36, 1),
	(260, 'en', 'default', '', NULL, NULL, NULL, NULL, NULL, NULL, 36, 2),
	(261, NULL, NULL, NULL, NULL, NULL, 0, NULL, NULL, NULL, 36, 11),
	(262, NULL, NULL, '0', NULL, NULL, NULL, NULL, NULL, NULL, 36, 22),
	(263, NULL, NULL, NULL, 1, NULL, NULL, NULL, NULL, NULL, 36, 8),
	(264, NULL, NULL, NULL, NULL, 1, NULL, NULL, NULL, NULL, 36, 23),
	(265, NULL, NULL, NULL, NULL, 9, NULL, NULL, NULL, NULL, 36, 24),
	(266, NULL, NULL, '543-variant-2-7', NULL, NULL, NULL, NULL, NULL, NULL, 37, 1),
	(267, 'en', 'default', '', NULL, NULL, NULL, NULL, NULL, NULL, 37, 2),
	(268, NULL, NULL, NULL, NULL, NULL, 0, NULL, NULL, NULL, 37, 11),
	(269, NULL, NULL, '0', NULL, NULL, NULL, NULL, NULL, NULL, 37, 22),
	(270, NULL, NULL, NULL, 1, NULL, NULL, NULL, NULL, NULL, 37, 8),
	(271, NULL, NULL, NULL, NULL, 2, NULL, NULL, NULL, NULL, 37, 23),
	(272, NULL, NULL, NULL, NULL, 7, NULL, NULL, NULL, NULL, 37, 24),
	(273, NULL, NULL, '543-variant-2-8', NULL, NULL, NULL, NULL, NULL, NULL, 38, 1),
	(274, 'en', 'default', '', NULL, NULL, NULL, NULL, NULL, NULL, 38, 2),
	(275, NULL, NULL, NULL, NULL, NULL, 0, NULL, NULL, NULL, 38, 11),
	(276, NULL, NULL, '0', NULL, NULL, NULL, NULL, NULL, NULL, 38, 22),
	(277, NULL, NULL, NULL, 1, NULL, NULL, NULL, NULL, NULL, 38, 8),
	(278, NULL, NULL, NULL, NULL, 2, NULL, NULL, NULL, NULL, 38, 23),
	(279, NULL, NULL, NULL, NULL, 8, NULL, NULL, NULL, NULL, 38, 24),
	(280, NULL, NULL, '543-variant-2-9', NULL, NULL, NULL, NULL, NULL, NULL, 39, 1),
	(281, 'en', 'default', '', NULL, NULL, NULL, NULL, NULL, NULL, 39, 2),
	(282, NULL, NULL, NULL, NULL, NULL, 0, NULL, NULL, NULL, 39, 11),
	(283, NULL, NULL, '0', NULL, NULL, NULL, NULL, NULL, NULL, 39, 22),
	(284, NULL, NULL, NULL, 1, NULL, NULL, NULL, NULL, NULL, 39, 8),
	(285, NULL, NULL, NULL, NULL, 2, NULL, NULL, NULL, NULL, 39, 23),
	(286, NULL, NULL, NULL, NULL, 9, NULL, NULL, NULL, NULL, 39, 24),
	(287, NULL, NULL, '543-variant-3-7', NULL, NULL, NULL, NULL, NULL, NULL, 40, 1),
	(288, 'en', 'default', '', NULL, NULL, NULL, NULL, NULL, NULL, 40, 2),
	(289, NULL, NULL, NULL, NULL, NULL, 0, NULL, NULL, NULL, 40, 11),
	(290, NULL, NULL, '0', NULL, NULL, NULL, NULL, NULL, NULL, 40, 22),
	(291, NULL, NULL, NULL, 1, NULL, NULL, NULL, NULL, NULL, 40, 8),
	(292, NULL, NULL, NULL, NULL, 3, NULL, NULL, NULL, NULL, 40, 23),
	(293, NULL, NULL, NULL, NULL, 7, NULL, NULL, NULL, NULL, 40, 24),
	(294, NULL, NULL, '543-variant-3-8', NULL, NULL, NULL, NULL, NULL, NULL, 41, 1),
	(295, 'en', 'default', '', NULL, NULL, NULL, NULL, NULL, NULL, 41, 2),
	(296, NULL, NULL, NULL, NULL, NULL, 0, NULL, NULL, NULL, 41, 11),
	(297, NULL, NULL, '0', NULL, NULL, NULL, NULL, NULL, NULL, 41, 22),
	(298, NULL, NULL, NULL, 1, NULL, NULL, NULL, NULL, NULL, 41, 8),
	(299, NULL, NULL, NULL, NULL, 3, NULL, NULL, NULL, NULL, 41, 23),
	(300, NULL, NULL, NULL, NULL, 8, NULL, NULL, NULL, NULL, 41, 24),
	(301, NULL, NULL, '543-variant-3-9', NULL, NULL, NULL, NULL, NULL, NULL, 42, 1),
	(302, 'en', 'default', '', NULL, NULL, NULL, NULL, NULL, NULL, 42, 2),
	(303, NULL, NULL, NULL, NULL, NULL, 0, NULL, NULL, NULL, 42, 11),
	(304, NULL, NULL, '0', NULL, NULL, NULL, NULL, NULL, NULL, 42, 22),
	(305, NULL, NULL, NULL, 1, NULL, NULL, NULL, NULL, NULL, 42, 8),
	(306, NULL, NULL, NULL, NULL, 3, NULL, NULL, NULL, NULL, 42, 23),
	(307, NULL, NULL, NULL, NULL, 9, NULL, NULL, NULL, NULL, 42, 24),
	(308, NULL, NULL, '543-variant-4-7', NULL, NULL, NULL, NULL, NULL, NULL, 43, 1),
	(309, 'en', 'default', '', NULL, NULL, NULL, NULL, NULL, NULL, 43, 2),
	(310, NULL, NULL, NULL, NULL, NULL, 0, NULL, NULL, NULL, 43, 11),
	(311, NULL, NULL, '0', NULL, NULL, NULL, NULL, NULL, NULL, 43, 22),
	(312, NULL, NULL, NULL, 1, NULL, NULL, NULL, NULL, NULL, 43, 8),
	(313, NULL, NULL, NULL, NULL, 4, NULL, NULL, NULL, NULL, 43, 23),
	(314, NULL, NULL, NULL, NULL, 7, NULL, NULL, NULL, NULL, 43, 24),
	(315, NULL, NULL, '543-variant-4-8', NULL, NULL, NULL, NULL, NULL, NULL, 44, 1),
	(316, 'en', 'default', '', NULL, NULL, NULL, NULL, NULL, NULL, 44, 2),
	(317, NULL, NULL, NULL, NULL, NULL, 0, NULL, NULL, NULL, 44, 11),
	(318, NULL, NULL, '0', NULL, NULL, NULL, NULL, NULL, NULL, 44, 22),
	(319, NULL, NULL, NULL, 1, NULL, NULL, NULL, NULL, NULL, 44, 8),
	(320, NULL, NULL, NULL, NULL, 4, NULL, NULL, NULL, NULL, 44, 23),
	(321, NULL, NULL, NULL, NULL, 8, NULL, NULL, NULL, NULL, 44, 24),
	(322, NULL, NULL, '543-variant-4-9', NULL, NULL, NULL, NULL, NULL, NULL, 45, 1),
	(323, 'en', 'default', '', NULL, NULL, NULL, NULL, NULL, NULL, 45, 2),
	(324, NULL, NULL, NULL, NULL, NULL, 0, NULL, NULL, NULL, 45, 11),
	(325, NULL, NULL, '0', NULL, NULL, NULL, NULL, NULL, NULL, 45, 22),
	(326, NULL, NULL, NULL, 1, NULL, NULL, NULL, NULL, NULL, 45, 8),
	(327, NULL, NULL, NULL, NULL, 4, NULL, NULL, NULL, NULL, 45, 23),
	(328, NULL, NULL, NULL, NULL, 9, NULL, NULL, NULL, NULL, 45, 24),
	(329, NULL, NULL, '543-variant-5-7', NULL, NULL, NULL, NULL, NULL, NULL, 46, 1),
	(330, 'en', 'default', '', NULL, NULL, NULL, NULL, NULL, NULL, 46, 2),
	(331, NULL, NULL, NULL, NULL, NULL, 0, NULL, NULL, NULL, 46, 11),
	(332, NULL, NULL, '0', NULL, NULL, NULL, NULL, NULL, NULL, 46, 22),
	(333, NULL, NULL, NULL, 1, NULL, NULL, NULL, NULL, NULL, 46, 8),
	(334, NULL, NULL, NULL, NULL, 5, NULL, NULL, NULL, NULL, 46, 23),
	(335, NULL, NULL, NULL, NULL, 7, NULL, NULL, NULL, NULL, 46, 24),
	(336, NULL, NULL, '543-variant-5-8', NULL, NULL, NULL, NULL, NULL, NULL, 47, 1),
	(337, 'en', 'default', '', NULL, NULL, NULL, NULL, NULL, NULL, 47, 2),
	(338, NULL, NULL, NULL, NULL, NULL, 0, NULL, NULL, NULL, 47, 11),
	(339, NULL, NULL, '0', NULL, NULL, NULL, NULL, NULL, NULL, 47, 22),
	(340, NULL, NULL, NULL, 1, NULL, NULL, NULL, NULL, NULL, 47, 8),
	(341, NULL, NULL, NULL, NULL, 5, NULL, NULL, NULL, NULL, 47, 23),
	(342, NULL, NULL, NULL, NULL, 8, NULL, NULL, NULL, NULL, 47, 24),
	(343, NULL, NULL, '543-variant-5-9', NULL, NULL, NULL, NULL, NULL, NULL, 48, 1),
	(344, 'en', 'default', '', NULL, NULL, NULL, NULL, NULL, NULL, 48, 2),
	(345, NULL, NULL, NULL, NULL, NULL, 0, NULL, NULL, NULL, 48, 11),
	(346, NULL, NULL, '0', NULL, NULL, NULL, NULL, NULL, NULL, 48, 22),
	(347, NULL, NULL, NULL, 1, NULL, NULL, NULL, NULL, NULL, 48, 8),
	(348, NULL, NULL, NULL, NULL, 5, NULL, NULL, NULL, NULL, 48, 23),
	(349, NULL, NULL, NULL, NULL, 9, NULL, NULL, NULL, NULL, 48, 24),
	(350, NULL, NULL, NULL, 1, NULL, NULL, NULL, NULL, NULL, 49, 8),
	(351, NULL, NULL, '234-variant-1-6', NULL, NULL, NULL, NULL, NULL, NULL, 50, 1),
	(352, 'en', 'default', '', NULL, NULL, NULL, NULL, NULL, NULL, 50, 2),
	(353, NULL, NULL, NULL, NULL, NULL, 0, NULL, NULL, NULL, 50, 11),
	(354, NULL, NULL, '0', NULL, NULL, NULL, NULL, NULL, NULL, 50, 22),
	(355, NULL, NULL, NULL, 1, NULL, NULL, NULL, NULL, NULL, 50, 8),
	(356, NULL, NULL, NULL, NULL, 1, NULL, NULL, NULL, NULL, 50, 23),
	(357, NULL, NULL, NULL, NULL, 6, NULL, NULL, NULL, NULL, 50, 24),
	(358, NULL, NULL, '234-variant-2-6', NULL, NULL, NULL, NULL, NULL, NULL, 51, 1),
	(359, 'en', 'default', '', NULL, NULL, NULL, NULL, NULL, NULL, 51, 2),
	(360, NULL, NULL, NULL, NULL, NULL, 0, NULL, NULL, NULL, 51, 11),
	(361, NULL, NULL, '0', NULL, NULL, NULL, NULL, NULL, NULL, 51, 22),
	(362, NULL, NULL, NULL, 1, NULL, NULL, NULL, NULL, NULL, 51, 8),
	(363, NULL, NULL, NULL, NULL, 2, NULL, NULL, NULL, NULL, 51, 23),
	(364, NULL, NULL, NULL, NULL, 6, NULL, NULL, NULL, NULL, 51, 24),
	(365, NULL, NULL, '234-variant-3-6', NULL, NULL, NULL, NULL, NULL, NULL, 52, 1),
	(366, 'en', 'default', '', NULL, NULL, NULL, NULL, NULL, NULL, 52, 2),
	(367, NULL, NULL, NULL, NULL, NULL, 0, NULL, NULL, NULL, 52, 11),
	(368, NULL, NULL, '0', NULL, NULL, NULL, NULL, NULL, NULL, 52, 22),
	(369, NULL, NULL, NULL, 1, NULL, NULL, NULL, NULL, NULL, 52, 8),
	(370, NULL, NULL, NULL, NULL, 3, NULL, NULL, NULL, NULL, 52, 23),
	(371, NULL, NULL, NULL, NULL, 6, NULL, NULL, NULL, NULL, 52, 24),
	(372, NULL, NULL, '234-variant-4-6', NULL, NULL, NULL, NULL, NULL, NULL, 53, 1),
	(373, 'en', 'default', '', NULL, NULL, NULL, NULL, NULL, NULL, 53, 2),
	(374, NULL, NULL, NULL, NULL, NULL, 0, NULL, NULL, NULL, 53, 11),
	(375, NULL, NULL, '0', NULL, NULL, NULL, NULL, NULL, NULL, 53, 22),
	(376, NULL, NULL, NULL, 1, NULL, NULL, NULL, NULL, NULL, 53, 8),
	(377, NULL, NULL, NULL, NULL, 4, NULL, NULL, NULL, NULL, 53, 23),
	(378, NULL, NULL, NULL, NULL, 6, NULL, NULL, NULL, NULL, 53, 24),
	(379, NULL, NULL, '234-variant-5-6', NULL, NULL, NULL, NULL, NULL, NULL, 54, 1),
	(380, 'en', 'default', '', NULL, NULL, NULL, NULL, NULL, NULL, 54, 2),
	(381, NULL, NULL, NULL, NULL, NULL, 0, NULL, NULL, NULL, 54, 11),
	(382, NULL, NULL, '0', NULL, NULL, NULL, NULL, NULL, NULL, 54, 22),
	(383, NULL, NULL, NULL, 1, NULL, NULL, NULL, NULL, NULL, 54, 8),
	(384, NULL, NULL, NULL, NULL, 5, NULL, NULL, NULL, NULL, 54, 23),
	(385, NULL, NULL, NULL, NULL, 6, NULL, NULL, NULL, NULL, 54, 24),
	(386, NULL, NULL, '234-variant-1-7', NULL, NULL, NULL, NULL, NULL, NULL, 55, 1),
	(387, 'en', 'default', '', NULL, NULL, NULL, NULL, NULL, NULL, 55, 2),
	(388, NULL, NULL, NULL, NULL, NULL, 0, NULL, NULL, NULL, 55, 11),
	(389, NULL, NULL, '0', NULL, NULL, NULL, NULL, NULL, NULL, 55, 22),
	(390, NULL, NULL, NULL, 1, NULL, NULL, NULL, NULL, NULL, 55, 8),
	(391, NULL, NULL, NULL, NULL, 1, NULL, NULL, NULL, NULL, 55, 23),
	(392, NULL, NULL, NULL, NULL, 7, NULL, NULL, NULL, NULL, 55, 24),
	(393, NULL, NULL, '234-variant-1-8', NULL, NULL, NULL, NULL, NULL, NULL, 56, 1),
	(394, 'en', 'default', '', NULL, NULL, NULL, NULL, NULL, NULL, 56, 2),
	(395, NULL, NULL, NULL, NULL, NULL, 0, NULL, NULL, NULL, 56, 11),
	(396, NULL, NULL, '0', NULL, NULL, NULL, NULL, NULL, NULL, 56, 22),
	(397, NULL, NULL, NULL, 1, NULL, NULL, NULL, NULL, NULL, 56, 8),
	(398, NULL, NULL, NULL, NULL, 1, NULL, NULL, NULL, NULL, 56, 23),
	(399, NULL, NULL, NULL, NULL, 8, NULL, NULL, NULL, NULL, 56, 24),
	(400, NULL, NULL, '234-variant-1-9', NULL, NULL, NULL, NULL, NULL, NULL, 57, 1),
	(401, 'en', 'default', '', NULL, NULL, NULL, NULL, NULL, NULL, 57, 2),
	(402, NULL, NULL, NULL, NULL, NULL, 0, NULL, NULL, NULL, 57, 11),
	(403, NULL, NULL, '0', NULL, NULL, NULL, NULL, NULL, NULL, 57, 22),
	(404, NULL, NULL, NULL, 1, NULL, NULL, NULL, NULL, NULL, 57, 8),
	(405, NULL, NULL, NULL, NULL, 1, NULL, NULL, NULL, NULL, 57, 23),
	(406, NULL, NULL, NULL, NULL, 9, NULL, NULL, NULL, NULL, 57, 24),
	(407, NULL, NULL, '234-variant-2-7', NULL, NULL, NULL, NULL, NULL, NULL, 58, 1),
	(408, 'en', 'default', '', NULL, NULL, NULL, NULL, NULL, NULL, 58, 2),
	(409, NULL, NULL, NULL, NULL, NULL, 0, NULL, NULL, NULL, 58, 11),
	(410, NULL, NULL, '0', NULL, NULL, NULL, NULL, NULL, NULL, 58, 22),
	(411, NULL, NULL, NULL, 1, NULL, NULL, NULL, NULL, NULL, 58, 8),
	(412, NULL, NULL, NULL, NULL, 2, NULL, NULL, NULL, NULL, 58, 23),
	(413, NULL, NULL, NULL, NULL, 7, NULL, NULL, NULL, NULL, 58, 24),
	(414, NULL, NULL, '234-variant-2-8', NULL, NULL, NULL, NULL, NULL, NULL, 59, 1),
	(415, 'en', 'default', '', NULL, NULL, NULL, NULL, NULL, NULL, 59, 2),
	(416, NULL, NULL, NULL, NULL, NULL, 0, NULL, NULL, NULL, 59, 11),
	(417, NULL, NULL, '0', NULL, NULL, NULL, NULL, NULL, NULL, 59, 22),
	(418, NULL, NULL, NULL, 1, NULL, NULL, NULL, NULL, NULL, 59, 8),
	(419, NULL, NULL, NULL, NULL, 2, NULL, NULL, NULL, NULL, 59, 23),
	(420, NULL, NULL, NULL, NULL, 8, NULL, NULL, NULL, NULL, 59, 24),
	(421, NULL, NULL, '234-variant-2-9', NULL, NULL, NULL, NULL, NULL, NULL, 60, 1),
	(422, 'en', 'default', '', NULL, NULL, NULL, NULL, NULL, NULL, 60, 2),
	(423, NULL, NULL, NULL, NULL, NULL, 0, NULL, NULL, NULL, 60, 11),
	(424, NULL, NULL, '0', NULL, NULL, NULL, NULL, NULL, NULL, 60, 22),
	(425, NULL, NULL, NULL, 1, NULL, NULL, NULL, NULL, NULL, 60, 8),
	(426, NULL, NULL, NULL, NULL, 2, NULL, NULL, NULL, NULL, 60, 23),
	(427, NULL, NULL, NULL, NULL, 9, NULL, NULL, NULL, NULL, 60, 24),
	(428, NULL, NULL, '234-variant-3-7', NULL, NULL, NULL, NULL, NULL, NULL, 61, 1),
	(429, 'en', 'default', '', NULL, NULL, NULL, NULL, NULL, NULL, 61, 2),
	(430, NULL, NULL, NULL, NULL, NULL, 0, NULL, NULL, NULL, 61, 11),
	(431, NULL, NULL, '0', NULL, NULL, NULL, NULL, NULL, NULL, 61, 22),
	(432, NULL, NULL, NULL, 1, NULL, NULL, NULL, NULL, NULL, 61, 8),
	(433, NULL, NULL, NULL, NULL, 3, NULL, NULL, NULL, NULL, 61, 23),
	(434, NULL, NULL, NULL, NULL, 7, NULL, NULL, NULL, NULL, 61, 24),
	(435, NULL, NULL, '234-variant-3-8', NULL, NULL, NULL, NULL, NULL, NULL, 62, 1),
	(436, 'en', 'default', '', NULL, NULL, NULL, NULL, NULL, NULL, 62, 2),
	(437, NULL, NULL, NULL, NULL, NULL, 0, NULL, NULL, NULL, 62, 11),
	(438, NULL, NULL, '0', NULL, NULL, NULL, NULL, NULL, NULL, 62, 22),
	(439, NULL, NULL, NULL, 1, NULL, NULL, NULL, NULL, NULL, 62, 8),
	(440, NULL, NULL, NULL, NULL, 3, NULL, NULL, NULL, NULL, 62, 23),
	(441, NULL, NULL, NULL, NULL, 8, NULL, NULL, NULL, NULL, 62, 24),
	(442, NULL, NULL, '234-variant-3-9', NULL, NULL, NULL, NULL, NULL, NULL, 63, 1),
	(443, 'en', 'default', '', NULL, NULL, NULL, NULL, NULL, NULL, 63, 2),
	(444, NULL, NULL, NULL, NULL, NULL, 0, NULL, NULL, NULL, 63, 11),
	(445, NULL, NULL, '0', NULL, NULL, NULL, NULL, NULL, NULL, 63, 22),
	(446, NULL, NULL, NULL, 1, NULL, NULL, NULL, NULL, NULL, 63, 8),
	(447, NULL, NULL, NULL, NULL, 3, NULL, NULL, NULL, NULL, 63, 23),
	(448, NULL, NULL, NULL, NULL, 9, NULL, NULL, NULL, NULL, 63, 24),
	(449, NULL, NULL, '234-variant-4-7', NULL, NULL, NULL, NULL, NULL, NULL, 64, 1),
	(450, 'en', 'default', '', NULL, NULL, NULL, NULL, NULL, NULL, 64, 2),
	(451, NULL, NULL, NULL, NULL, NULL, 0, NULL, NULL, NULL, 64, 11),
	(452, NULL, NULL, '0', NULL, NULL, NULL, NULL, NULL, NULL, 64, 22),
	(453, NULL, NULL, NULL, 1, NULL, NULL, NULL, NULL, NULL, 64, 8),
	(454, NULL, NULL, NULL, NULL, 4, NULL, NULL, NULL, NULL, 64, 23),
	(455, NULL, NULL, NULL, NULL, 7, NULL, NULL, NULL, NULL, 64, 24),
	(456, NULL, NULL, '234-variant-4-8', NULL, NULL, NULL, NULL, NULL, NULL, 65, 1),
	(457, 'en', 'default', '', NULL, NULL, NULL, NULL, NULL, NULL, 65, 2),
	(458, NULL, NULL, NULL, NULL, NULL, 0, NULL, NULL, NULL, 65, 11),
	(459, NULL, NULL, '0', NULL, NULL, NULL, NULL, NULL, NULL, 65, 22),
	(460, NULL, NULL, NULL, 1, NULL, NULL, NULL, NULL, NULL, 65, 8),
	(461, NULL, NULL, NULL, NULL, 4, NULL, NULL, NULL, NULL, 65, 23),
	(462, NULL, NULL, NULL, NULL, 8, NULL, NULL, NULL, NULL, 65, 24),
	(463, NULL, NULL, '234-variant-4-9', NULL, NULL, NULL, NULL, NULL, NULL, 66, 1),
	(464, 'en', 'default', '', NULL, NULL, NULL, NULL, NULL, NULL, 66, 2),
	(465, NULL, NULL, NULL, NULL, NULL, 0, NULL, NULL, NULL, 66, 11),
	(466, NULL, NULL, '0', NULL, NULL, NULL, NULL, NULL, NULL, 66, 22),
	(467, NULL, NULL, NULL, 1, NULL, NULL, NULL, NULL, NULL, 66, 8),
	(468, NULL, NULL, NULL, NULL, 4, NULL, NULL, NULL, NULL, 66, 23),
	(469, NULL, NULL, NULL, NULL, 9, NULL, NULL, NULL, NULL, 66, 24),
	(470, NULL, NULL, '234-variant-5-7', NULL, NULL, NULL, NULL, NULL, NULL, 67, 1),
	(471, 'en', 'default', '', NULL, NULL, NULL, NULL, NULL, NULL, 67, 2),
	(472, NULL, NULL, NULL, NULL, NULL, 0, NULL, NULL, NULL, 67, 11),
	(473, NULL, NULL, '0', NULL, NULL, NULL, NULL, NULL, NULL, 67, 22),
	(474, NULL, NULL, NULL, 1, NULL, NULL, NULL, NULL, NULL, 67, 8),
	(475, NULL, NULL, NULL, NULL, 5, NULL, NULL, NULL, NULL, 67, 23),
	(476, NULL, NULL, NULL, NULL, 7, NULL, NULL, NULL, NULL, 67, 24),
	(477, NULL, NULL, '234-variant-5-8', NULL, NULL, NULL, NULL, NULL, NULL, 68, 1),
	(478, 'en', 'default', '', NULL, NULL, NULL, NULL, NULL, NULL, 68, 2),
	(479, NULL, NULL, NULL, NULL, NULL, 0, NULL, NULL, NULL, 68, 11),
	(480, NULL, NULL, '0', NULL, NULL, NULL, NULL, NULL, NULL, 68, 22),
	(481, NULL, NULL, NULL, 1, NULL, NULL, NULL, NULL, NULL, 68, 8),
	(482, NULL, NULL, NULL, NULL, 5, NULL, NULL, NULL, NULL, 68, 23),
	(483, NULL, NULL, NULL, NULL, 8, NULL, NULL, NULL, NULL, 68, 24),
	(484, NULL, NULL, '234-variant-5-9', NULL, NULL, NULL, NULL, NULL, NULL, 69, 1),
	(485, 'en', 'default', '', NULL, NULL, NULL, NULL, NULL, NULL, 69, 2),
	(486, NULL, NULL, NULL, NULL, NULL, 0, NULL, NULL, NULL, 69, 11),
	(487, NULL, NULL, '0', NULL, NULL, NULL, NULL, NULL, NULL, 69, 22),
	(488, NULL, NULL, NULL, 1, NULL, NULL, NULL, NULL, NULL, 69, 8),
	(489, NULL, NULL, NULL, NULL, 5, NULL, NULL, NULL, NULL, 69, 23),
	(490, NULL, NULL, NULL, NULL, 9, NULL, NULL, NULL, NULL, 69, 24),
	(510, NULL, NULL, NULL, 1, NULL, NULL, NULL, NULL, NULL, 71, 8),
	(533, NULL, NULL, NULL, 1, NULL, NULL, NULL, NULL, NULL, 73, 8),
	(638, NULL, NULL, NULL, 1, NULL, NULL, NULL, NULL, NULL, 83, 8),
	(639, NULL, NULL, '773-variant-1-6', NULL, NULL, NULL, NULL, NULL, NULL, 84, 1),
	(640, 'en', 'default', '', NULL, NULL, NULL, NULL, NULL, NULL, 84, 2),
	(641, 'hu', 'default', '', NULL, NULL, NULL, NULL, NULL, NULL, 84, 2),
	(642, NULL, NULL, NULL, NULL, NULL, 0, NULL, NULL, NULL, 84, 11),
	(643, NULL, NULL, '0', NULL, NULL, NULL, NULL, NULL, NULL, 84, 22),
	(644, NULL, NULL, NULL, 1, NULL, NULL, NULL, NULL, NULL, 84, 8),
	(645, NULL, NULL, NULL, NULL, 1, NULL, NULL, NULL, NULL, 84, 23),
	(646, NULL, NULL, NULL, NULL, 6, NULL, NULL, NULL, NULL, 84, 24),
	(647, NULL, NULL, '773-variant-2-6', NULL, NULL, NULL, NULL, NULL, NULL, 85, 1),
	(648, 'en', 'default', '', NULL, NULL, NULL, NULL, NULL, NULL, 85, 2),
	(649, 'hu', 'default', '', NULL, NULL, NULL, NULL, NULL, NULL, 85, 2),
	(650, NULL, NULL, NULL, NULL, NULL, 0, NULL, NULL, NULL, 85, 11),
	(651, NULL, NULL, '0', NULL, NULL, NULL, NULL, NULL, NULL, 85, 22),
	(652, NULL, NULL, NULL, 1, NULL, NULL, NULL, NULL, NULL, 85, 8),
	(653, NULL, NULL, NULL, NULL, 2, NULL, NULL, NULL, NULL, 85, 23),
	(654, NULL, NULL, NULL, NULL, 6, NULL, NULL, NULL, NULL, 85, 24),
	(655, NULL, NULL, '773-variant-3-6', NULL, NULL, NULL, NULL, NULL, NULL, 86, 1),
	(656, 'en', 'default', '', NULL, NULL, NULL, NULL, NULL, NULL, 86, 2),
	(657, 'hu', 'default', '', NULL, NULL, NULL, NULL, NULL, NULL, 86, 2),
	(658, NULL, NULL, NULL, NULL, NULL, 0, NULL, NULL, NULL, 86, 11),
	(659, NULL, NULL, '0', NULL, NULL, NULL, NULL, NULL, NULL, 86, 22),
	(660, NULL, NULL, NULL, 1, NULL, NULL, NULL, NULL, NULL, 86, 8),
	(661, NULL, NULL, NULL, NULL, 3, NULL, NULL, NULL, NULL, 86, 23),
	(662, NULL, NULL, NULL, NULL, 6, NULL, NULL, NULL, NULL, 86, 24),
	(663, NULL, NULL, '773-variant-4-6', NULL, NULL, NULL, NULL, NULL, NULL, 87, 1),
	(664, 'en', 'default', '', NULL, NULL, NULL, NULL, NULL, NULL, 87, 2),
	(665, 'hu', 'default', '', NULL, NULL, NULL, NULL, NULL, NULL, 87, 2),
	(666, NULL, NULL, NULL, NULL, NULL, 0, NULL, NULL, NULL, 87, 11),
	(667, NULL, NULL, '0', NULL, NULL, NULL, NULL, NULL, NULL, 87, 22),
	(668, NULL, NULL, NULL, 1, NULL, NULL, NULL, NULL, NULL, 87, 8),
	(669, NULL, NULL, NULL, NULL, 4, NULL, NULL, NULL, NULL, 87, 23),
	(670, NULL, NULL, NULL, NULL, 6, NULL, NULL, NULL, NULL, 87, 24),
	(671, NULL, NULL, '773-variant-5-6', NULL, NULL, NULL, NULL, NULL, NULL, 88, 1),
	(672, 'en', 'default', '', NULL, NULL, NULL, NULL, NULL, NULL, 88, 2),
	(673, 'hu', 'default', '', NULL, NULL, NULL, NULL, NULL, NULL, 88, 2),
	(674, NULL, NULL, NULL, NULL, NULL, 0, NULL, NULL, NULL, 88, 11),
	(675, NULL, NULL, '0', NULL, NULL, NULL, NULL, NULL, NULL, 88, 22),
	(676, NULL, NULL, NULL, 1, NULL, NULL, NULL, NULL, NULL, 88, 8),
	(677, NULL, NULL, NULL, NULL, 5, NULL, NULL, NULL, NULL, 88, 23),
	(678, NULL, NULL, NULL, NULL, 6, NULL, NULL, NULL, NULL, 88, 24),
	(679, NULL, NULL, '773-variant-1-7', NULL, NULL, NULL, NULL, NULL, NULL, 89, 1),
	(680, 'en', 'default', '', NULL, NULL, NULL, NULL, NULL, NULL, 89, 2),
	(681, 'hu', 'default', '', NULL, NULL, NULL, NULL, NULL, NULL, 89, 2),
	(682, NULL, NULL, NULL, NULL, NULL, 0, NULL, NULL, NULL, 89, 11),
	(683, NULL, NULL, '0', NULL, NULL, NULL, NULL, NULL, NULL, 89, 22),
	(684, NULL, NULL, NULL, 1, NULL, NULL, NULL, NULL, NULL, 89, 8),
	(685, NULL, NULL, NULL, NULL, 1, NULL, NULL, NULL, NULL, 89, 23),
	(686, NULL, NULL, NULL, NULL, 7, NULL, NULL, NULL, NULL, 89, 24),
	(687, NULL, NULL, '773-variant-1-8', NULL, NULL, NULL, NULL, NULL, NULL, 90, 1),
	(688, 'en', 'default', '', NULL, NULL, NULL, NULL, NULL, NULL, 90, 2),
	(689, 'hu', 'default', '', NULL, NULL, NULL, NULL, NULL, NULL, 90, 2),
	(690, NULL, NULL, NULL, NULL, NULL, 0, NULL, NULL, NULL, 90, 11),
	(691, NULL, NULL, '0', NULL, NULL, NULL, NULL, NULL, NULL, 90, 22),
	(692, NULL, NULL, NULL, 1, NULL, NULL, NULL, NULL, NULL, 90, 8),
	(693, NULL, NULL, NULL, NULL, 1, NULL, NULL, NULL, NULL, 90, 23),
	(694, NULL, NULL, NULL, NULL, 8, NULL, NULL, NULL, NULL, 90, 24),
	(695, NULL, NULL, '773-variant-1-9', NULL, NULL, NULL, NULL, NULL, NULL, 91, 1),
	(696, 'en', 'default', '', NULL, NULL, NULL, NULL, NULL, NULL, 91, 2),
	(697, 'hu', 'default', '', NULL, NULL, NULL, NULL, NULL, NULL, 91, 2),
	(698, NULL, NULL, NULL, NULL, NULL, 0, NULL, NULL, NULL, 91, 11),
	(699, NULL, NULL, '0', NULL, NULL, NULL, NULL, NULL, NULL, 91, 22),
	(700, NULL, NULL, NULL, 1, NULL, NULL, NULL, NULL, NULL, 91, 8),
	(701, NULL, NULL, NULL, NULL, 1, NULL, NULL, NULL, NULL, 91, 23),
	(702, NULL, NULL, NULL, NULL, 9, NULL, NULL, NULL, NULL, 91, 24),
	(703, NULL, NULL, '773-variant-2-7', NULL, NULL, NULL, NULL, NULL, NULL, 92, 1),
	(704, 'en', 'default', '', NULL, NULL, NULL, NULL, NULL, NULL, 92, 2),
	(705, 'hu', 'default', '', NULL, NULL, NULL, NULL, NULL, NULL, 92, 2),
	(706, NULL, NULL, NULL, NULL, NULL, 0, NULL, NULL, NULL, 92, 11),
	(707, NULL, NULL, '0', NULL, NULL, NULL, NULL, NULL, NULL, 92, 22),
	(708, NULL, NULL, NULL, 1, NULL, NULL, NULL, NULL, NULL, 92, 8),
	(709, NULL, NULL, NULL, NULL, 2, NULL, NULL, NULL, NULL, 92, 23),
	(710, NULL, NULL, NULL, NULL, 7, NULL, NULL, NULL, NULL, 92, 24),
	(711, NULL, NULL, '773-variant-2-8', NULL, NULL, NULL, NULL, NULL, NULL, 93, 1),
	(712, 'en', 'default', '', NULL, NULL, NULL, NULL, NULL, NULL, 93, 2),
	(713, 'hu', 'default', '', NULL, NULL, NULL, NULL, NULL, NULL, 93, 2),
	(714, NULL, NULL, NULL, NULL, NULL, 0, NULL, NULL, NULL, 93, 11),
	(715, NULL, NULL, '0', NULL, NULL, NULL, NULL, NULL, NULL, 93, 22),
	(716, NULL, NULL, NULL, 1, NULL, NULL, NULL, NULL, NULL, 93, 8),
	(717, NULL, NULL, NULL, NULL, 2, NULL, NULL, NULL, NULL, 93, 23),
	(718, NULL, NULL, NULL, NULL, 8, NULL, NULL, NULL, NULL, 93, 24),
	(719, NULL, NULL, '773-variant-2-9', NULL, NULL, NULL, NULL, NULL, NULL, 94, 1),
	(720, 'en', 'default', '', NULL, NULL, NULL, NULL, NULL, NULL, 94, 2),
	(721, 'hu', 'default', '', NULL, NULL, NULL, NULL, NULL, NULL, 94, 2),
	(722, NULL, NULL, NULL, NULL, NULL, 0, NULL, NULL, NULL, 94, 11),
	(723, NULL, NULL, '0', NULL, NULL, NULL, NULL, NULL, NULL, 94, 22),
	(724, NULL, NULL, NULL, 1, NULL, NULL, NULL, NULL, NULL, 94, 8),
	(725, NULL, NULL, NULL, NULL, 2, NULL, NULL, NULL, NULL, 94, 23),
	(726, NULL, NULL, NULL, NULL, 9, NULL, NULL, NULL, NULL, 94, 24),
	(727, NULL, NULL, '773-variant-3-7', NULL, NULL, NULL, NULL, NULL, NULL, 95, 1),
	(728, 'en', 'default', '', NULL, NULL, NULL, NULL, NULL, NULL, 95, 2),
	(729, 'hu', 'default', '', NULL, NULL, NULL, NULL, NULL, NULL, 95, 2),
	(730, NULL, NULL, NULL, NULL, NULL, 0, NULL, NULL, NULL, 95, 11),
	(731, NULL, NULL, '0', NULL, NULL, NULL, NULL, NULL, NULL, 95, 22),
	(732, NULL, NULL, NULL, 1, NULL, NULL, NULL, NULL, NULL, 95, 8),
	(733, NULL, NULL, NULL, NULL, 3, NULL, NULL, NULL, NULL, 95, 23),
	(734, NULL, NULL, NULL, NULL, 7, NULL, NULL, NULL, NULL, 95, 24),
	(735, NULL, NULL, '773-variant-3-8', NULL, NULL, NULL, NULL, NULL, NULL, 96, 1),
	(736, 'en', 'default', '', NULL, NULL, NULL, NULL, NULL, NULL, 96, 2),
	(737, 'hu', 'default', '', NULL, NULL, NULL, NULL, NULL, NULL, 96, 2),
	(738, NULL, NULL, NULL, NULL, NULL, 0, NULL, NULL, NULL, 96, 11),
	(739, NULL, NULL, '0', NULL, NULL, NULL, NULL, NULL, NULL, 96, 22),
	(740, NULL, NULL, NULL, 1, NULL, NULL, NULL, NULL, NULL, 96, 8),
	(741, NULL, NULL, NULL, NULL, 3, NULL, NULL, NULL, NULL, 96, 23),
	(742, NULL, NULL, NULL, NULL, 8, NULL, NULL, NULL, NULL, 96, 24),
	(743, NULL, NULL, '773-variant-3-9', NULL, NULL, NULL, NULL, NULL, NULL, 97, 1),
	(744, 'en', 'default', '', NULL, NULL, NULL, NULL, NULL, NULL, 97, 2),
	(745, 'hu', 'default', '', NULL, NULL, NULL, NULL, NULL, NULL, 97, 2),
	(746, NULL, NULL, NULL, NULL, NULL, 0, NULL, NULL, NULL, 97, 11),
	(747, NULL, NULL, '0', NULL, NULL, NULL, NULL, NULL, NULL, 97, 22),
	(748, NULL, NULL, NULL, 1, NULL, NULL, NULL, NULL, NULL, 97, 8),
	(749, NULL, NULL, NULL, NULL, 3, NULL, NULL, NULL, NULL, 97, 23),
	(750, NULL, NULL, NULL, NULL, 9, NULL, NULL, NULL, NULL, 97, 24),
	(751, NULL, NULL, '773-variant-4-7', NULL, NULL, NULL, NULL, NULL, NULL, 98, 1),
	(752, 'en', 'default', '', NULL, NULL, NULL, NULL, NULL, NULL, 98, 2),
	(753, 'hu', 'default', '', NULL, NULL, NULL, NULL, NULL, NULL, 98, 2),
	(754, NULL, NULL, NULL, NULL, NULL, 0, NULL, NULL, NULL, 98, 11),
	(755, NULL, NULL, '0', NULL, NULL, NULL, NULL, NULL, NULL, 98, 22),
	(756, NULL, NULL, NULL, 1, NULL, NULL, NULL, NULL, NULL, 98, 8),
	(757, NULL, NULL, NULL, NULL, 4, NULL, NULL, NULL, NULL, 98, 23),
	(758, NULL, NULL, NULL, NULL, 7, NULL, NULL, NULL, NULL, 98, 24),
	(759, NULL, NULL, '773-variant-4-8', NULL, NULL, NULL, NULL, NULL, NULL, 99, 1),
	(760, 'en', 'default', '', NULL, NULL, NULL, NULL, NULL, NULL, 99, 2),
	(761, 'hu', 'default', '', NULL, NULL, NULL, NULL, NULL, NULL, 99, 2),
	(762, NULL, NULL, NULL, NULL, NULL, 0, NULL, NULL, NULL, 99, 11),
	(763, NULL, NULL, '0', NULL, NULL, NULL, NULL, NULL, NULL, 99, 22),
	(764, NULL, NULL, NULL, 1, NULL, NULL, NULL, NULL, NULL, 99, 8),
	(765, NULL, NULL, NULL, NULL, 4, NULL, NULL, NULL, NULL, 99, 23),
	(766, NULL, NULL, NULL, NULL, 8, NULL, NULL, NULL, NULL, 99, 24),
	(767, NULL, NULL, '773-variant-4-9', NULL, NULL, NULL, NULL, NULL, NULL, 100, 1),
	(768, 'en', 'default', '', NULL, NULL, NULL, NULL, NULL, NULL, 100, 2),
	(769, 'hu', 'default', '', NULL, NULL, NULL, NULL, NULL, NULL, 100, 2),
	(770, NULL, NULL, NULL, NULL, NULL, 0, NULL, NULL, NULL, 100, 11),
	(771, NULL, NULL, '0', NULL, NULL, NULL, NULL, NULL, NULL, 100, 22),
	(772, NULL, NULL, NULL, 1, NULL, NULL, NULL, NULL, NULL, 100, 8),
	(773, NULL, NULL, NULL, NULL, 4, NULL, NULL, NULL, NULL, 100, 23),
	(774, NULL, NULL, NULL, NULL, 9, NULL, NULL, NULL, NULL, 100, 24),
	(775, NULL, NULL, '773-variant-5-7', NULL, NULL, NULL, NULL, NULL, NULL, 101, 1),
	(776, 'en', 'default', '', NULL, NULL, NULL, NULL, NULL, NULL, 101, 2),
	(777, 'hu', 'default', '', NULL, NULL, NULL, NULL, NULL, NULL, 101, 2),
	(778, NULL, NULL, NULL, NULL, NULL, 0, NULL, NULL, NULL, 101, 11),
	(779, NULL, NULL, '0', NULL, NULL, NULL, NULL, NULL, NULL, 101, 22),
	(780, NULL, NULL, NULL, 1, NULL, NULL, NULL, NULL, NULL, 101, 8),
	(781, NULL, NULL, NULL, NULL, 5, NULL, NULL, NULL, NULL, 101, 23),
	(782, NULL, NULL, NULL, NULL, 7, NULL, NULL, NULL, NULL, 101, 24),
	(783, NULL, NULL, '773-variant-5-8', NULL, NULL, NULL, NULL, NULL, NULL, 102, 1),
	(784, 'en', 'default', '', NULL, NULL, NULL, NULL, NULL, NULL, 102, 2),
	(785, 'hu', 'default', '', NULL, NULL, NULL, NULL, NULL, NULL, 102, 2),
	(786, NULL, NULL, NULL, NULL, NULL, 0, NULL, NULL, NULL, 102, 11),
	(787, NULL, NULL, '0', NULL, NULL, NULL, NULL, NULL, NULL, 102, 22),
	(788, NULL, NULL, NULL, 1, NULL, NULL, NULL, NULL, NULL, 102, 8),
	(789, NULL, NULL, NULL, NULL, 5, NULL, NULL, NULL, NULL, 102, 23),
	(790, NULL, NULL, NULL, NULL, 8, NULL, NULL, NULL, NULL, 102, 24),
	(791, NULL, NULL, '773-variant-5-9', NULL, NULL, NULL, NULL, NULL, NULL, 103, 1),
	(792, 'en', 'default', '', NULL, NULL, NULL, NULL, NULL, NULL, 103, 2),
	(793, 'hu', 'default', '', NULL, NULL, NULL, NULL, NULL, NULL, 103, 2),
	(794, NULL, NULL, NULL, NULL, NULL, 0, NULL, NULL, NULL, 103, 11),
	(795, NULL, NULL, '0', NULL, NULL, NULL, NULL, NULL, NULL, 103, 22),
	(796, NULL, NULL, NULL, 1, NULL, NULL, NULL, NULL, NULL, 103, 8),
	(797, NULL, NULL, NULL, NULL, 5, NULL, NULL, NULL, NULL, 103, 23),
	(798, NULL, NULL, NULL, NULL, 9, NULL, NULL, NULL, NULL, 103, 24),
	(799, NULL, NULL, NULL, 1, NULL, NULL, NULL, NULL, NULL, 104, 8),
	(800, NULL, NULL, '64-variant-1-6', NULL, NULL, NULL, NULL, NULL, NULL, 105, 1),
	(801, 'en', 'default', '', NULL, NULL, NULL, NULL, NULL, NULL, 105, 2),
	(802, 'hu', 'default', '', NULL, NULL, NULL, NULL, NULL, NULL, 105, 2),
	(803, NULL, NULL, NULL, NULL, NULL, 0, NULL, NULL, NULL, 105, 11),
	(804, NULL, NULL, '0', NULL, NULL, NULL, NULL, NULL, NULL, 105, 22),
	(805, NULL, NULL, NULL, 1, NULL, NULL, NULL, NULL, NULL, 105, 8),
	(806, NULL, NULL, NULL, NULL, 1, NULL, NULL, NULL, NULL, 105, 23),
	(807, NULL, NULL, NULL, NULL, 6, NULL, NULL, NULL, NULL, 105, 24),
	(808, NULL, NULL, '64-variant-2-6', NULL, NULL, NULL, NULL, NULL, NULL, 106, 1),
	(809, 'en', 'default', '', NULL, NULL, NULL, NULL, NULL, NULL, 106, 2),
	(810, 'hu', 'default', '', NULL, NULL, NULL, NULL, NULL, NULL, 106, 2),
	(811, NULL, NULL, NULL, NULL, NULL, 0, NULL, NULL, NULL, 106, 11),
	(812, NULL, NULL, '0', NULL, NULL, NULL, NULL, NULL, NULL, 106, 22),
	(813, NULL, NULL, NULL, 1, NULL, NULL, NULL, NULL, NULL, 106, 8),
	(814, NULL, NULL, NULL, NULL, 2, NULL, NULL, NULL, NULL, 106, 23),
	(815, NULL, NULL, NULL, NULL, 6, NULL, NULL, NULL, NULL, 106, 24),
	(816, NULL, NULL, '64-variant-3-6', NULL, NULL, NULL, NULL, NULL, NULL, 107, 1),
	(817, 'en', 'default', '', NULL, NULL, NULL, NULL, NULL, NULL, 107, 2),
	(818, 'hu', 'default', '', NULL, NULL, NULL, NULL, NULL, NULL, 107, 2),
	(819, NULL, NULL, NULL, NULL, NULL, 0, NULL, NULL, NULL, 107, 11),
	(820, NULL, NULL, '0', NULL, NULL, NULL, NULL, NULL, NULL, 107, 22),
	(821, NULL, NULL, NULL, 1, NULL, NULL, NULL, NULL, NULL, 107, 8),
	(822, NULL, NULL, NULL, NULL, 3, NULL, NULL, NULL, NULL, 107, 23),
	(823, NULL, NULL, NULL, NULL, 6, NULL, NULL, NULL, NULL, 107, 24),
	(824, NULL, NULL, '64-variant-4-6', NULL, NULL, NULL, NULL, NULL, NULL, 108, 1),
	(825, 'en', 'default', '', NULL, NULL, NULL, NULL, NULL, NULL, 108, 2),
	(826, 'hu', 'default', '', NULL, NULL, NULL, NULL, NULL, NULL, 108, 2),
	(827, NULL, NULL, NULL, NULL, NULL, 0, NULL, NULL, NULL, 108, 11),
	(828, NULL, NULL, '0', NULL, NULL, NULL, NULL, NULL, NULL, 108, 22),
	(829, NULL, NULL, NULL, 1, NULL, NULL, NULL, NULL, NULL, 108, 8),
	(830, NULL, NULL, NULL, NULL, 4, NULL, NULL, NULL, NULL, 108, 23),
	(831, NULL, NULL, NULL, NULL, 6, NULL, NULL, NULL, NULL, 108, 24),
	(832, NULL, NULL, '64-variant-5-6', NULL, NULL, NULL, NULL, NULL, NULL, 109, 1),
	(833, 'en', 'default', '', NULL, NULL, NULL, NULL, NULL, NULL, 109, 2),
	(834, 'hu', 'default', '', NULL, NULL, NULL, NULL, NULL, NULL, 109, 2),
	(835, NULL, NULL, NULL, NULL, NULL, 0, NULL, NULL, NULL, 109, 11),
	(836, NULL, NULL, '0', NULL, NULL, NULL, NULL, NULL, NULL, 109, 22),
	(837, NULL, NULL, NULL, 1, NULL, NULL, NULL, NULL, NULL, 109, 8),
	(838, NULL, NULL, NULL, NULL, 5, NULL, NULL, NULL, NULL, 109, 23),
	(839, NULL, NULL, NULL, NULL, 6, NULL, NULL, NULL, NULL, 109, 24),
	(840, NULL, NULL, '64-variant-1-7', NULL, NULL, NULL, NULL, NULL, NULL, 110, 1),
	(841, 'en', 'default', '', NULL, NULL, NULL, NULL, NULL, NULL, 110, 2),
	(842, 'hu', 'default', '', NULL, NULL, NULL, NULL, NULL, NULL, 110, 2),
	(843, NULL, NULL, NULL, NULL, NULL, 0, NULL, NULL, NULL, 110, 11),
	(844, NULL, NULL, '0', NULL, NULL, NULL, NULL, NULL, NULL, 110, 22),
	(845, NULL, NULL, NULL, 1, NULL, NULL, NULL, NULL, NULL, 110, 8),
	(846, NULL, NULL, NULL, NULL, 1, NULL, NULL, NULL, NULL, 110, 23),
	(847, NULL, NULL, NULL, NULL, 7, NULL, NULL, NULL, NULL, 110, 24),
	(848, NULL, NULL, '64-variant-1-8', NULL, NULL, NULL, NULL, NULL, NULL, 111, 1),
	(849, 'en', 'default', '', NULL, NULL, NULL, NULL, NULL, NULL, 111, 2),
	(850, 'hu', 'default', '', NULL, NULL, NULL, NULL, NULL, NULL, 111, 2),
	(851, NULL, NULL, NULL, NULL, NULL, 0, NULL, NULL, NULL, 111, 11),
	(852, NULL, NULL, '0', NULL, NULL, NULL, NULL, NULL, NULL, 111, 22),
	(853, NULL, NULL, NULL, 1, NULL, NULL, NULL, NULL, NULL, 111, 8),
	(854, NULL, NULL, NULL, NULL, 1, NULL, NULL, NULL, NULL, 111, 23),
	(855, NULL, NULL, NULL, NULL, 8, NULL, NULL, NULL, NULL, 111, 24),
	(856, NULL, NULL, '64-variant-1-9', NULL, NULL, NULL, NULL, NULL, NULL, 112, 1),
	(857, 'en', 'default', '', NULL, NULL, NULL, NULL, NULL, NULL, 112, 2),
	(858, 'hu', 'default', '', NULL, NULL, NULL, NULL, NULL, NULL, 112, 2),
	(859, NULL, NULL, NULL, NULL, NULL, 0, NULL, NULL, NULL, 112, 11),
	(860, NULL, NULL, '0', NULL, NULL, NULL, NULL, NULL, NULL, 112, 22),
	(861, NULL, NULL, NULL, 1, NULL, NULL, NULL, NULL, NULL, 112, 8),
	(862, NULL, NULL, NULL, NULL, 1, NULL, NULL, NULL, NULL, 112, 23),
	(863, NULL, NULL, NULL, NULL, 9, NULL, NULL, NULL, NULL, 112, 24),
	(864, NULL, NULL, '64-variant-2-7', NULL, NULL, NULL, NULL, NULL, NULL, 113, 1),
	(865, 'en', 'default', '', NULL, NULL, NULL, NULL, NULL, NULL, 113, 2),
	(866, 'hu', 'default', '', NULL, NULL, NULL, NULL, NULL, NULL, 113, 2),
	(867, NULL, NULL, NULL, NULL, NULL, 0, NULL, NULL, NULL, 113, 11),
	(868, NULL, NULL, '0', NULL, NULL, NULL, NULL, NULL, NULL, 113, 22),
	(869, NULL, NULL, NULL, 1, NULL, NULL, NULL, NULL, NULL, 113, 8),
	(870, NULL, NULL, NULL, NULL, 2, NULL, NULL, NULL, NULL, 113, 23),
	(871, NULL, NULL, NULL, NULL, 7, NULL, NULL, NULL, NULL, 113, 24),
	(872, NULL, NULL, '64-variant-2-8', NULL, NULL, NULL, NULL, NULL, NULL, 114, 1),
	(873, 'en', 'default', '', NULL, NULL, NULL, NULL, NULL, NULL, 114, 2),
	(874, 'hu', 'default', '', NULL, NULL, NULL, NULL, NULL, NULL, 114, 2),
	(875, NULL, NULL, NULL, NULL, NULL, 0, NULL, NULL, NULL, 114, 11),
	(876, NULL, NULL, '0', NULL, NULL, NULL, NULL, NULL, NULL, 114, 22),
	(877, NULL, NULL, NULL, 1, NULL, NULL, NULL, NULL, NULL, 114, 8),
	(878, NULL, NULL, NULL, NULL, 2, NULL, NULL, NULL, NULL, 114, 23),
	(879, NULL, NULL, NULL, NULL, 8, NULL, NULL, NULL, NULL, 114, 24),
	(880, NULL, NULL, '64-variant-2-9', NULL, NULL, NULL, NULL, NULL, NULL, 115, 1),
	(881, 'en', 'default', '', NULL, NULL, NULL, NULL, NULL, NULL, 115, 2),
	(882, 'hu', 'default', '', NULL, NULL, NULL, NULL, NULL, NULL, 115, 2),
	(883, NULL, NULL, NULL, NULL, NULL, 0, NULL, NULL, NULL, 115, 11),
	(884, NULL, NULL, '0', NULL, NULL, NULL, NULL, NULL, NULL, 115, 22),
	(885, NULL, NULL, NULL, 1, NULL, NULL, NULL, NULL, NULL, 115, 8),
	(886, NULL, NULL, NULL, NULL, 2, NULL, NULL, NULL, NULL, 115, 23),
	(887, NULL, NULL, NULL, NULL, 9, NULL, NULL, NULL, NULL, 115, 24),
	(888, NULL, NULL, '64-variant-3-7', NULL, NULL, NULL, NULL, NULL, NULL, 116, 1),
	(889, 'en', 'default', '', NULL, NULL, NULL, NULL, NULL, NULL, 116, 2),
	(890, 'hu', 'default', '', NULL, NULL, NULL, NULL, NULL, NULL, 116, 2),
	(891, NULL, NULL, NULL, NULL, NULL, 0, NULL, NULL, NULL, 116, 11),
	(892, NULL, NULL, '0', NULL, NULL, NULL, NULL, NULL, NULL, 116, 22),
	(893, NULL, NULL, NULL, 1, NULL, NULL, NULL, NULL, NULL, 116, 8),
	(894, NULL, NULL, NULL, NULL, 3, NULL, NULL, NULL, NULL, 116, 23),
	(895, NULL, NULL, NULL, NULL, 7, NULL, NULL, NULL, NULL, 116, 24),
	(896, NULL, NULL, '64-variant-3-8', NULL, NULL, NULL, NULL, NULL, NULL, 117, 1),
	(897, 'en', 'default', '', NULL, NULL, NULL, NULL, NULL, NULL, 117, 2),
	(898, 'hu', 'default', '', NULL, NULL, NULL, NULL, NULL, NULL, 117, 2),
	(899, NULL, NULL, NULL, NULL, NULL, 0, NULL, NULL, NULL, 117, 11),
	(900, NULL, NULL, '0', NULL, NULL, NULL, NULL, NULL, NULL, 117, 22),
	(901, NULL, NULL, NULL, 1, NULL, NULL, NULL, NULL, NULL, 117, 8),
	(902, NULL, NULL, NULL, NULL, 3, NULL, NULL, NULL, NULL, 117, 23),
	(903, NULL, NULL, NULL, NULL, 8, NULL, NULL, NULL, NULL, 117, 24),
	(904, NULL, NULL, '64-variant-3-9', NULL, NULL, NULL, NULL, NULL, NULL, 118, 1),
	(905, 'en', 'default', '', NULL, NULL, NULL, NULL, NULL, NULL, 118, 2),
	(906, 'hu', 'default', '', NULL, NULL, NULL, NULL, NULL, NULL, 118, 2),
	(907, NULL, NULL, NULL, NULL, NULL, 0, NULL, NULL, NULL, 118, 11),
	(908, NULL, NULL, '0', NULL, NULL, NULL, NULL, NULL, NULL, 118, 22),
	(909, NULL, NULL, NULL, 1, NULL, NULL, NULL, NULL, NULL, 118, 8),
	(910, NULL, NULL, NULL, NULL, 3, NULL, NULL, NULL, NULL, 118, 23),
	(911, NULL, NULL, NULL, NULL, 9, NULL, NULL, NULL, NULL, 118, 24),
	(912, NULL, NULL, '64-variant-4-7', NULL, NULL, NULL, NULL, NULL, NULL, 119, 1),
	(913, 'en', 'default', '', NULL, NULL, NULL, NULL, NULL, NULL, 119, 2),
	(914, 'hu', 'default', '', NULL, NULL, NULL, NULL, NULL, NULL, 119, 2),
	(915, NULL, NULL, NULL, NULL, NULL, 0, NULL, NULL, NULL, 119, 11),
	(916, NULL, NULL, '0', NULL, NULL, NULL, NULL, NULL, NULL, 119, 22),
	(917, NULL, NULL, NULL, 1, NULL, NULL, NULL, NULL, NULL, 119, 8),
	(918, NULL, NULL, NULL, NULL, 4, NULL, NULL, NULL, NULL, 119, 23),
	(919, NULL, NULL, NULL, NULL, 7, NULL, NULL, NULL, NULL, 119, 24),
	(920, NULL, NULL, '64-variant-4-8', NULL, NULL, NULL, NULL, NULL, NULL, 120, 1),
	(921, 'en', 'default', '', NULL, NULL, NULL, NULL, NULL, NULL, 120, 2),
	(922, 'hu', 'default', '', NULL, NULL, NULL, NULL, NULL, NULL, 120, 2),
	(923, NULL, NULL, NULL, NULL, NULL, 0, NULL, NULL, NULL, 120, 11),
	(924, NULL, NULL, '0', NULL, NULL, NULL, NULL, NULL, NULL, 120, 22),
	(925, NULL, NULL, NULL, 1, NULL, NULL, NULL, NULL, NULL, 120, 8),
	(926, NULL, NULL, NULL, NULL, 4, NULL, NULL, NULL, NULL, 120, 23),
	(927, NULL, NULL, NULL, NULL, 8, NULL, NULL, NULL, NULL, 120, 24),
	(928, NULL, NULL, '64-variant-4-9', NULL, NULL, NULL, NULL, NULL, NULL, 121, 1),
	(929, 'en', 'default', '', NULL, NULL, NULL, NULL, NULL, NULL, 121, 2),
	(930, 'hu', 'default', '', NULL, NULL, NULL, NULL, NULL, NULL, 121, 2),
	(931, NULL, NULL, NULL, NULL, NULL, 0, NULL, NULL, NULL, 121, 11),
	(932, NULL, NULL, '0', NULL, NULL, NULL, NULL, NULL, NULL, 121, 22),
	(933, NULL, NULL, NULL, 1, NULL, NULL, NULL, NULL, NULL, 121, 8),
	(934, NULL, NULL, NULL, NULL, 4, NULL, NULL, NULL, NULL, 121, 23),
	(935, NULL, NULL, NULL, NULL, 9, NULL, NULL, NULL, NULL, 121, 24),
	(936, NULL, NULL, '64-variant-5-7', NULL, NULL, NULL, NULL, NULL, NULL, 122, 1),
	(937, 'en', 'default', '', NULL, NULL, NULL, NULL, NULL, NULL, 122, 2),
	(938, 'hu', 'default', '', NULL, NULL, NULL, NULL, NULL, NULL, 122, 2),
	(939, NULL, NULL, NULL, NULL, NULL, 0, NULL, NULL, NULL, 122, 11),
	(940, NULL, NULL, '0', NULL, NULL, NULL, NULL, NULL, NULL, 122, 22),
	(941, NULL, NULL, NULL, 1, NULL, NULL, NULL, NULL, NULL, 122, 8),
	(942, NULL, NULL, NULL, NULL, 5, NULL, NULL, NULL, NULL, 122, 23),
	(943, NULL, NULL, NULL, NULL, 7, NULL, NULL, NULL, NULL, 122, 24),
	(944, NULL, NULL, '64-variant-5-8', NULL, NULL, NULL, NULL, NULL, NULL, 123, 1),
	(945, 'en', 'default', '', NULL, NULL, NULL, NULL, NULL, NULL, 123, 2),
	(946, 'hu', 'default', '', NULL, NULL, NULL, NULL, NULL, NULL, 123, 2),
	(947, NULL, NULL, NULL, NULL, NULL, 0, NULL, NULL, NULL, 123, 11),
	(948, NULL, NULL, '0', NULL, NULL, NULL, NULL, NULL, NULL, 123, 22),
	(949, NULL, NULL, NULL, 1, NULL, NULL, NULL, NULL, NULL, 123, 8),
	(950, NULL, NULL, NULL, NULL, 5, NULL, NULL, NULL, NULL, 123, 23),
	(951, NULL, NULL, NULL, NULL, 8, NULL, NULL, NULL, NULL, 123, 24),
	(952, NULL, NULL, '64-variant-5-9', NULL, NULL, NULL, NULL, NULL, NULL, 124, 1),
	(953, 'en', 'default', '', NULL, NULL, NULL, NULL, NULL, NULL, 124, 2),
	(954, 'hu', 'default', '', NULL, NULL, NULL, NULL, NULL, NULL, 124, 2),
	(955, NULL, NULL, NULL, NULL, NULL, 0, NULL, NULL, NULL, 124, 11),
	(956, NULL, NULL, '0', NULL, NULL, NULL, NULL, NULL, NULL, 124, 22),
	(957, NULL, NULL, NULL, 1, NULL, NULL, NULL, NULL, NULL, 124, 8),
	(958, NULL, NULL, NULL, NULL, 5, NULL, NULL, NULL, NULL, 124, 23),
	(959, NULL, NULL, NULL, NULL, 9, NULL, NULL, NULL, NULL, 124, 24),
	(1789, NULL, NULL, NULL, 1, NULL, NULL, NULL, NULL, NULL, 217, 8),
	(1790, NULL, NULL, '787-variant-10', NULL, NULL, NULL, NULL, NULL, NULL, 218, 1),
	(1791, 'en', 'default', 'weightcoffee', NULL, NULL, NULL, NULL, NULL, NULL, 218, 2),
	(1792, 'hu', 'default', 'kávé250g', NULL, NULL, NULL, NULL, NULL, NULL, 218, 2),
	(1793, NULL, NULL, NULL, NULL, NULL, 25, NULL, NULL, NULL, 218, 11),
	(1794, NULL, NULL, '25', NULL, NULL, NULL, NULL, NULL, NULL, 218, 22),
	(1795, NULL, NULL, NULL, 1, NULL, NULL, NULL, NULL, NULL, 218, 8),
	(1796, NULL, NULL, NULL, NULL, 10, NULL, NULL, NULL, NULL, 218, 32),
	(1797, NULL, NULL, '787-variant-11', NULL, NULL, NULL, NULL, NULL, NULL, 219, 1),
	(1798, 'en', 'default', 'weightcoffee', NULL, NULL, NULL, NULL, NULL, NULL, 219, 2),
	(1799, 'hu', 'default', 'kávé500g', NULL, NULL, NULL, NULL, NULL, NULL, 219, 2),
	(1800, NULL, NULL, NULL, NULL, NULL, 50, NULL, NULL, NULL, 219, 11),
	(1801, NULL, NULL, '50', NULL, NULL, NULL, NULL, NULL, NULL, 219, 22),
	(1802, NULL, NULL, NULL, 1, NULL, NULL, NULL, NULL, NULL, 219, 8),
	(1803, NULL, NULL, NULL, NULL, 11, NULL, NULL, NULL, NULL, 219, 32),
	(1804, NULL, NULL, '787-variant-12', NULL, NULL, NULL, NULL, NULL, NULL, 220, 1),
	(1805, 'en', 'default', 'weightcoffee', NULL, NULL, NULL, NULL, NULL, NULL, 220, 2),
	(1806, 'hu', 'default', 'kávé1000g', NULL, NULL, NULL, NULL, NULL, NULL, 220, 2),
	(1807, NULL, NULL, NULL, NULL, NULL, 100, NULL, NULL, NULL, 220, 11),
	(1808, NULL, NULL, '100', NULL, NULL, NULL, NULL, NULL, NULL, 220, 22),
	(1809, NULL, NULL, NULL, 1, NULL, NULL, NULL, NULL, NULL, 220, 8),
	(1810, NULL, NULL, NULL, NULL, 12, NULL, NULL, NULL, NULL, 220, 32),
	(1811, 'en', 'default', '<p>weightcoffeeweightcoffeeweightcoffeeweightcoffee</p>', NULL, NULL, NULL, NULL, NULL, NULL, 217, 9),
	(1812, 'en', 'default', '<p>weightcoffeeweightcoffeeweightcoffeeweightcoffeeweightcoffeeweightcoffeeweightcoffee</p>', NULL, NULL, NULL, NULL, NULL, NULL, 217, 10),
	(1813, NULL, NULL, '787', NULL, NULL, NULL, NULL, NULL, NULL, 217, 1),
	(1814, 'en', 'default', 'Weight Coffee Dima', NULL, NULL, NULL, NULL, NULL, NULL, 217, 2),
	(1815, NULL, NULL, 'weightcoffee', NULL, NULL, NULL, NULL, NULL, NULL, 217, 3),
	(1816, NULL, 'default', NULL, NULL, 0, NULL, NULL, NULL, NULL, 217, 4),
	(1817, NULL, NULL, NULL, 0, NULL, NULL, NULL, NULL, NULL, 217, 5),
	(1818, NULL, NULL, NULL, 0, NULL, NULL, NULL, NULL, NULL, 217, 6),
	(1819, NULL, NULL, NULL, 0, NULL, NULL, NULL, NULL, NULL, 217, 7),
	(1820, NULL, NULL, NULL, NULL, 1, NULL, NULL, NULL, NULL, 217, 23),
	(1821, NULL, NULL, NULL, NULL, 6, NULL, NULL, NULL, NULL, 217, 24),
	(1822, 'en', 'default', 'weightcoffee', NULL, NULL, NULL, NULL, NULL, NULL, 217, 16),
	(1823, 'en', 'default', 'weightcoffee', NULL, NULL, NULL, NULL, NULL, NULL, 217, 17),
	(1824, 'en', 'default', 'weightcoffee', NULL, NULL, NULL, NULL, NULL, NULL, 217, 26),
	(1825, NULL, NULL, '20', NULL, NULL, NULL, NULL, NULL, NULL, 217, 27),
	(1826, 'hu', 'default', '<p>s&uacute;ly k&aacute;v&eacute;s&uacute;ly k&aacute;v&eacute;s&uacute;ly k&aacute;v&eacute;s&uacute;ly k&aacute;v&eacute;s&uacute;ly k&aacute;v&eacute;s&uacute;ly k&aacute;v&eacute;</p>', NULL, NULL, NULL, NULL, NULL, NULL, 217, 9),
	(1827, 'hu', 'default', '<p>s&uacute;ly k&aacute;v&eacute;s&uacute;ly k&aacute;v&eacute;s&uacute;ly k&aacute;v&eacute;s&uacute;ly k&aacute;v&eacute;s&uacute;ly k&aacute;v&eacute;s&uacute;ly k&aacute;v&eacute;s&uacute;ly k&aacute;v&eacute;s&uacute;ly k&aacute;v&eacute;s&uacute;ly k&aacute;v&eacute;s&uacute;ly k&aacute;v&eacute;s&uacute;ly k&aacute;v&eacute;s&uacute;ly k&aacute;v&eacute;s&uacute;ly k&aacute;v&eacute;</p>', NULL, NULL, NULL, NULL, NULL, NULL, 217, 10),
	(1828, 'hu', 'default', 'súly kávé', NULL, NULL, NULL, NULL, NULL, NULL, 217, 2),
	(1829, 'hu', 'default', 'súly kávé', NULL, NULL, NULL, NULL, NULL, NULL, 217, 16),
	(1830, 'hu', 'default', 'súly kávé', NULL, NULL, NULL, NULL, NULL, NULL, 217, 17),
	(1831, 'hu', 'default', 'súly kávé', NULL, NULL, NULL, NULL, NULL, NULL, 217, 26),
	(1838, NULL, NULL, NULL, 1, NULL, NULL, NULL, NULL, NULL, 221, 8),
	(1839, NULL, NULL, '888-variant-10', NULL, NULL, NULL, NULL, NULL, NULL, 222, 1),
	(1840, 'en', 'default', 'Our own 250g', NULL, NULL, NULL, NULL, NULL, NULL, 222, 2),
	(1841, 'hu', 'default', '', NULL, NULL, NULL, NULL, NULL, NULL, 222, 2),
	(1842, NULL, NULL, NULL, NULL, NULL, 250, NULL, NULL, NULL, 222, 11),
	(1843, NULL, NULL, '250', NULL, NULL, NULL, NULL, NULL, NULL, 222, 22),
	(1844, NULL, NULL, NULL, 1, NULL, NULL, NULL, NULL, NULL, 222, 8),
	(1845, NULL, NULL, NULL, NULL, 10, NULL, NULL, NULL, NULL, 222, 32),
	(1846, NULL, NULL, '888-variant-11', NULL, NULL, NULL, NULL, NULL, NULL, 223, 1),
	(1847, 'en', 'default', 'Our own 500g', NULL, NULL, NULL, NULL, NULL, NULL, 223, 2),
	(1848, 'hu', 'default', '', NULL, NULL, NULL, NULL, NULL, NULL, 223, 2),
	(1849, NULL, NULL, NULL, NULL, NULL, 500, NULL, NULL, NULL, 223, 11),
	(1850, NULL, NULL, '500', NULL, NULL, NULL, NULL, NULL, NULL, 223, 22),
	(1851, NULL, NULL, NULL, 1, NULL, NULL, NULL, NULL, NULL, 223, 8),
	(1852, NULL, NULL, NULL, NULL, 11, NULL, NULL, NULL, NULL, 223, 32),
	(1853, NULL, NULL, '888-variant-12', NULL, NULL, NULL, NULL, NULL, NULL, 224, 1),
	(1854, 'en', 'default', 'Our own 1000g', NULL, NULL, NULL, NULL, NULL, NULL, 224, 2),
	(1855, 'hu', 'default', '', NULL, NULL, NULL, NULL, NULL, NULL, 224, 2),
	(1856, NULL, NULL, NULL, NULL, NULL, 1000, NULL, NULL, NULL, 224, 11),
	(1857, NULL, NULL, '1000', NULL, NULL, NULL, NULL, NULL, NULL, 224, 22),
	(1858, NULL, NULL, NULL, 1, NULL, NULL, NULL, NULL, NULL, 224, 8),
	(1859, NULL, NULL, NULL, NULL, 12, NULL, NULL, NULL, NULL, 224, 32),
	(1860, 'en', 'default', '<p>Blue Bird Blend &ndash; Our own selected Blend</p>', NULL, NULL, NULL, NULL, NULL, NULL, 221, 9),
	(1861, 'en', 'default', '<p>Blue Bird Blend &ndash; Our own selected Blend<br />Blue Bird Blend &ndash; Our own selected Blend<br />Blue Bird Blend &ndash; Our own selected Blend</p>', NULL, NULL, NULL, NULL, NULL, NULL, 221, 10),
	(1862, NULL, NULL, '888', NULL, NULL, NULL, NULL, NULL, NULL, 221, 1),
	(1863, 'en', 'default', 'Blue Bird Blend – Our own selected Blend', NULL, NULL, NULL, NULL, NULL, NULL, 221, 2),
	(1864, NULL, NULL, 'blue-bird-blend-our-own-selected-blend', NULL, NULL, NULL, NULL, NULL, NULL, 221, 3),
	(1865, NULL, 'default', NULL, NULL, 0, NULL, NULL, NULL, NULL, 221, 4),
	(1866, NULL, NULL, NULL, 0, NULL, NULL, NULL, NULL, NULL, 221, 5),
	(1867, NULL, NULL, NULL, 0, NULL, NULL, NULL, NULL, NULL, 221, 6),
	(1868, NULL, NULL, NULL, 0, NULL, NULL, NULL, NULL, NULL, 221, 7),
	(1869, NULL, NULL, NULL, NULL, 1, NULL, NULL, NULL, NULL, 221, 23),
	(1870, NULL, NULL, NULL, NULL, 6, NULL, NULL, NULL, NULL, 221, 24),
	(1871, 'en', 'default', 'Blue Bird Blend – Our own selected Blend', NULL, NULL, NULL, NULL, NULL, NULL, 221, 16),
	(1872, 'en', 'default', 'Blue Bird Blend – Our own selected Blend', NULL, NULL, NULL, NULL, NULL, NULL, 221, 17),
	(1873, 'en', 'default', 'Blue Bird Blend – Our own selected Blend', NULL, NULL, NULL, NULL, NULL, NULL, 221, 26),
	(1874, NULL, NULL, '43', NULL, NULL, NULL, NULL, NULL, NULL, 221, 27),
	(1875, NULL, NULL, NULL, 1, NULL, NULL, NULL, NULL, NULL, 225, 8),
	(1876, NULL, NULL, '999-variant-10', NULL, NULL, NULL, NULL, NULL, NULL, 226, 1),
	(1877, 'en', 'default', '250g', NULL, NULL, NULL, NULL, NULL, NULL, 226, 2),
	(1878, 'hu', 'default', '', NULL, NULL, NULL, NULL, NULL, NULL, 226, 2),
	(1879, NULL, NULL, NULL, NULL, NULL, 50, NULL, NULL, NULL, 226, 11),
	(1880, NULL, NULL, '250', NULL, NULL, NULL, NULL, NULL, NULL, 226, 22),
	(1881, NULL, NULL, NULL, 1, NULL, NULL, NULL, NULL, NULL, 226, 8),
	(1882, NULL, NULL, NULL, NULL, 10, NULL, NULL, NULL, NULL, 226, 32),
	(1883, NULL, NULL, '999-variant-11', NULL, NULL, NULL, NULL, NULL, NULL, 227, 1),
	(1884, 'en', 'default', '500g', NULL, NULL, NULL, NULL, NULL, NULL, 227, 2),
	(1885, 'hu', 'default', '', NULL, NULL, NULL, NULL, NULL, NULL, 227, 2),
	(1886, NULL, NULL, NULL, NULL, NULL, 100, NULL, NULL, NULL, 227, 11),
	(1887, NULL, NULL, '500', NULL, NULL, NULL, NULL, NULL, NULL, 227, 22),
	(1888, NULL, NULL, NULL, 1, NULL, NULL, NULL, NULL, NULL, 227, 8),
	(1889, NULL, NULL, NULL, NULL, 11, NULL, NULL, NULL, NULL, 227, 32),
	(1890, NULL, NULL, '999-variant-12', NULL, NULL, NULL, NULL, NULL, NULL, 228, 1),
	(1891, 'en', 'default', '1000g', NULL, NULL, NULL, NULL, NULL, NULL, 228, 2),
	(1892, 'hu', 'default', '', NULL, NULL, NULL, NULL, NULL, NULL, 228, 2),
	(1893, NULL, NULL, NULL, NULL, NULL, 150, NULL, NULL, NULL, 228, 11),
	(1894, NULL, NULL, '100', NULL, NULL, NULL, NULL, NULL, NULL, 228, 22),
	(1895, NULL, NULL, NULL, 1, NULL, NULL, NULL, NULL, NULL, 228, 8),
	(1896, NULL, NULL, NULL, NULL, 12, NULL, NULL, NULL, NULL, 228, 32),
	(1897, 'en', 'default', '<p>Blue Bird Blend &ndash; Our own selected Blend Yellow</p>', NULL, NULL, NULL, NULL, NULL, NULL, 225, 9),
	(1898, 'en', 'default', '<p>Blue Bird Blend &ndash; Our own selected Blend Yellow<br />Blue Bird Blend &ndash; Our own selected Blend Yellow<br />Blue Bird Blend &ndash; Our own selected Blend Yellow</p>', NULL, NULL, NULL, NULL, NULL, NULL, 225, 10),
	(1899, NULL, NULL, '999', NULL, NULL, NULL, NULL, NULL, NULL, 225, 1),
	(1900, 'en', 'default', 'Blue Bird Blend – Our own selected Blend Yellow', NULL, NULL, NULL, NULL, NULL, NULL, 225, 2),
	(1901, NULL, NULL, 'blue-bird-blend-our-own-selected-blend-yellow', NULL, NULL, NULL, NULL, NULL, NULL, 225, 3),
	(1902, NULL, 'default', NULL, NULL, 0, NULL, NULL, NULL, NULL, 225, 4),
	(1903, NULL, NULL, NULL, 0, NULL, NULL, NULL, NULL, NULL, 225, 5),
	(1904, NULL, NULL, NULL, 0, NULL, NULL, NULL, NULL, NULL, 225, 6),
	(1905, NULL, NULL, NULL, 0, NULL, NULL, NULL, NULL, NULL, 225, 7),
	(1906, NULL, NULL, NULL, NULL, 1, NULL, NULL, NULL, NULL, 225, 23),
	(1907, NULL, NULL, NULL, NULL, 6, NULL, NULL, NULL, NULL, 225, 24),
	(1908, 'en', 'default', 'Blue Bird Blend – Our own selected Blend Yellow', NULL, NULL, NULL, NULL, NULL, NULL, 225, 16),
	(1909, 'en', 'default', 'Blue Bird Blend – Our own selected Blend Yellow', NULL, NULL, NULL, NULL, NULL, NULL, 225, 17),
	(1910, 'en', 'default', 'Blue Bird Blend – Our own selected Blend Yellow', NULL, NULL, NULL, NULL, NULL, NULL, 225, 26),
	(1911, NULL, NULL, '34', NULL, NULL, NULL, NULL, NULL, NULL, 225, 27),
	(1912, NULL, NULL, NULL, 1, NULL, NULL, NULL, NULL, NULL, 229, 8),
	(1913, 'en', 'default', '<p>4x250g Coffee beans</p>', NULL, NULL, NULL, NULL, NULL, NULL, 229, 9),
	(1914, 'en', 'default', '<p>4x250g Coffee beans</p>', NULL, NULL, NULL, NULL, NULL, NULL, 229, 10),
	(1915, NULL, NULL, '990', NULL, NULL, NULL, NULL, NULL, NULL, 229, 1),
	(1916, 'en', 'default', '4x250g Coffee beans', NULL, NULL, NULL, NULL, NULL, NULL, 229, 2),
	(1917, NULL, NULL, '4x250g-coffee-beans', NULL, NULL, NULL, NULL, NULL, NULL, 229, 3),
	(1918, NULL, 'default', NULL, NULL, 0, NULL, NULL, NULL, NULL, 229, 4),
	(1919, NULL, NULL, NULL, 0, NULL, NULL, NULL, NULL, NULL, 229, 5),
	(1920, NULL, NULL, NULL, 0, NULL, NULL, NULL, NULL, NULL, 229, 6),
	(1921, NULL, NULL, NULL, 0, NULL, NULL, NULL, NULL, NULL, 229, 7),
	(1922, NULL, NULL, NULL, NULL, 1, NULL, NULL, NULL, NULL, 229, 23),
	(1923, NULL, NULL, NULL, NULL, 7, NULL, NULL, NULL, NULL, 229, 24),
	(1924, NULL, NULL, NULL, NULL, 12, NULL, NULL, NULL, NULL, 229, 32),
	(1925, 'en', 'default', '4x250g Coffee beans', NULL, NULL, NULL, NULL, NULL, NULL, 229, 16),
	(1926, 'en', 'default', '4x250g Coffee beans', NULL, NULL, NULL, NULL, NULL, NULL, 229, 17),
	(1927, 'en', 'default', '4x250g Coffee beans', NULL, NULL, NULL, NULL, NULL, NULL, 229, 26),
	(1928, NULL, NULL, NULL, NULL, NULL, 9150, NULL, NULL, NULL, 229, 11),
	(1929, NULL, NULL, NULL, NULL, NULL, 0, NULL, NULL, NULL, 229, 13),
	(1930, NULL, NULL, '1000', NULL, NULL, NULL, NULL, NULL, NULL, 229, 22),
	(1931, NULL, NULL, '10', NULL, NULL, NULL, NULL, NULL, NULL, 229, 27),
	(1932, NULL, NULL, '20', NULL, NULL, NULL, NULL, NULL, NULL, 229, 28),
	(1933, NULL, NULL, '40', NULL, NULL, NULL, NULL, NULL, NULL, 229, 29),
	(1934, NULL, NULL, NULL, 1, NULL, NULL, NULL, NULL, NULL, 230, 8),
	(1935, 'en', 'default', '<p>Home 10 capsules</p>', NULL, NULL, NULL, NULL, NULL, NULL, 230, 9),
	(1936, 'en', 'default', '<p>Home 10 capsules</p>', NULL, NULL, NULL, NULL, NULL, NULL, 230, 10),
	(1937, NULL, NULL, '785', NULL, NULL, NULL, NULL, NULL, NULL, 230, 1),
	(1938, 'en', 'default', 'Home 10 capsules', NULL, NULL, NULL, NULL, NULL, NULL, 230, 2),
	(1939, NULL, NULL, 'home-10-capsules', NULL, NULL, NULL, NULL, NULL, NULL, 230, 3),
	(1940, NULL, 'default', NULL, NULL, 0, NULL, NULL, NULL, NULL, 230, 4),
	(1941, NULL, NULL, NULL, 0, NULL, NULL, NULL, NULL, NULL, 230, 5),
	(1942, NULL, NULL, NULL, 0, NULL, NULL, NULL, NULL, NULL, 230, 6),
	(1943, NULL, NULL, NULL, 0, NULL, NULL, NULL, NULL, NULL, 230, 7),
	(1944, NULL, NULL, NULL, NULL, 1, NULL, NULL, NULL, NULL, 230, 23),
	(1945, NULL, NULL, NULL, NULL, 6, NULL, NULL, NULL, NULL, 230, 24),
	(1946, NULL, NULL, NULL, NULL, 10, NULL, NULL, NULL, NULL, 230, 32),
	(1947, 'en', 'default', 'Home 10 capsules', NULL, NULL, NULL, NULL, NULL, NULL, 230, 16),
	(1948, 'en', 'default', 'Home 10 capsules', NULL, NULL, NULL, NULL, NULL, NULL, 230, 17),
	(1949, 'en', 'default', 'Home 10 capsules', NULL, NULL, NULL, NULL, NULL, NULL, 230, 26),
	(1950, NULL, NULL, NULL, NULL, NULL, 990, NULL, NULL, NULL, 230, 11),
	(1951, NULL, NULL, NULL, NULL, NULL, 0, NULL, NULL, NULL, 230, 13),
	(1952, NULL, NULL, '5', NULL, NULL, NULL, NULL, NULL, NULL, 230, 22),
	(1953, NULL, NULL, '5', NULL, NULL, NULL, NULL, NULL, NULL, 230, 27),
	(1954, NULL, NULL, '5', NULL, NULL, NULL, NULL, NULL, NULL, 230, 28),
	(1955, NULL, NULL, '5', NULL, NULL, NULL, NULL, NULL, NULL, 230, 29),
	(1956, NULL, NULL, NULL, 1, NULL, NULL, NULL, NULL, NULL, 231, 8),
	(1957, 'en', 'default', '<p>Office 100 capsules</p>', NULL, NULL, NULL, NULL, NULL, NULL, 231, 9),
	(1958, 'en', 'default', '<p>Office 100 capsules</p>', NULL, NULL, NULL, NULL, NULL, NULL, 231, 10),
	(1959, NULL, NULL, '798', NULL, NULL, NULL, NULL, NULL, NULL, 231, 1),
	(1960, 'en', 'default', 'Office 100 capsules', NULL, NULL, NULL, NULL, NULL, NULL, 231, 2),
	(1961, NULL, NULL, 'office-100-capsules', NULL, NULL, NULL, NULL, NULL, NULL, 231, 3),
	(1962, NULL, 'default', NULL, NULL, 0, NULL, NULL, NULL, NULL, 231, 4),
	(1963, NULL, NULL, NULL, 0, NULL, NULL, NULL, NULL, NULL, 231, 5),
	(1964, NULL, NULL, NULL, 0, NULL, NULL, NULL, NULL, NULL, 231, 6),
	(1965, NULL, NULL, NULL, 0, NULL, NULL, NULL, NULL, NULL, 231, 7),
	(1966, NULL, NULL, NULL, NULL, 1, NULL, NULL, NULL, NULL, 231, 23),
	(1967, NULL, NULL, NULL, NULL, 6, NULL, NULL, NULL, NULL, 231, 24),
	(1968, NULL, NULL, NULL, NULL, 10, NULL, NULL, NULL, NULL, 231, 32),
	(1969, 'en', 'default', 'Office 100 capsules', NULL, NULL, NULL, NULL, NULL, NULL, 231, 16),
	(1970, 'en', 'default', 'Office 100 capsules', NULL, NULL, NULL, NULL, NULL, NULL, 231, 17),
	(1971, 'en', 'default', 'Office 100 capsules', NULL, NULL, NULL, NULL, NULL, NULL, 231, 26),
	(1972, NULL, NULL, NULL, NULL, NULL, 990, NULL, NULL, NULL, 231, 11),
	(1973, NULL, NULL, NULL, NULL, NULL, 0, NULL, NULL, NULL, 231, 13),
	(1974, NULL, NULL, '5', NULL, NULL, NULL, NULL, NULL, NULL, 231, 22),
	(1975, NULL, NULL, '5', NULL, NULL, NULL, NULL, NULL, NULL, 231, 27),
	(1976, NULL, NULL, '5', NULL, NULL, NULL, NULL, NULL, NULL, 231, 28),
	(1977, NULL, NULL, '5', NULL, NULL, NULL, NULL, NULL, NULL, 231, 29),
	(1978, NULL, NULL, NULL, 1, NULL, NULL, NULL, NULL, NULL, 232, 8),
	(1979, 'en', 'default', '<p>Cezve</p>', NULL, NULL, NULL, NULL, NULL, NULL, 232, 9),
	(1980, 'en', 'default', '<p>Cezve</p>', NULL, NULL, NULL, NULL, NULL, NULL, 232, 10),
	(1981, NULL, NULL, '564', NULL, NULL, NULL, NULL, NULL, NULL, 232, 1),
	(1982, 'en', 'default', 'Cezve', NULL, NULL, NULL, NULL, NULL, NULL, 232, 2),
	(1983, NULL, NULL, 'cezve', NULL, NULL, NULL, NULL, NULL, NULL, 232, 3),
	(1984, NULL, 'default', NULL, NULL, 0, NULL, NULL, NULL, NULL, 232, 4),
	(1985, NULL, NULL, NULL, 0, NULL, NULL, NULL, NULL, NULL, 232, 5),
	(1986, NULL, NULL, NULL, 0, NULL, NULL, NULL, NULL, NULL, 232, 6),
	(1987, NULL, NULL, NULL, 0, NULL, NULL, NULL, NULL, NULL, 232, 7),
	(1988, NULL, NULL, NULL, NULL, 1, NULL, NULL, NULL, NULL, 232, 23),
	(1989, NULL, NULL, NULL, NULL, 6, NULL, NULL, NULL, NULL, 232, 24),
	(1990, NULL, NULL, NULL, NULL, 10, NULL, NULL, NULL, NULL, 232, 32),
	(1991, 'en', 'default', 'Cezve', NULL, NULL, NULL, NULL, NULL, NULL, 232, 16),
	(1992, 'en', 'default', 'Cezve', NULL, NULL, NULL, NULL, NULL, NULL, 232, 17),
	(1993, 'en', 'default', 'Cezve', NULL, NULL, NULL, NULL, NULL, NULL, 232, 26),
	(1994, NULL, NULL, NULL, NULL, NULL, 1000, NULL, NULL, NULL, 232, 11),
	(1995, NULL, NULL, NULL, NULL, NULL, 0, NULL, NULL, NULL, 232, 13),
	(1996, NULL, NULL, '5', NULL, NULL, NULL, NULL, NULL, NULL, 232, 22),
	(1997, NULL, NULL, '5', NULL, NULL, NULL, NULL, NULL, NULL, 232, 27),
	(1998, NULL, NULL, '5', NULL, NULL, NULL, NULL, NULL, NULL, 232, 28),
	(1999, NULL, NULL, '5', NULL, NULL, NULL, NULL, NULL, NULL, 232, 29),
	(2000, NULL, NULL, NULL, 1, NULL, NULL, NULL, NULL, NULL, 233, 8),
	(2001, 'en', 'default', '<p>body_test</p>', NULL, NULL, NULL, NULL, NULL, NULL, 233, 9),
	(2002, 'en', 'default', '<p>body_test</p>', NULL, NULL, NULL, NULL, NULL, NULL, 233, 10),
	(2003, NULL, NULL, '2344444444', NULL, NULL, NULL, NULL, NULL, NULL, 233, 1),
	(2004, 'en', 'default', 'body_test', NULL, NULL, NULL, NULL, NULL, NULL, 233, 2),
	(2005, NULL, NULL, 'body_test', NULL, NULL, NULL, NULL, NULL, NULL, 233, 3),
	(2006, NULL, 'default', NULL, NULL, 0, NULL, NULL, NULL, NULL, 233, 4),
	(2007, NULL, NULL, NULL, 0, NULL, NULL, NULL, NULL, NULL, 233, 5),
	(2008, NULL, NULL, NULL, 0, NULL, NULL, NULL, NULL, NULL, 233, 6),
	(2009, NULL, NULL, NULL, 0, NULL, NULL, NULL, NULL, NULL, 233, 7),
	(2010, NULL, NULL, NULL, NULL, 1, NULL, NULL, NULL, NULL, 233, 23),
	(2011, NULL, NULL, NULL, NULL, 6, NULL, NULL, NULL, NULL, 233, 24),
	(2012, NULL, NULL, NULL, NULL, 10, NULL, NULL, NULL, NULL, 233, 32),
	(2013, NULL, NULL, 'Mixed arabica coffee from brazil, guatemala, columbia fields + some robusta coffee', NULL, NULL, NULL, NULL, NULL, NULL, 233, 35),
	(2014, 'en', 'default', 'body_test', NULL, NULL, NULL, NULL, NULL, NULL, 233, 16),
	(2015, 'en', 'default', 'body_test', NULL, NULL, NULL, NULL, NULL, NULL, 233, 17),
	(2016, 'en', 'default', 'body_test', NULL, NULL, NULL, NULL, NULL, NULL, 233, 26),
	(2017, NULL, NULL, NULL, NULL, NULL, 233, NULL, NULL, NULL, 233, 11),
	(2018, NULL, NULL, NULL, NULL, NULL, 0, NULL, NULL, NULL, 233, 13),
	(2019, NULL, NULL, '444', NULL, NULL, NULL, NULL, NULL, NULL, 233, 22),
	(2020, NULL, NULL, '2', NULL, NULL, NULL, NULL, NULL, NULL, 233, 27),
	(2021, NULL, NULL, '3', NULL, NULL, NULL, NULL, NULL, NULL, 233, 28),
	(2022, NULL, NULL, '55', NULL, NULL, NULL, NULL, NULL, NULL, 233, 29),
	(2023, NULL, NULL, 'South-america (test)', NULL, NULL, NULL, NULL, NULL, NULL, 233, 36),
	(2024, NULL, NULL, 'Honey and chocolate', NULL, NULL, NULL, NULL, NULL, NULL, 233, 37),
	(2025, NULL, NULL, 'Medium és medium +', NULL, NULL, NULL, NULL, NULL, NULL, 233, 38),
	(2026, NULL, NULL, 'Creamy, honey, chocolate aroma, characteristic coffee with more caffein', NULL, NULL, NULL, NULL, NULL, NULL, 233, 39),
	(2028, NULL, NULL, 'We recommend: Those who like the characteristic and strong coffee this is a good blend for espresso, but it is a good basic for a morning latte or cappuccino as well.', NULL, NULL, NULL, NULL, NULL, NULL, 233, 41),
	(2029, NULL, NULL, '3tst', NULL, NULL, NULL, NULL, NULL, NULL, 233, 42),
	(2030, NULL, NULL, 'product/WciGUIhUb5IYH3EgmenbhQiIv3ydV8jOk6fX9QT5.png', NULL, NULL, NULL, NULL, NULL, NULL, 233, 43),
	(2031, NULL, NULL, NULL, 1, NULL, NULL, NULL, NULL, NULL, 234, 8),
	(2032, NULL, NULL, '555555555-variant-16', NULL, NULL, NULL, NULL, NULL, NULL, 235, 1),
	(2033, 'en', 'default', 'coffeemachine2000', NULL, NULL, NULL, NULL, NULL, NULL, 235, 2),
	(2034, 'hu', 'default', '', NULL, NULL, NULL, NULL, NULL, NULL, 235, 2),
	(2035, NULL, NULL, NULL, NULL, NULL, 200, NULL, NULL, NULL, 235, 11),
	(2036, NULL, NULL, '2000', NULL, NULL, NULL, NULL, NULL, NULL, 235, 22),
	(2037, NULL, NULL, NULL, 1, NULL, NULL, NULL, NULL, NULL, 235, 8),
	(2038, NULL, NULL, NULL, NULL, 16, NULL, NULL, NULL, NULL, 235, 44),
	(2039, NULL, NULL, '555555555-variant-17', NULL, NULL, NULL, NULL, NULL, NULL, 236, 1),
	(2040, 'en', 'default', 'coffeemachine4000', NULL, NULL, NULL, NULL, NULL, NULL, 236, 2),
	(2041, 'hu', 'default', '', NULL, NULL, NULL, NULL, NULL, NULL, 236, 2),
	(2042, NULL, NULL, NULL, NULL, NULL, 400, NULL, NULL, NULL, 236, 11),
	(2043, NULL, NULL, '4000', NULL, NULL, NULL, NULL, NULL, NULL, 236, 22),
	(2044, NULL, NULL, NULL, 1, NULL, NULL, NULL, NULL, NULL, 236, 8),
	(2045, NULL, NULL, NULL, NULL, 17, NULL, NULL, NULL, NULL, 236, 44),
	(2046, 'en', 'default', '<p>coffeemachine</p>', NULL, NULL, NULL, NULL, NULL, NULL, 234, 9),
	(2047, 'en', 'default', '<p>coffeemachine</p>', NULL, NULL, NULL, NULL, NULL, NULL, 234, 10),
	(2048, NULL, NULL, '555555555', NULL, NULL, NULL, NULL, NULL, NULL, 234, 1),
	(2049, 'en', 'default', 'coffeemachine', NULL, NULL, NULL, NULL, NULL, NULL, 234, 2),
	(2050, NULL, NULL, 'coffeemachine', NULL, NULL, NULL, NULL, NULL, NULL, 234, 3),
	(2051, NULL, 'default', NULL, NULL, 0, NULL, NULL, NULL, NULL, 234, 4),
	(2052, NULL, NULL, NULL, 0, NULL, NULL, NULL, NULL, NULL, 234, 5),
	(2053, NULL, NULL, NULL, 0, NULL, NULL, NULL, NULL, NULL, 234, 6),
	(2054, NULL, NULL, NULL, 0, NULL, NULL, NULL, NULL, NULL, 234, 7),
	(2055, 'en', 'default', '', NULL, NULL, NULL, NULL, NULL, NULL, 234, 16),
	(2056, 'en', 'default', '', NULL, NULL, NULL, NULL, NULL, NULL, 234, 17),
	(2057, 'en', 'default', '', NULL, NULL, NULL, NULL, NULL, NULL, 234, 26),
	(2058, NULL, NULL, NULL, 1, NULL, NULL, NULL, NULL, NULL, 237, 8),
	(2059, NULL, NULL, '3433333-variant-10', NULL, NULL, NULL, NULL, NULL, NULL, 238, 1),
	(2060, 'en', 'default', 'testweight250', NULL, NULL, NULL, NULL, NULL, NULL, 238, 2),
	(2061, 'hu', 'default', '', NULL, NULL, NULL, NULL, NULL, NULL, 238, 2),
	(2062, NULL, NULL, NULL, NULL, NULL, 250, NULL, NULL, NULL, 238, 11),
	(2063, NULL, NULL, '250', NULL, NULL, NULL, NULL, NULL, NULL, 238, 22),
	(2064, NULL, NULL, NULL, 1, NULL, NULL, NULL, NULL, NULL, 238, 8),
	(2065, NULL, NULL, NULL, NULL, 10, NULL, NULL, NULL, NULL, 238, 32),
	(2066, NULL, NULL, '3433333-variant-11', NULL, NULL, NULL, NULL, NULL, NULL, 239, 1),
	(2067, 'en', 'default', 'testweight500', NULL, NULL, NULL, NULL, NULL, NULL, 239, 2),
	(2068, 'hu', 'default', '', NULL, NULL, NULL, NULL, NULL, NULL, 239, 2),
	(2069, NULL, NULL, NULL, NULL, NULL, 500, NULL, NULL, NULL, 239, 11),
	(2070, NULL, NULL, '500', NULL, NULL, NULL, NULL, NULL, NULL, 239, 22),
	(2071, NULL, NULL, NULL, 1, NULL, NULL, NULL, NULL, NULL, 239, 8),
	(2072, NULL, NULL, NULL, NULL, 11, NULL, NULL, NULL, NULL, 239, 32),
	(2073, NULL, NULL, '3433333-variant-12', NULL, NULL, NULL, NULL, NULL, NULL, 240, 1),
	(2074, 'en', 'default', 'testweight1000', NULL, NULL, NULL, NULL, NULL, NULL, 240, 2),
	(2075, 'hu', 'default', '', NULL, NULL, NULL, NULL, NULL, NULL, 240, 2),
	(2076, NULL, NULL, NULL, NULL, NULL, 1000, NULL, NULL, NULL, 240, 11),
	(2077, NULL, NULL, '1000', NULL, NULL, NULL, NULL, NULL, NULL, 240, 22),
	(2078, NULL, NULL, NULL, 1, NULL, NULL, NULL, NULL, NULL, 240, 8),
	(2079, NULL, NULL, NULL, NULL, 12, NULL, NULL, NULL, NULL, 240, 32),
	(2080, 'en', 'default', '<p>testweight</p>', NULL, NULL, NULL, NULL, NULL, NULL, 237, 9),
	(2081, 'en', 'default', '<p>testweight</p>', NULL, NULL, NULL, NULL, NULL, NULL, 237, 10),
	(2082, NULL, NULL, '3433333', NULL, NULL, NULL, NULL, NULL, NULL, 237, 1),
	(2083, 'en', 'default', 'testweight', NULL, NULL, NULL, NULL, NULL, NULL, 237, 2),
	(2084, NULL, NULL, 'testweight', NULL, NULL, NULL, NULL, NULL, NULL, 237, 3),
	(2085, NULL, 'default', NULL, NULL, 0, NULL, NULL, NULL, NULL, 237, 4),
	(2086, NULL, NULL, NULL, 0, NULL, NULL, NULL, NULL, NULL, 237, 5),
	(2087, NULL, NULL, NULL, 0, NULL, NULL, NULL, NULL, NULL, 237, 6),
	(2088, NULL, NULL, NULL, 0, NULL, NULL, NULL, NULL, NULL, 237, 7),
	(2089, NULL, NULL, NULL, NULL, 1, NULL, NULL, NULL, NULL, 237, 23),
	(2090, NULL, NULL, NULL, NULL, 6, NULL, NULL, NULL, NULL, 237, 24),
	(2091, 'en', 'default', 'testweight', NULL, NULL, NULL, NULL, NULL, NULL, 237, 16),
	(2092, 'en', 'default', 'testweight', NULL, NULL, NULL, NULL, NULL, NULL, 237, 17),
	(2093, 'en', 'default', 'testweight', NULL, NULL, NULL, NULL, NULL, NULL, 237, 26),
	(2094, NULL, NULL, '', NULL, NULL, NULL, NULL, NULL, NULL, 237, 35),
	(2095, NULL, NULL, '', NULL, NULL, NULL, NULL, NULL, NULL, 237, 36),
	(2096, NULL, NULL, '', NULL, NULL, NULL, NULL, NULL, NULL, 237, 37),
	(2097, NULL, NULL, '', NULL, NULL, NULL, NULL, NULL, NULL, 237, 38),
	(2098, NULL, NULL, '', NULL, NULL, NULL, NULL, NULL, NULL, 237, 39),
	(2099, NULL, NULL, '', NULL, NULL, NULL, NULL, NULL, NULL, 237, 41),
	(2100, NULL, NULL, '', NULL, NULL, NULL, NULL, NULL, NULL, 237, 42),
	(2101, NULL, NULL, '222', NULL, NULL, NULL, NULL, NULL, NULL, 237, 27),
	(2102, NULL, NULL, '', NULL, NULL, NULL, NULL, NULL, NULL, 217, 35),
	(2103, NULL, NULL, '', NULL, NULL, NULL, NULL, NULL, NULL, 217, 36),
	(2104, NULL, NULL, '', NULL, NULL, NULL, NULL, NULL, NULL, 217, 37),
	(2105, NULL, NULL, '', NULL, NULL, NULL, NULL, NULL, NULL, 217, 38),
	(2106, NULL, NULL, '', NULL, NULL, NULL, NULL, NULL, NULL, 217, 39),
	(2107, NULL, NULL, '', NULL, NULL, NULL, NULL, NULL, NULL, 217, 41),
	(2108, NULL, NULL, '', NULL, NULL, NULL, NULL, NULL, NULL, 217, 42);
/*!40000 ALTER TABLE `product_attribute_values` ENABLE KEYS */;

-- Дамп структуры для таблица blue_bird_cafe.product_categories
CREATE TABLE IF NOT EXISTS `product_categories` (
  `product_id` int(10) unsigned NOT NULL,
  `category_id` int(10) unsigned NOT NULL,
  KEY `product_categories_product_id_foreign` (`product_id`),
  KEY `product_categories_category_id_foreign` (`category_id`),
  CONSTRAINT `product_categories_category_id_foreign` FOREIGN KEY (`category_id`) REFERENCES `categories` (`id`) ON DELETE CASCADE,
  CONSTRAINT `product_categories_product_id_foreign` FOREIGN KEY (`product_id`) REFERENCES `products` (`id`) ON DELETE CASCADE
) ENGINE=InnoDB DEFAULT CHARSET=utf8mb4 COLLATE=utf8mb4_unicode_ci ROW_FORMAT=DYNAMIC;

-- Дамп данных таблицы blue_bird_cafe.product_categories: ~12 rows (приблизительно)
/*!40000 ALTER TABLE `product_categories` DISABLE KEYS */;
REPLACE INTO `product_categories` (`product_id`, `category_id`) VALUES
	(217, 1),
	(221, 1),
	(225, 1),
	(229, 4),
	(233, 4),
	(234, 7),
	(217, 1),
	(221, 1),
	(225, 1),
	(229, 4),
	(233, 4),
	(234, 7),
	(237, 4);
/*!40000 ALTER TABLE `product_categories` ENABLE KEYS */;

-- Дамп структуры для таблица blue_bird_cafe.product_cross_sells
CREATE TABLE IF NOT EXISTS `product_cross_sells` (
  `parent_id` int(10) unsigned NOT NULL,
  `child_id` int(10) unsigned NOT NULL,
  KEY `product_cross_sells_parent_id_foreign` (`parent_id`),
  KEY `product_cross_sells_child_id_foreign` (`child_id`),
  CONSTRAINT `product_cross_sells_child_id_foreign` FOREIGN KEY (`child_id`) REFERENCES `products` (`id`) ON DELETE CASCADE,
  CONSTRAINT `product_cross_sells_parent_id_foreign` FOREIGN KEY (`parent_id`) REFERENCES `products` (`id`) ON DELETE CASCADE
) ENGINE=InnoDB DEFAULT CHARSET=utf8mb4 COLLATE=utf8mb4_unicode_ci ROW_FORMAT=DYNAMIC;

-- Дамп данных таблицы blue_bird_cafe.product_cross_sells: ~0 rows (приблизительно)
/*!40000 ALTER TABLE `product_cross_sells` DISABLE KEYS */;
/*!40000 ALTER TABLE `product_cross_sells` ENABLE KEYS */;

-- Дамп структуры для таблица blue_bird_cafe.product_flat
CREATE TABLE IF NOT EXISTS `product_flat` (
  `id` int(10) unsigned NOT NULL AUTO_INCREMENT,
  `sku` varchar(191) COLLATE utf8mb4_unicode_ci NOT NULL,
  `name` varchar(191) COLLATE utf8mb4_unicode_ci DEFAULT NULL,
  `description` text COLLATE utf8mb4_unicode_ci DEFAULT NULL,
  `url_key` varchar(191) COLLATE utf8mb4_unicode_ci DEFAULT NULL,
  `new` tinyint(1) DEFAULT NULL,
  `featured` tinyint(1) DEFAULT NULL,
  `status` tinyint(1) DEFAULT NULL,
  `thumbnail` varchar(191) COLLATE utf8mb4_unicode_ci DEFAULT NULL,
  `price` decimal(12,4) DEFAULT NULL,
  `special_price` decimal(12,4) DEFAULT NULL,
  `special_price_from` date DEFAULT NULL,
  `special_price_to` date DEFAULT NULL,
  `weight` decimal(12,4) DEFAULT NULL,
  `color` int(11) DEFAULT NULL,
  `color_label` varchar(191) COLLATE utf8mb4_unicode_ci DEFAULT NULL,
  `size` int(11) DEFAULT NULL,
  `size_label` varchar(191) COLLATE utf8mb4_unicode_ci DEFAULT NULL,
  `created_at` datetime DEFAULT NULL,
  `locale` varchar(191) COLLATE utf8mb4_unicode_ci DEFAULT NULL,
  `channel` varchar(191) COLLATE utf8mb4_unicode_ci DEFAULT NULL,
  `product_id` int(10) unsigned NOT NULL,
  `updated_at` datetime DEFAULT NULL,
  `parent_id` int(10) unsigned DEFAULT NULL,
  `visible_individually` tinyint(1) DEFAULT NULL,
  `min_price` decimal(12,4) DEFAULT NULL,
  `max_price` decimal(12,4) DEFAULT NULL,
  `short_description` text COLLATE utf8mb4_unicode_ci DEFAULT NULL,
  `meta_title` text COLLATE utf8mb4_unicode_ci DEFAULT NULL,
  `meta_keywords` text COLLATE utf8mb4_unicode_ci DEFAULT NULL,
  `meta_description` text COLLATE utf8mb4_unicode_ci DEFAULT NULL,
  `length` text COLLATE utf8mb4_unicode_ci DEFAULT NULL,
  `height` text COLLATE utf8mb4_unicode_ci DEFAULT NULL,
  `width` text COLLATE utf8mb4_unicode_ci DEFAULT NULL,
  `bluebox` tinyint(1) DEFAULT NULL,
  `CoffeeWeight` int(11) DEFAULT NULL,
  `CoffeeWeight_label` varchar(191) COLLATE utf8mb4_unicode_ci DEFAULT NULL,
  `Body` text COLLATE utf8mb4_unicode_ci DEFAULT NULL,
  `Region` text COLLATE utf8mb4_unicode_ci DEFAULT NULL,
  `Aroma` text COLLATE utf8mb4_unicode_ci DEFAULT NULL,
  `Roasting` text COLLATE utf8mb4_unicode_ci DEFAULT NULL,
  `Flavor` text COLLATE utf8mb4_unicode_ci DEFAULT NULL,
  `Recomend` text COLLATE utf8mb4_unicode_ci DEFAULT NULL,
  `testatr` text COLLATE utf8mb4_unicode_ci DEFAULT NULL,
  `catalog_img` text COLLATE utf8mb4_unicode_ci DEFAULT NULL,
  `coffeemachineweight` int(11) DEFAULT NULL,
  `coffeemachineweight_label` varchar(191) COLLATE utf8mb4_unicode_ci DEFAULT NULL,
  PRIMARY KEY (`id`),
  UNIQUE KEY `product_flat_unique_index` (`product_id`,`channel`,`locale`),
  KEY `product_flat_parent_id_foreign` (`parent_id`),
  CONSTRAINT `product_flat_parent_id_foreign` FOREIGN KEY (`parent_id`) REFERENCES `product_flat` (`id`) ON DELETE CASCADE,
  CONSTRAINT `product_flat_product_id_foreign` FOREIGN KEY (`product_id`) REFERENCES `products` (`id`) ON DELETE CASCADE
) ENGINE=InnoDB AUTO_INCREMENT=277 DEFAULT CHARSET=utf8mb4 COLLATE=utf8mb4_unicode_ci ROW_FORMAT=DYNAMIC;

-- Дамп данных таблицы blue_bird_cafe.product_flat: ~149 rows (приблизительно)
/*!40000 ALTER TABLE `product_flat` DISABLE KEYS */;
REPLACE INTO `product_flat` (`id`, `sku`, `name`, `description`, `url_key`, `new`, `featured`, `status`, `thumbnail`, `price`, `special_price`, `special_price_from`, `special_price_to`, `weight`, `color`, `color_label`, `size`, `size_label`, `created_at`, `locale`, `channel`, `product_id`, `updated_at`, `parent_id`, `visible_individually`, `min_price`, `max_price`, `short_description`, `meta_title`, `meta_keywords`, `meta_description`, `length`, `height`, `width`, `bluebox`, `CoffeeWeight`, `CoffeeWeight_label`, `Body`, `Region`, `Aroma`, `Roasting`, `Flavor`, `Recomend`, `testatr`, `catalog_img`, `coffeemachineweight`, `coffeemachineweight_label`) VALUES
	(6, '', NULL, NULL, NULL, NULL, NULL, 1, NULL, 0.0000, NULL, NULL, NULL, NULL, NULL, NULL, NULL, NULL, '2019-08-23 17:26:04', 'en', 'default', 6, '2019-08-23 17:26:04', NULL, NULL, NULL, NULL, NULL, NULL, NULL, NULL, NULL, NULL, NULL, NULL, NULL, NULL, NULL, NULL, NULL, NULL, NULL, NULL, NULL, NULL, NULL, NULL),
	(7, '555-variant-1-6', '', NULL, NULL, NULL, NULL, 1, NULL, 0.0000, NULL, NULL, NULL, 0.0000, 1, 'Red', 6, 'S', '2019-08-23 17:26:05', 'en', 'default', 7, '2019-08-23 17:26:05', 6, NULL, NULL, NULL, NULL, NULL, NULL, NULL, NULL, NULL, NULL, NULL, NULL, NULL, NULL, NULL, NULL, NULL, NULL, NULL, NULL, NULL, NULL, NULL),
	(8, '555-variant-2-6', '', NULL, NULL, NULL, NULL, 1, NULL, 0.0000, NULL, NULL, NULL, 0.0000, 2, 'Green', 6, 'S', '2019-08-23 17:26:05', 'en', 'default', 8, '2019-08-23 17:26:05', 6, NULL, NULL, NULL, NULL, NULL, NULL, NULL, NULL, NULL, NULL, NULL, NULL, NULL, NULL, NULL, NULL, NULL, NULL, NULL, NULL, NULL, NULL, NULL),
	(9, '555-variant-3-6', '', NULL, NULL, NULL, NULL, 1, NULL, 0.0000, NULL, NULL, NULL, 0.0000, 3, 'Yellow', 6, 'S', '2019-08-23 17:26:05', 'en', 'default', 9, '2019-08-23 17:26:05', 6, NULL, NULL, NULL, NULL, NULL, NULL, NULL, NULL, NULL, NULL, NULL, NULL, NULL, NULL, NULL, NULL, NULL, NULL, NULL, NULL, NULL, NULL, NULL),
	(10, '555-variant-4-6', '', NULL, NULL, NULL, NULL, 1, NULL, 0.0000, NULL, NULL, NULL, 0.0000, 4, 'Black', 6, 'S', '2019-08-23 17:26:05', 'en', 'default', 10, '2019-08-23 17:26:05', 6, NULL, NULL, NULL, NULL, NULL, NULL, NULL, NULL, NULL, NULL, NULL, NULL, NULL, NULL, NULL, NULL, NULL, NULL, NULL, NULL, NULL, NULL, NULL),
	(11, '555-variant-5-6', '', NULL, NULL, NULL, NULL, 1, NULL, 0.0000, NULL, NULL, NULL, 0.0000, 5, 'White', 6, 'S', '2019-08-23 17:26:05', 'en', 'default', 11, '2019-08-23 17:26:05', 6, NULL, NULL, NULL, NULL, NULL, NULL, NULL, NULL, NULL, NULL, NULL, NULL, NULL, NULL, NULL, NULL, NULL, NULL, NULL, NULL, NULL, NULL, NULL),
	(12, '555-variant-1-7', '', NULL, NULL, NULL, NULL, 1, NULL, 0.0000, NULL, NULL, NULL, 0.0000, 1, 'Red', 7, 'M', '2019-08-23 17:26:05', 'en', 'default', 12, '2019-08-23 17:26:05', 6, NULL, NULL, NULL, NULL, NULL, NULL, NULL, NULL, NULL, NULL, NULL, NULL, NULL, NULL, NULL, NULL, NULL, NULL, NULL, NULL, NULL, NULL, NULL),
	(13, '555-variant-1-8', '', NULL, NULL, NULL, NULL, 1, NULL, 0.0000, NULL, NULL, NULL, 0.0000, 1, 'Red', 8, 'L', '2019-08-23 17:26:05', 'en', 'default', 13, '2019-08-23 17:26:05', 6, NULL, NULL, NULL, NULL, NULL, NULL, NULL, NULL, NULL, NULL, NULL, NULL, NULL, NULL, NULL, NULL, NULL, NULL, NULL, NULL, NULL, NULL, NULL),
	(14, '555-variant-1-9', '', NULL, NULL, NULL, NULL, 1, NULL, 0.0000, NULL, NULL, NULL, 0.0000, 1, 'Red', 9, 'XL', '2019-08-23 17:26:05', 'en', 'default', 14, '2019-08-23 17:26:05', 6, NULL, NULL, NULL, NULL, NULL, NULL, NULL, NULL, NULL, NULL, NULL, NULL, NULL, NULL, NULL, NULL, NULL, NULL, NULL, NULL, NULL, NULL, NULL),
	(15, '555-variant-2-7', '', NULL, NULL, NULL, NULL, 1, NULL, 0.0000, NULL, NULL, NULL, 0.0000, 2, 'Green', 7, 'M', '2019-08-23 17:26:05', 'en', 'default', 15, '2019-08-23 17:26:05', 6, NULL, NULL, NULL, NULL, NULL, NULL, NULL, NULL, NULL, NULL, NULL, NULL, NULL, NULL, NULL, NULL, NULL, NULL, NULL, NULL, NULL, NULL, NULL),
	(16, '555-variant-2-8', '', NULL, NULL, NULL, NULL, 1, NULL, 0.0000, NULL, NULL, NULL, 0.0000, 2, 'Green', 8, 'L', '2019-08-23 17:26:05', 'en', 'default', 16, '2019-08-23 17:26:05', 6, NULL, NULL, NULL, NULL, NULL, NULL, NULL, NULL, NULL, NULL, NULL, NULL, NULL, NULL, NULL, NULL, NULL, NULL, NULL, NULL, NULL, NULL, NULL),
	(17, '555-variant-2-9', '', NULL, NULL, NULL, NULL, 1, NULL, 0.0000, NULL, NULL, NULL, 0.0000, 2, 'Green', 9, 'XL', '2019-08-23 17:26:06', 'en', 'default', 17, '2019-08-23 17:26:06', 6, NULL, NULL, NULL, NULL, NULL, NULL, NULL, NULL, NULL, NULL, NULL, NULL, NULL, NULL, NULL, NULL, NULL, NULL, NULL, NULL, NULL, NULL, NULL),
	(18, '555-variant-3-7', '', NULL, NULL, NULL, NULL, 1, NULL, 0.0000, NULL, NULL, NULL, 0.0000, 3, 'Yellow', 7, 'M', '2019-08-23 17:26:06', 'en', 'default', 18, '2019-08-23 17:26:06', 6, NULL, NULL, NULL, NULL, NULL, NULL, NULL, NULL, NULL, NULL, NULL, NULL, NULL, NULL, NULL, NULL, NULL, NULL, NULL, NULL, NULL, NULL, NULL),
	(19, '555-variant-3-8', '', NULL, NULL, NULL, NULL, 1, NULL, 0.0000, NULL, NULL, NULL, 0.0000, 3, 'Yellow', 8, 'L', '2019-08-23 17:26:06', 'en', 'default', 19, '2019-08-23 17:26:06', 6, NULL, NULL, NULL, NULL, NULL, NULL, NULL, NULL, NULL, NULL, NULL, NULL, NULL, NULL, NULL, NULL, NULL, NULL, NULL, NULL, NULL, NULL, NULL),
	(20, '555-variant-3-9', '', NULL, NULL, NULL, NULL, 1, NULL, 0.0000, NULL, NULL, NULL, 0.0000, 3, 'Yellow', 9, 'XL', '2019-08-23 17:26:06', 'en', 'default', 20, '2019-08-23 17:26:06', 6, NULL, NULL, NULL, NULL, NULL, NULL, NULL, NULL, NULL, NULL, NULL, NULL, NULL, NULL, NULL, NULL, NULL, NULL, NULL, NULL, NULL, NULL, NULL),
	(21, '555-variant-4-7', '', NULL, NULL, NULL, NULL, 1, NULL, 0.0000, NULL, NULL, NULL, 0.0000, 4, 'Black', 7, 'M', '2019-08-23 17:26:06', 'en', 'default', 21, '2019-08-23 17:26:06', 6, NULL, NULL, NULL, NULL, NULL, NULL, NULL, NULL, NULL, NULL, NULL, NULL, NULL, NULL, NULL, NULL, NULL, NULL, NULL, NULL, NULL, NULL, NULL),
	(22, '555-variant-4-8', '', NULL, NULL, NULL, NULL, 1, NULL, 0.0000, NULL, NULL, NULL, 0.0000, 4, 'Black', 8, 'L', '2019-08-23 17:26:06', 'en', 'default', 22, '2019-08-23 17:26:06', 6, NULL, NULL, NULL, NULL, NULL, NULL, NULL, NULL, NULL, NULL, NULL, NULL, NULL, NULL, NULL, NULL, NULL, NULL, NULL, NULL, NULL, NULL, NULL),
	(23, '555-variant-4-9', '', NULL, NULL, NULL, NULL, 1, NULL, 0.0000, NULL, NULL, NULL, 0.0000, 4, 'Black', 9, 'XL', '2019-08-23 17:26:06', 'en', 'default', 23, '2019-08-23 17:26:06', 6, NULL, NULL, NULL, NULL, NULL, NULL, NULL, NULL, NULL, NULL, NULL, NULL, NULL, NULL, NULL, NULL, NULL, NULL, NULL, NULL, NULL, NULL, NULL),
	(24, '555-variant-5-7', '', NULL, NULL, NULL, NULL, 1, NULL, 0.0000, NULL, NULL, NULL, 0.0000, 5, 'White', 7, 'M', '2019-08-23 17:26:06', 'en', 'default', 24, '2019-08-23 17:26:06', 6, NULL, NULL, NULL, NULL, NULL, NULL, NULL, NULL, NULL, NULL, NULL, NULL, NULL, NULL, NULL, NULL, NULL, NULL, NULL, NULL, NULL, NULL, NULL),
	(25, '555-variant-5-8', '', NULL, NULL, NULL, NULL, 1, NULL, 0.0000, NULL, NULL, NULL, 0.0000, 5, 'White', 8, 'L', '2019-08-23 17:26:06', 'en', 'default', 25, '2019-08-23 17:26:06', 6, NULL, NULL, NULL, NULL, NULL, NULL, NULL, NULL, NULL, NULL, NULL, NULL, NULL, NULL, NULL, NULL, NULL, NULL, NULL, NULL, NULL, NULL, NULL),
	(26, '555-variant-5-9', '', NULL, NULL, NULL, NULL, 1, NULL, 0.0000, NULL, NULL, NULL, 0.0000, 5, 'White', 9, 'XL', '2019-08-23 17:26:06', 'en', 'default', 26, '2019-08-23 17:26:06', 6, NULL, NULL, NULL, NULL, NULL, NULL, NULL, NULL, NULL, NULL, NULL, NULL, NULL, NULL, NULL, NULL, NULL, NULL, NULL, NULL, NULL, NULL, NULL),
	(27, '', NULL, NULL, NULL, NULL, NULL, 1, NULL, NULL, NULL, NULL, NULL, NULL, NULL, NULL, NULL, NULL, '2019-08-23 17:44:46', 'en', 'default', 27, '2019-08-23 17:44:46', NULL, NULL, NULL, NULL, NULL, NULL, NULL, NULL, NULL, NULL, NULL, NULL, NULL, NULL, NULL, NULL, NULL, NULL, NULL, NULL, NULL, NULL, NULL, NULL),
	(28, '', NULL, NULL, NULL, NULL, NULL, 1, NULL, 0.0000, NULL, NULL, NULL, NULL, NULL, NULL, NULL, NULL, '2019-08-23 17:59:49', 'en', 'default', 28, '2019-08-23 17:59:49', NULL, NULL, NULL, NULL, NULL, NULL, NULL, NULL, NULL, NULL, NULL, NULL, NULL, NULL, NULL, NULL, NULL, NULL, NULL, NULL, NULL, NULL, NULL, NULL),
	(29, '543-variant-1-6', '', NULL, NULL, NULL, NULL, 1, NULL, 0.0000, NULL, NULL, NULL, 0.0000, 1, 'Red', 6, 'S', '2019-08-23 17:59:49', 'en', 'default', 29, '2019-08-23 17:59:49', 28, NULL, NULL, NULL, NULL, NULL, NULL, NULL, NULL, NULL, NULL, NULL, NULL, NULL, NULL, NULL, NULL, NULL, NULL, NULL, NULL, NULL, NULL, NULL),
	(30, '543-variant-2-6', '', NULL, NULL, NULL, NULL, 1, NULL, 0.0000, NULL, NULL, NULL, 0.0000, 2, 'Green', 6, 'S', '2019-08-23 17:59:49', 'en', 'default', 30, '2019-08-23 17:59:49', 28, NULL, NULL, NULL, NULL, NULL, NULL, NULL, NULL, NULL, NULL, NULL, NULL, NULL, NULL, NULL, NULL, NULL, NULL, NULL, NULL, NULL, NULL, NULL),
	(31, '543-variant-3-6', '', NULL, NULL, NULL, NULL, 1, NULL, 0.0000, NULL, NULL, NULL, 0.0000, 3, 'Yellow', 6, 'S', '2019-08-23 17:59:49', 'en', 'default', 31, '2019-08-23 17:59:49', 28, NULL, NULL, NULL, NULL, NULL, NULL, NULL, NULL, NULL, NULL, NULL, NULL, NULL, NULL, NULL, NULL, NULL, NULL, NULL, NULL, NULL, NULL, NULL),
	(32, '543-variant-4-6', '', NULL, NULL, NULL, NULL, 1, NULL, 0.0000, NULL, NULL, NULL, 0.0000, 4, 'Black', 6, 'S', '2019-08-23 17:59:49', 'en', 'default', 32, '2019-08-23 17:59:49', 28, NULL, NULL, NULL, NULL, NULL, NULL, NULL, NULL, NULL, NULL, NULL, NULL, NULL, NULL, NULL, NULL, NULL, NULL, NULL, NULL, NULL, NULL, NULL),
	(33, '543-variant-5-6', '', NULL, NULL, NULL, NULL, 1, NULL, 0.0000, NULL, NULL, NULL, 0.0000, 5, 'White', 6, 'S', '2019-08-23 17:59:49', 'en', 'default', 33, '2019-08-23 17:59:49', 28, NULL, NULL, NULL, NULL, NULL, NULL, NULL, NULL, NULL, NULL, NULL, NULL, NULL, NULL, NULL, NULL, NULL, NULL, NULL, NULL, NULL, NULL, NULL),
	(34, '543-variant-1-7', '', NULL, NULL, NULL, NULL, 1, NULL, 0.0000, NULL, NULL, NULL, 0.0000, 1, 'Red', 7, 'M', '2019-08-23 17:59:49', 'en', 'default', 34, '2019-08-23 17:59:49', 28, NULL, NULL, NULL, NULL, NULL, NULL, NULL, NULL, NULL, NULL, NULL, NULL, NULL, NULL, NULL, NULL, NULL, NULL, NULL, NULL, NULL, NULL, NULL),
	(35, '543-variant-1-8', '', NULL, NULL, NULL, NULL, 1, NULL, 0.0000, NULL, NULL, NULL, 0.0000, 1, 'Red', 8, 'L', '2019-08-23 17:59:49', 'en', 'default', 35, '2019-08-23 17:59:49', 28, NULL, NULL, NULL, NULL, NULL, NULL, NULL, NULL, NULL, NULL, NULL, NULL, NULL, NULL, NULL, NULL, NULL, NULL, NULL, NULL, NULL, NULL, NULL),
	(36, '543-variant-1-9', '', NULL, NULL, NULL, NULL, 1, NULL, 0.0000, NULL, NULL, NULL, 0.0000, 1, 'Red', 9, 'XL', '2019-08-23 17:59:49', 'en', 'default', 36, '2019-08-23 17:59:49', 28, NULL, NULL, NULL, NULL, NULL, NULL, NULL, NULL, NULL, NULL, NULL, NULL, NULL, NULL, NULL, NULL, NULL, NULL, NULL, NULL, NULL, NULL, NULL),
	(37, '543-variant-2-7', '', NULL, NULL, NULL, NULL, 1, NULL, 0.0000, NULL, NULL, NULL, 0.0000, 2, 'Green', 7, 'M', '2019-08-23 17:59:50', 'en', 'default', 37, '2019-08-23 17:59:50', 28, NULL, NULL, NULL, NULL, NULL, NULL, NULL, NULL, NULL, NULL, NULL, NULL, NULL, NULL, NULL, NULL, NULL, NULL, NULL, NULL, NULL, NULL, NULL),
	(38, '543-variant-2-8', '', NULL, NULL, NULL, NULL, 1, NULL, 0.0000, NULL, NULL, NULL, 0.0000, 2, 'Green', 8, 'L', '2019-08-23 17:59:50', 'en', 'default', 38, '2019-08-23 17:59:50', 28, NULL, NULL, NULL, NULL, NULL, NULL, NULL, NULL, NULL, NULL, NULL, NULL, NULL, NULL, NULL, NULL, NULL, NULL, NULL, NULL, NULL, NULL, NULL),
	(39, '543-variant-2-9', '', NULL, NULL, NULL, NULL, 1, NULL, 0.0000, NULL, NULL, NULL, 0.0000, 2, 'Green', 9, 'XL', '2019-08-23 17:59:50', 'en', 'default', 39, '2019-08-23 17:59:50', 28, NULL, NULL, NULL, NULL, NULL, NULL, NULL, NULL, NULL, NULL, NULL, NULL, NULL, NULL, NULL, NULL, NULL, NULL, NULL, NULL, NULL, NULL, NULL),
	(40, '543-variant-3-7', '', NULL, NULL, NULL, NULL, 1, NULL, 0.0000, NULL, NULL, NULL, 0.0000, 3, 'Yellow', 7, 'M', '2019-08-23 17:59:50', 'en', 'default', 40, '2019-08-23 17:59:50', 28, NULL, NULL, NULL, NULL, NULL, NULL, NULL, NULL, NULL, NULL, NULL, NULL, NULL, NULL, NULL, NULL, NULL, NULL, NULL, NULL, NULL, NULL, NULL),
	(41, '543-variant-3-8', '', NULL, NULL, NULL, NULL, 1, NULL, 0.0000, NULL, NULL, NULL, 0.0000, 3, 'Yellow', 8, 'L', '2019-08-23 17:59:50', 'en', 'default', 41, '2019-08-23 17:59:50', 28, NULL, NULL, NULL, NULL, NULL, NULL, NULL, NULL, NULL, NULL, NULL, NULL, NULL, NULL, NULL, NULL, NULL, NULL, NULL, NULL, NULL, NULL, NULL),
	(42, '543-variant-3-9', '', NULL, NULL, NULL, NULL, 1, NULL, 0.0000, NULL, NULL, NULL, 0.0000, 3, 'Yellow', 9, 'XL', '2019-08-23 17:59:50', 'en', 'default', 42, '2019-08-23 17:59:50', 28, NULL, NULL, NULL, NULL, NULL, NULL, NULL, NULL, NULL, NULL, NULL, NULL, NULL, NULL, NULL, NULL, NULL, NULL, NULL, NULL, NULL, NULL, NULL),
	(43, '543-variant-4-7', '', NULL, NULL, NULL, NULL, 1, NULL, 0.0000, NULL, NULL, NULL, 0.0000, 4, 'Black', 7, 'M', '2019-08-23 17:59:50', 'en', 'default', 43, '2019-08-23 17:59:50', 28, NULL, NULL, NULL, NULL, NULL, NULL, NULL, NULL, NULL, NULL, NULL, NULL, NULL, NULL, NULL, NULL, NULL, NULL, NULL, NULL, NULL, NULL, NULL),
	(44, '543-variant-4-8', '', NULL, NULL, NULL, NULL, 1, NULL, 0.0000, NULL, NULL, NULL, 0.0000, 4, 'Black', 8, 'L', '2019-08-23 17:59:50', 'en', 'default', 44, '2019-08-23 17:59:50', 28, NULL, NULL, NULL, NULL, NULL, NULL, NULL, NULL, NULL, NULL, NULL, NULL, NULL, NULL, NULL, NULL, NULL, NULL, NULL, NULL, NULL, NULL, NULL),
	(45, '543-variant-4-9', '', NULL, NULL, NULL, NULL, 1, NULL, 0.0000, NULL, NULL, NULL, 0.0000, 4, 'Black', 9, 'XL', '2019-08-23 17:59:50', 'en', 'default', 45, '2019-08-23 17:59:50', 28, NULL, NULL, NULL, NULL, NULL, NULL, NULL, NULL, NULL, NULL, NULL, NULL, NULL, NULL, NULL, NULL, NULL, NULL, NULL, NULL, NULL, NULL, NULL),
	(46, '543-variant-5-7', '', NULL, NULL, NULL, NULL, 1, NULL, 0.0000, NULL, NULL, NULL, 0.0000, 5, 'White', 7, 'M', '2019-08-23 17:59:50', 'en', 'default', 46, '2019-08-23 17:59:50', 28, NULL, NULL, NULL, NULL, NULL, NULL, NULL, NULL, NULL, NULL, NULL, NULL, NULL, NULL, NULL, NULL, NULL, NULL, NULL, NULL, NULL, NULL, NULL),
	(47, '543-variant-5-8', '', NULL, NULL, NULL, NULL, 1, NULL, 0.0000, NULL, NULL, NULL, 0.0000, 5, 'White', 8, 'L', '2019-08-23 17:59:50', 'en', 'default', 47, '2019-08-23 17:59:50', 28, NULL, NULL, NULL, NULL, NULL, NULL, NULL, NULL, NULL, NULL, NULL, NULL, NULL, NULL, NULL, NULL, NULL, NULL, NULL, NULL, NULL, NULL, NULL),
	(48, '543-variant-5-9', '', NULL, NULL, NULL, NULL, 1, NULL, 0.0000, NULL, NULL, NULL, 0.0000, 5, 'White', 9, 'XL', '2019-08-23 17:59:50', 'en', 'default', 48, '2019-08-23 17:59:50', 28, NULL, NULL, NULL, NULL, NULL, NULL, NULL, NULL, NULL, NULL, NULL, NULL, NULL, NULL, NULL, NULL, NULL, NULL, NULL, NULL, NULL, NULL, NULL),
	(49, '', NULL, NULL, NULL, NULL, NULL, 1, NULL, 0.0000, NULL, NULL, NULL, NULL, NULL, NULL, NULL, NULL, '2019-08-23 18:02:33', 'en', 'default', 49, '2019-08-23 18:02:33', NULL, NULL, NULL, NULL, NULL, NULL, NULL, NULL, NULL, NULL, NULL, NULL, NULL, NULL, NULL, NULL, NULL, NULL, NULL, NULL, NULL, NULL, NULL, NULL),
	(50, '234-variant-1-6', '', NULL, NULL, NULL, NULL, 1, NULL, 0.0000, NULL, NULL, NULL, 0.0000, 1, 'Red', 6, 'S', '2019-08-23 18:02:33', 'en', 'default', 50, '2019-08-23 18:02:33', 49, NULL, NULL, NULL, NULL, NULL, NULL, NULL, NULL, NULL, NULL, NULL, NULL, NULL, NULL, NULL, NULL, NULL, NULL, NULL, NULL, NULL, NULL, NULL),
	(51, '234-variant-2-6', '', NULL, NULL, NULL, NULL, 1, NULL, 0.0000, NULL, NULL, NULL, 0.0000, 2, 'Green', 6, 'S', '2019-08-23 18:02:33', 'en', 'default', 51, '2019-08-23 18:02:33', 49, NULL, NULL, NULL, NULL, NULL, NULL, NULL, NULL, NULL, NULL, NULL, NULL, NULL, NULL, NULL, NULL, NULL, NULL, NULL, NULL, NULL, NULL, NULL),
	(52, '234-variant-3-6', '', NULL, NULL, NULL, NULL, 1, NULL, 0.0000, NULL, NULL, NULL, 0.0000, 3, 'Yellow', 6, 'S', '2019-08-23 18:02:33', 'en', 'default', 52, '2019-08-23 18:02:33', 49, NULL, NULL, NULL, NULL, NULL, NULL, NULL, NULL, NULL, NULL, NULL, NULL, NULL, NULL, NULL, NULL, NULL, NULL, NULL, NULL, NULL, NULL, NULL),
	(53, '234-variant-4-6', '', NULL, NULL, NULL, NULL, 1, NULL, 0.0000, NULL, NULL, NULL, 0.0000, 4, 'Black', 6, 'S', '2019-08-23 18:02:34', 'en', 'default', 53, '2019-08-23 18:02:34', 49, NULL, NULL, NULL, NULL, NULL, NULL, NULL, NULL, NULL, NULL, NULL, NULL, NULL, NULL, NULL, NULL, NULL, NULL, NULL, NULL, NULL, NULL, NULL),
	(54, '234-variant-5-6', '', NULL, NULL, NULL, NULL, 1, NULL, 0.0000, NULL, NULL, NULL, 0.0000, 5, 'White', 6, 'S', '2019-08-23 18:02:34', 'en', 'default', 54, '2019-08-23 18:02:34', 49, NULL, NULL, NULL, NULL, NULL, NULL, NULL, NULL, NULL, NULL, NULL, NULL, NULL, NULL, NULL, NULL, NULL, NULL, NULL, NULL, NULL, NULL, NULL),
	(55, '234-variant-1-7', '', NULL, NULL, NULL, NULL, 1, NULL, 0.0000, NULL, NULL, NULL, 0.0000, 1, 'Red', 7, 'M', '2019-08-23 18:02:34', 'en', 'default', 55, '2019-08-23 18:02:34', 49, NULL, NULL, NULL, NULL, NULL, NULL, NULL, NULL, NULL, NULL, NULL, NULL, NULL, NULL, NULL, NULL, NULL, NULL, NULL, NULL, NULL, NULL, NULL),
	(56, '234-variant-1-8', '', NULL, NULL, NULL, NULL, 1, NULL, 0.0000, NULL, NULL, NULL, 0.0000, 1, 'Red', 8, 'L', '2019-08-23 18:02:34', 'en', 'default', 56, '2019-08-23 18:02:34', 49, NULL, NULL, NULL, NULL, NULL, NULL, NULL, NULL, NULL, NULL, NULL, NULL, NULL, NULL, NULL, NULL, NULL, NULL, NULL, NULL, NULL, NULL, NULL),
	(57, '234-variant-1-9', '', NULL, NULL, NULL, NULL, 1, NULL, 0.0000, NULL, NULL, NULL, 0.0000, 1, 'Red', 9, 'XL', '2019-08-23 18:02:34', 'en', 'default', 57, '2019-08-23 18:02:34', 49, NULL, NULL, NULL, NULL, NULL, NULL, NULL, NULL, NULL, NULL, NULL, NULL, NULL, NULL, NULL, NULL, NULL, NULL, NULL, NULL, NULL, NULL, NULL),
	(58, '234-variant-2-7', '', NULL, NULL, NULL, NULL, 1, NULL, 0.0000, NULL, NULL, NULL, 0.0000, 2, 'Green', 7, 'M', '2019-08-23 18:02:34', 'en', 'default', 58, '2019-08-23 18:02:34', 49, NULL, NULL, NULL, NULL, NULL, NULL, NULL, NULL, NULL, NULL, NULL, NULL, NULL, NULL, NULL, NULL, NULL, NULL, NULL, NULL, NULL, NULL, NULL),
	(59, '234-variant-2-8', '', NULL, NULL, NULL, NULL, 1, NULL, 0.0000, NULL, NULL, NULL, 0.0000, 2, 'Green', 8, 'L', '2019-08-23 18:02:34', 'en', 'default', 59, '2019-08-23 18:02:34', 49, NULL, NULL, NULL, NULL, NULL, NULL, NULL, NULL, NULL, NULL, NULL, NULL, NULL, NULL, NULL, NULL, NULL, NULL, NULL, NULL, NULL, NULL, NULL),
	(60, '234-variant-2-9', '', NULL, NULL, NULL, NULL, 1, NULL, 0.0000, NULL, NULL, NULL, 0.0000, 2, 'Green', 9, 'XL', '2019-08-23 18:02:34', 'en', 'default', 60, '2019-08-23 18:02:34', 49, NULL, NULL, NULL, NULL, NULL, NULL, NULL, NULL, NULL, NULL, NULL, NULL, NULL, NULL, NULL, NULL, NULL, NULL, NULL, NULL, NULL, NULL, NULL),
	(61, '234-variant-3-7', '', NULL, NULL, NULL, NULL, 1, NULL, 0.0000, NULL, NULL, NULL, 0.0000, 3, 'Yellow', 7, 'M', '2019-08-23 18:02:34', 'en', 'default', 61, '2019-08-23 18:02:34', 49, NULL, NULL, NULL, NULL, NULL, NULL, NULL, NULL, NULL, NULL, NULL, NULL, NULL, NULL, NULL, NULL, NULL, NULL, NULL, NULL, NULL, NULL, NULL),
	(62, '234-variant-3-8', '', NULL, NULL, NULL, NULL, 1, NULL, 0.0000, NULL, NULL, NULL, 0.0000, 3, 'Yellow', 8, 'L', '2019-08-23 18:02:34', 'en', 'default', 62, '2019-08-23 18:02:34', 49, NULL, NULL, NULL, NULL, NULL, NULL, NULL, NULL, NULL, NULL, NULL, NULL, NULL, NULL, NULL, NULL, NULL, NULL, NULL, NULL, NULL, NULL, NULL),
	(63, '234-variant-3-9', '', NULL, NULL, NULL, NULL, 1, NULL, 0.0000, NULL, NULL, NULL, 0.0000, 3, 'Yellow', 9, 'XL', '2019-08-23 18:02:34', 'en', 'default', 63, '2019-08-23 18:02:34', 49, NULL, NULL, NULL, NULL, NULL, NULL, NULL, NULL, NULL, NULL, NULL, NULL, NULL, NULL, NULL, NULL, NULL, NULL, NULL, NULL, NULL, NULL, NULL),
	(64, '234-variant-4-7', '', NULL, NULL, NULL, NULL, 1, NULL, 0.0000, NULL, NULL, NULL, 0.0000, 4, 'Black', 7, 'M', '2019-08-23 18:02:35', 'en', 'default', 64, '2019-08-23 18:02:35', 49, NULL, NULL, NULL, NULL, NULL, NULL, NULL, NULL, NULL, NULL, NULL, NULL, NULL, NULL, NULL, NULL, NULL, NULL, NULL, NULL, NULL, NULL, NULL),
	(65, '234-variant-4-8', '', NULL, NULL, NULL, NULL, 1, NULL, 0.0000, NULL, NULL, NULL, 0.0000, 4, 'Black', 8, 'L', '2019-08-23 18:02:35', 'en', 'default', 65, '2019-08-23 18:02:35', 49, NULL, NULL, NULL, NULL, NULL, NULL, NULL, NULL, NULL, NULL, NULL, NULL, NULL, NULL, NULL, NULL, NULL, NULL, NULL, NULL, NULL, NULL, NULL),
	(66, '234-variant-4-9', '', NULL, NULL, NULL, NULL, 1, NULL, 0.0000, NULL, NULL, NULL, 0.0000, 4, 'Black', 9, 'XL', '2019-08-23 18:02:35', 'en', 'default', 66, '2019-08-23 18:02:35', 49, NULL, NULL, NULL, NULL, NULL, NULL, NULL, NULL, NULL, NULL, NULL, NULL, NULL, NULL, NULL, NULL, NULL, NULL, NULL, NULL, NULL, NULL, NULL),
	(67, '234-variant-5-7', '', NULL, NULL, NULL, NULL, 1, NULL, 0.0000, NULL, NULL, NULL, 0.0000, 5, 'White', 7, 'M', '2019-08-23 18:02:35', 'en', 'default', 67, '2019-08-23 18:02:35', 49, NULL, NULL, NULL, NULL, NULL, NULL, NULL, NULL, NULL, NULL, NULL, NULL, NULL, NULL, NULL, NULL, NULL, NULL, NULL, NULL, NULL, NULL, NULL),
	(68, '234-variant-5-8', '', NULL, NULL, NULL, NULL, 1, NULL, 0.0000, NULL, NULL, NULL, 0.0000, 5, 'White', 8, 'L', '2019-08-23 18:02:35', 'en', 'default', 68, '2019-08-23 18:02:35', 49, NULL, NULL, NULL, NULL, NULL, NULL, NULL, NULL, NULL, NULL, NULL, NULL, NULL, NULL, NULL, NULL, NULL, NULL, NULL, NULL, NULL, NULL, NULL),
	(69, '234-variant-5-9', '', NULL, NULL, NULL, NULL, 1, NULL, 0.0000, NULL, NULL, NULL, 0.0000, 5, 'White', 9, 'XL', '2019-08-23 18:02:35', 'en', 'default', 69, '2019-08-23 18:02:35', 49, NULL, NULL, NULL, NULL, NULL, NULL, NULL, NULL, NULL, NULL, NULL, NULL, NULL, NULL, NULL, NULL, NULL, NULL, NULL, NULL, NULL, NULL, NULL),
	(71, '', NULL, NULL, NULL, NULL, NULL, 1, NULL, NULL, NULL, NULL, NULL, NULL, NULL, NULL, NULL, NULL, '2019-08-29 15:40:07', 'en', 'default', 71, '2019-08-29 15:40:07', NULL, NULL, NULL, NULL, NULL, NULL, NULL, NULL, NULL, NULL, NULL, NULL, NULL, NULL, NULL, NULL, NULL, NULL, NULL, NULL, NULL, NULL, NULL, NULL),
	(74, '', NULL, NULL, NULL, NULL, NULL, 1, NULL, NULL, NULL, NULL, NULL, NULL, NULL, NULL, NULL, NULL, '2019-08-29 20:25:28', 'en', 'default', 73, '2019-08-29 20:25:28', NULL, NULL, NULL, NULL, NULL, NULL, NULL, NULL, NULL, NULL, NULL, NULL, NULL, NULL, NULL, NULL, NULL, NULL, NULL, NULL, NULL, NULL, NULL, NULL),
	(75, '', NULL, NULL, NULL, NULL, NULL, 1, NULL, NULL, NULL, NULL, NULL, NULL, NULL, NULL, NULL, NULL, '2019-08-29 20:25:28', 'hu', 'default', 73, '2019-08-29 20:25:28', NULL, NULL, NULL, NULL, NULL, NULL, NULL, NULL, NULL, NULL, NULL, NULL, NULL, NULL, NULL, NULL, NULL, NULL, NULL, NULL, NULL, NULL, NULL, NULL),
	(85, '', NULL, NULL, NULL, NULL, NULL, 1, NULL, 0.0000, NULL, NULL, NULL, NULL, NULL, NULL, NULL, NULL, '2019-09-13 15:50:32', 'en', 'default', 83, '2019-09-13 15:50:32', NULL, NULL, NULL, NULL, NULL, NULL, NULL, NULL, NULL, NULL, NULL, NULL, NULL, NULL, NULL, NULL, NULL, NULL, NULL, NULL, NULL, NULL, NULL, NULL),
	(86, '773-variant-1-6', '', NULL, NULL, NULL, NULL, 1, NULL, 0.0000, NULL, NULL, NULL, 0.0000, 1, 'Red', 6, 'S', '2019-09-13 15:50:32', 'en', 'default', 84, '2019-09-13 15:50:32', 85, NULL, NULL, NULL, NULL, NULL, NULL, NULL, NULL, NULL, NULL, NULL, NULL, NULL, NULL, NULL, NULL, NULL, NULL, NULL, NULL, NULL, NULL, NULL),
	(87, '773-variant-2-6', '', NULL, NULL, NULL, NULL, 1, NULL, 0.0000, NULL, NULL, NULL, 0.0000, 2, 'Green', 6, 'S', '2019-09-13 15:50:32', 'en', 'default', 85, '2019-09-13 15:50:32', 85, NULL, NULL, NULL, NULL, NULL, NULL, NULL, NULL, NULL, NULL, NULL, NULL, NULL, NULL, NULL, NULL, NULL, NULL, NULL, NULL, NULL, NULL, NULL),
	(88, '773-variant-3-6', '', NULL, NULL, NULL, NULL, 1, NULL, 0.0000, NULL, NULL, NULL, 0.0000, 3, 'Yellow', 6, 'S', '2019-09-13 15:50:32', 'en', 'default', 86, '2019-09-13 15:50:32', 85, NULL, NULL, NULL, NULL, NULL, NULL, NULL, NULL, NULL, NULL, NULL, NULL, NULL, NULL, NULL, NULL, NULL, NULL, NULL, NULL, NULL, NULL, NULL),
	(89, '773-variant-4-6', '', NULL, NULL, NULL, NULL, 1, NULL, 0.0000, NULL, NULL, NULL, 0.0000, 4, 'Black', 6, 'S', '2019-09-13 15:50:32', 'en', 'default', 87, '2019-09-13 15:50:32', 85, NULL, NULL, NULL, NULL, NULL, NULL, NULL, NULL, NULL, NULL, NULL, NULL, NULL, NULL, NULL, NULL, NULL, NULL, NULL, NULL, NULL, NULL, NULL),
	(90, '773-variant-5-6', '', NULL, NULL, NULL, NULL, 1, NULL, 0.0000, NULL, NULL, NULL, 0.0000, 5, 'White', 6, 'S', '2019-09-13 15:50:32', 'en', 'default', 88, '2019-09-13 15:50:32', 85, NULL, NULL, NULL, NULL, NULL, NULL, NULL, NULL, NULL, NULL, NULL, NULL, NULL, NULL, NULL, NULL, NULL, NULL, NULL, NULL, NULL, NULL, NULL),
	(91, '773-variant-1-7', '', NULL, NULL, NULL, NULL, 1, NULL, 0.0000, NULL, NULL, NULL, 0.0000, 1, 'Red', 7, 'M', '2019-09-13 15:50:32', 'en', 'default', 89, '2019-09-13 15:50:32', 85, NULL, NULL, NULL, NULL, NULL, NULL, NULL, NULL, NULL, NULL, NULL, NULL, NULL, NULL, NULL, NULL, NULL, NULL, NULL, NULL, NULL, NULL, NULL),
	(92, '773-variant-1-8', '', NULL, NULL, NULL, NULL, 1, NULL, 0.0000, NULL, NULL, NULL, 0.0000, 1, 'Red', 8, 'L', '2019-09-13 15:50:32', 'en', 'default', 90, '2019-09-13 15:50:32', 85, NULL, NULL, NULL, NULL, NULL, NULL, NULL, NULL, NULL, NULL, NULL, NULL, NULL, NULL, NULL, NULL, NULL, NULL, NULL, NULL, NULL, NULL, NULL),
	(93, '773-variant-1-9', '', NULL, NULL, NULL, NULL, 1, NULL, 0.0000, NULL, NULL, NULL, 0.0000, 1, 'Red', 9, 'XL', '2019-09-13 15:50:32', 'en', 'default', 91, '2019-09-13 15:50:32', 85, NULL, NULL, NULL, NULL, NULL, NULL, NULL, NULL, NULL, NULL, NULL, NULL, NULL, NULL, NULL, NULL, NULL, NULL, NULL, NULL, NULL, NULL, NULL),
	(94, '773-variant-2-7', '', NULL, NULL, NULL, NULL, 1, NULL, 0.0000, NULL, NULL, NULL, 0.0000, 2, 'Green', 7, 'M', '2019-09-13 15:50:33', 'en', 'default', 92, '2019-09-13 15:50:33', 85, NULL, NULL, NULL, NULL, NULL, NULL, NULL, NULL, NULL, NULL, NULL, NULL, NULL, NULL, NULL, NULL, NULL, NULL, NULL, NULL, NULL, NULL, NULL),
	(95, '773-variant-2-8', '', NULL, NULL, NULL, NULL, 1, NULL, 0.0000, NULL, NULL, NULL, 0.0000, 2, 'Green', 8, 'L', '2019-09-13 15:50:33', 'en', 'default', 93, '2019-09-13 15:50:33', 85, NULL, NULL, NULL, NULL, NULL, NULL, NULL, NULL, NULL, NULL, NULL, NULL, NULL, NULL, NULL, NULL, NULL, NULL, NULL, NULL, NULL, NULL, NULL),
	(96, '773-variant-2-9', '', NULL, NULL, NULL, NULL, 1, NULL, 0.0000, NULL, NULL, NULL, 0.0000, 2, 'Green', 9, 'XL', '2019-09-13 15:50:33', 'en', 'default', 94, '2019-09-13 15:50:33', 85, NULL, NULL, NULL, NULL, NULL, NULL, NULL, NULL, NULL, NULL, NULL, NULL, NULL, NULL, NULL, NULL, NULL, NULL, NULL, NULL, NULL, NULL, NULL),
	(97, '773-variant-3-7', '', NULL, NULL, NULL, NULL, 1, NULL, 0.0000, NULL, NULL, NULL, 0.0000, 3, 'Yellow', 7, 'M', '2019-09-13 15:50:33', 'en', 'default', 95, '2019-09-13 15:50:33', 85, NULL, NULL, NULL, NULL, NULL, NULL, NULL, NULL, NULL, NULL, NULL, NULL, NULL, NULL, NULL, NULL, NULL, NULL, NULL, NULL, NULL, NULL, NULL),
	(98, '773-variant-3-8', '', NULL, NULL, NULL, NULL, 1, NULL, 0.0000, NULL, NULL, NULL, 0.0000, 3, 'Yellow', 8, 'L', '2019-09-13 15:50:33', 'en', 'default', 96, '2019-09-13 15:50:33', 85, NULL, NULL, NULL, NULL, NULL, NULL, NULL, NULL, NULL, NULL, NULL, NULL, NULL, NULL, NULL, NULL, NULL, NULL, NULL, NULL, NULL, NULL, NULL),
	(99, '773-variant-3-9', '', NULL, NULL, NULL, NULL, 1, NULL, 0.0000, NULL, NULL, NULL, 0.0000, 3, 'Yellow', 9, 'XL', '2019-09-13 15:50:33', 'en', 'default', 97, '2019-09-13 15:50:33', 85, NULL, NULL, NULL, NULL, NULL, NULL, NULL, NULL, NULL, NULL, NULL, NULL, NULL, NULL, NULL, NULL, NULL, NULL, NULL, NULL, NULL, NULL, NULL),
	(100, '773-variant-4-7', '', NULL, NULL, NULL, NULL, 1, NULL, 0.0000, NULL, NULL, NULL, 0.0000, 4, 'Black', 7, 'M', '2019-09-13 15:50:33', 'en', 'default', 98, '2019-09-13 15:50:33', 85, NULL, NULL, NULL, NULL, NULL, NULL, NULL, NULL, NULL, NULL, NULL, NULL, NULL, NULL, NULL, NULL, NULL, NULL, NULL, NULL, NULL, NULL, NULL),
	(101, '773-variant-4-8', '', NULL, NULL, NULL, NULL, 1, NULL, 0.0000, NULL, NULL, NULL, 0.0000, 4, 'Black', 8, 'L', '2019-09-13 15:50:33', 'en', 'default', 99, '2019-09-13 15:50:33', 85, NULL, NULL, NULL, NULL, NULL, NULL, NULL, NULL, NULL, NULL, NULL, NULL, NULL, NULL, NULL, NULL, NULL, NULL, NULL, NULL, NULL, NULL, NULL),
	(102, '773-variant-4-9', '', NULL, NULL, NULL, NULL, 1, NULL, 0.0000, NULL, NULL, NULL, 0.0000, 4, 'Black', 9, 'XL', '2019-09-13 15:50:33', 'en', 'default', 100, '2019-09-13 15:50:33', 85, NULL, NULL, NULL, NULL, NULL, NULL, NULL, NULL, NULL, NULL, NULL, NULL, NULL, NULL, NULL, NULL, NULL, NULL, NULL, NULL, NULL, NULL, NULL),
	(103, '773-variant-5-7', '', NULL, NULL, NULL, NULL, 1, NULL, 0.0000, NULL, NULL, NULL, 0.0000, 5, 'White', 7, 'M', '2019-09-13 15:50:34', 'en', 'default', 101, '2019-09-13 15:50:34', 85, NULL, NULL, NULL, NULL, NULL, NULL, NULL, NULL, NULL, NULL, NULL, NULL, NULL, NULL, NULL, NULL, NULL, NULL, NULL, NULL, NULL, NULL, NULL),
	(104, '773-variant-5-8', '', NULL, NULL, NULL, NULL, 1, NULL, 0.0000, NULL, NULL, NULL, 0.0000, 5, 'White', 8, 'L', '2019-09-13 15:50:34', 'en', 'default', 102, '2019-09-13 15:50:34', 85, NULL, NULL, NULL, NULL, NULL, NULL, NULL, NULL, NULL, NULL, NULL, NULL, NULL, NULL, NULL, NULL, NULL, NULL, NULL, NULL, NULL, NULL, NULL),
	(105, '773-variant-5-9', '', NULL, NULL, NULL, NULL, 1, NULL, 0.0000, NULL, NULL, NULL, 0.0000, 5, 'White', 9, 'XL', '2019-09-13 15:50:34', 'en', 'default', 103, '2019-09-13 15:50:34', 85, NULL, NULL, NULL, NULL, NULL, NULL, NULL, NULL, NULL, NULL, NULL, NULL, NULL, NULL, NULL, NULL, NULL, NULL, NULL, NULL, NULL, NULL, NULL),
	(106, '', NULL, NULL, NULL, NULL, NULL, 1, NULL, 0.0000, NULL, NULL, NULL, NULL, NULL, NULL, NULL, NULL, '2019-09-13 15:52:39', 'en', 'default', 104, '2019-09-13 15:52:39', NULL, NULL, NULL, NULL, NULL, NULL, NULL, NULL, NULL, NULL, NULL, NULL, NULL, NULL, NULL, NULL, NULL, NULL, NULL, NULL, NULL, NULL, NULL, NULL),
	(107, '64-variant-1-6', '', NULL, NULL, NULL, NULL, 1, NULL, 0.0000, NULL, NULL, NULL, 0.0000, 1, 'Red', 6, 'S', '2019-09-13 15:52:39', 'en', 'default', 105, '2019-09-13 15:52:39', 106, NULL, NULL, NULL, NULL, NULL, NULL, NULL, NULL, NULL, NULL, NULL, NULL, NULL, NULL, NULL, NULL, NULL, NULL, NULL, NULL, NULL, NULL, NULL),
	(108, '64-variant-2-6', '', NULL, NULL, NULL, NULL, 1, NULL, 0.0000, NULL, NULL, NULL, 0.0000, 2, 'Green', 6, 'S', '2019-09-13 15:52:39', 'en', 'default', 106, '2019-09-13 15:52:39', 106, NULL, NULL, NULL, NULL, NULL, NULL, NULL, NULL, NULL, NULL, NULL, NULL, NULL, NULL, NULL, NULL, NULL, NULL, NULL, NULL, NULL, NULL, NULL),
	(109, '64-variant-3-6', '', NULL, NULL, NULL, NULL, 1, NULL, 0.0000, NULL, NULL, NULL, 0.0000, 3, 'Yellow', 6, 'S', '2019-09-13 15:52:39', 'en', 'default', 107, '2019-09-13 15:52:39', 106, NULL, NULL, NULL, NULL, NULL, NULL, NULL, NULL, NULL, NULL, NULL, NULL, NULL, NULL, NULL, NULL, NULL, NULL, NULL, NULL, NULL, NULL, NULL),
	(110, '64-variant-4-6', '', NULL, NULL, NULL, NULL, 1, NULL, 0.0000, NULL, NULL, NULL, 0.0000, 4, 'Black', 6, 'S', '2019-09-13 15:52:39', 'en', 'default', 108, '2019-09-13 15:52:39', 106, NULL, NULL, NULL, NULL, NULL, NULL, NULL, NULL, NULL, NULL, NULL, NULL, NULL, NULL, NULL, NULL, NULL, NULL, NULL, NULL, NULL, NULL, NULL),
	(111, '64-variant-5-6', '', NULL, NULL, NULL, NULL, 1, NULL, 0.0000, NULL, NULL, NULL, 0.0000, 5, 'White', 6, 'S', '2019-09-13 15:52:40', 'en', 'default', 109, '2019-09-13 15:52:40', 106, NULL, NULL, NULL, NULL, NULL, NULL, NULL, NULL, NULL, NULL, NULL, NULL, NULL, NULL, NULL, NULL, NULL, NULL, NULL, NULL, NULL, NULL, NULL),
	(112, '64-variant-1-7', '', NULL, NULL, NULL, NULL, 1, NULL, 0.0000, NULL, NULL, NULL, 0.0000, 1, 'Red', 7, 'M', '2019-09-13 15:52:40', 'en', 'default', 110, '2019-09-13 15:52:40', 106, NULL, NULL, NULL, NULL, NULL, NULL, NULL, NULL, NULL, NULL, NULL, NULL, NULL, NULL, NULL, NULL, NULL, NULL, NULL, NULL, NULL, NULL, NULL),
	(113, '64-variant-1-8', '', NULL, NULL, NULL, NULL, 1, NULL, 0.0000, NULL, NULL, NULL, 0.0000, 1, 'Red', 8, 'L', '2019-09-13 15:52:40', 'en', 'default', 111, '2019-09-13 15:52:40', 106, NULL, NULL, NULL, NULL, NULL, NULL, NULL, NULL, NULL, NULL, NULL, NULL, NULL, NULL, NULL, NULL, NULL, NULL, NULL, NULL, NULL, NULL, NULL),
	(114, '64-variant-1-9', '', NULL, NULL, NULL, NULL, 1, NULL, 0.0000, NULL, NULL, NULL, 0.0000, 1, 'Red', 9, 'XL', '2019-09-13 15:52:40', 'en', 'default', 112, '2019-09-13 15:52:40', 106, NULL, NULL, NULL, NULL, NULL, NULL, NULL, NULL, NULL, NULL, NULL, NULL, NULL, NULL, NULL, NULL, NULL, NULL, NULL, NULL, NULL, NULL, NULL),
	(115, '64-variant-2-7', '', NULL, NULL, NULL, NULL, 1, NULL, 0.0000, NULL, NULL, NULL, 0.0000, 2, 'Green', 7, 'M', '2019-09-13 15:52:40', 'en', 'default', 113, '2019-09-13 15:52:40', 106, NULL, NULL, NULL, NULL, NULL, NULL, NULL, NULL, NULL, NULL, NULL, NULL, NULL, NULL, NULL, NULL, NULL, NULL, NULL, NULL, NULL, NULL, NULL),
	(116, '64-variant-2-8', '', NULL, NULL, NULL, NULL, 1, NULL, 0.0000, NULL, NULL, NULL, 0.0000, 2, 'Green', 8, 'L', '2019-09-13 15:52:40', 'en', 'default', 114, '2019-09-13 15:52:40', 106, NULL, NULL, NULL, NULL, NULL, NULL, NULL, NULL, NULL, NULL, NULL, NULL, NULL, NULL, NULL, NULL, NULL, NULL, NULL, NULL, NULL, NULL, NULL),
	(117, '64-variant-2-9', '', NULL, NULL, NULL, NULL, 1, NULL, 0.0000, NULL, NULL, NULL, 0.0000, 2, 'Green', 9, 'XL', '2019-09-13 15:52:40', 'en', 'default', 115, '2019-09-13 15:52:40', 106, NULL, NULL, NULL, NULL, NULL, NULL, NULL, NULL, NULL, NULL, NULL, NULL, NULL, NULL, NULL, NULL, NULL, NULL, NULL, NULL, NULL, NULL, NULL),
	(118, '64-variant-3-7', '', NULL, NULL, NULL, NULL, 1, NULL, 0.0000, NULL, NULL, NULL, 0.0000, 3, 'Yellow', 7, 'M', '2019-09-13 15:52:40', 'en', 'default', 116, '2019-09-13 15:52:40', 106, NULL, NULL, NULL, NULL, NULL, NULL, NULL, NULL, NULL, NULL, NULL, NULL, NULL, NULL, NULL, NULL, NULL, NULL, NULL, NULL, NULL, NULL, NULL),
	(119, '64-variant-3-8', '', NULL, NULL, NULL, NULL, 1, NULL, 0.0000, NULL, NULL, NULL, 0.0000, 3, 'Yellow', 8, 'L', '2019-09-13 15:52:40', 'en', 'default', 117, '2019-09-13 15:52:40', 106, NULL, NULL, NULL, NULL, NULL, NULL, NULL, NULL, NULL, NULL, NULL, NULL, NULL, NULL, NULL, NULL, NULL, NULL, NULL, NULL, NULL, NULL, NULL),
	(120, '64-variant-3-9', '', NULL, NULL, NULL, NULL, 1, NULL, 0.0000, NULL, NULL, NULL, 0.0000, 3, 'Yellow', 9, 'XL', '2019-09-13 15:52:41', 'en', 'default', 118, '2019-09-13 15:52:41', 106, NULL, NULL, NULL, NULL, NULL, NULL, NULL, NULL, NULL, NULL, NULL, NULL, NULL, NULL, NULL, NULL, NULL, NULL, NULL, NULL, NULL, NULL, NULL),
	(121, '64-variant-4-7', '', NULL, NULL, NULL, NULL, 1, NULL, 0.0000, NULL, NULL, NULL, 0.0000, 4, 'Black', 7, 'M', '2019-09-13 15:52:41', 'en', 'default', 119, '2019-09-13 15:52:41', 106, NULL, NULL, NULL, NULL, NULL, NULL, NULL, NULL, NULL, NULL, NULL, NULL, NULL, NULL, NULL, NULL, NULL, NULL, NULL, NULL, NULL, NULL, NULL),
	(122, '64-variant-4-8', '', NULL, NULL, NULL, NULL, 1, NULL, 0.0000, NULL, NULL, NULL, 0.0000, 4, 'Black', 8, 'L', '2019-09-13 15:52:41', 'en', 'default', 120, '2019-09-13 15:52:41', 106, NULL, NULL, NULL, NULL, NULL, NULL, NULL, NULL, NULL, NULL, NULL, NULL, NULL, NULL, NULL, NULL, NULL, NULL, NULL, NULL, NULL, NULL, NULL),
	(123, '64-variant-4-9', '', NULL, NULL, NULL, NULL, 1, NULL, 0.0000, NULL, NULL, NULL, 0.0000, 4, 'Black', 9, 'XL', '2019-09-13 15:52:41', 'en', 'default', 121, '2019-09-13 15:52:41', 106, NULL, NULL, NULL, NULL, NULL, NULL, NULL, NULL, NULL, NULL, NULL, NULL, NULL, NULL, NULL, NULL, NULL, NULL, NULL, NULL, NULL, NULL, NULL),
	(124, '64-variant-5-7', '', NULL, NULL, NULL, NULL, 1, NULL, 0.0000, NULL, NULL, NULL, 0.0000, 5, 'White', 7, 'M', '2019-09-13 15:52:41', 'en', 'default', 122, '2019-09-13 15:52:41', 106, NULL, NULL, NULL, NULL, NULL, NULL, NULL, NULL, NULL, NULL, NULL, NULL, NULL, NULL, NULL, NULL, NULL, NULL, NULL, NULL, NULL, NULL, NULL),
	(125, '64-variant-5-8', '', NULL, NULL, NULL, NULL, 1, NULL, 0.0000, NULL, NULL, NULL, 0.0000, 5, 'White', 8, 'L', '2019-09-13 15:52:41', 'en', 'default', 123, '2019-09-13 15:52:41', 106, NULL, NULL, NULL, NULL, NULL, NULL, NULL, NULL, NULL, NULL, NULL, NULL, NULL, NULL, NULL, NULL, NULL, NULL, NULL, NULL, NULL, NULL, NULL),
	(126, '64-variant-5-9', '', NULL, NULL, NULL, NULL, 1, NULL, 0.0000, NULL, NULL, NULL, 0.0000, 5, 'White', 9, 'XL', '2019-09-13 15:52:41', 'en', 'default', 124, '2019-09-13 15:52:41', 106, NULL, NULL, NULL, NULL, NULL, NULL, NULL, NULL, NULL, NULL, NULL, NULL, NULL, NULL, NULL, NULL, NULL, NULL, NULL, NULL, NULL, NULL, NULL),
	(219, '787', 'Weight Coffee Dima', '<p>weightcoffeeweightcoffeeweightcoffeeweightcoffeeweightcoffeeweightcoffeeweightcoffee</p>', 'weightcoffee', 0, 0, 1, NULL, 25.0000, NULL, NULL, NULL, NULL, 1, 'Red', 6, 'S', '2019-09-18 20:20:22', 'en', 'default', 217, '2019-09-18 20:20:22', NULL, 0, NULL, NULL, '<p>weightcoffeeweightcoffeeweightcoffeeweightcoffee</p>', 'weightcoffee', 'weightcoffee', 'weightcoffee', '20', NULL, NULL, NULL, NULL, NULL, '', '', '', '', '', '', '', NULL, NULL, NULL),
	(220, '787-variant-10', 'weightcoffee', NULL, NULL, NULL, NULL, 1, NULL, 25.0000, NULL, NULL, NULL, 25.0000, NULL, NULL, NULL, NULL, '2019-09-18 20:20:22', 'en', 'default', 218, '2019-09-18 20:20:22', 219, NULL, NULL, NULL, NULL, NULL, NULL, NULL, NULL, NULL, NULL, NULL, 10, '250g', NULL, NULL, NULL, NULL, NULL, NULL, NULL, NULL, NULL, NULL),
	(221, '787-variant-11', 'weightcoffee', NULL, NULL, NULL, NULL, 1, NULL, 50.0000, NULL, NULL, NULL, 50.0000, NULL, NULL, NULL, NULL, '2019-09-18 20:20:22', 'en', 'default', 219, '2019-09-18 20:20:22', 219, NULL, NULL, NULL, NULL, NULL, NULL, NULL, NULL, NULL, NULL, NULL, 11, '500g', NULL, NULL, NULL, NULL, NULL, NULL, NULL, NULL, NULL, NULL),
	(222, '787-variant-12', 'weightcoffee', NULL, NULL, NULL, NULL, 1, NULL, 100.0000, NULL, NULL, NULL, 100.0000, NULL, NULL, NULL, NULL, '2019-09-18 20:20:22', 'en', 'default', 220, '2019-09-18 20:20:22', 219, NULL, NULL, NULL, NULL, NULL, NULL, NULL, NULL, NULL, NULL, NULL, 12, '1000g', NULL, NULL, NULL, NULL, NULL, NULL, NULL, NULL, NULL, NULL),
	(223, '787', 'súly kávé', '<p>s&uacute;ly k&aacute;v&eacute;s&uacute;ly k&aacute;v&eacute;s&uacute;ly k&aacute;v&eacute;s&uacute;ly k&aacute;v&eacute;s&uacute;ly k&aacute;v&eacute;s&uacute;ly k&aacute;v&eacute;s&uacute;ly k&aacute;v&eacute;s&uacute;ly k&aacute;v&eacute;s&uacute;ly k&aacute;v&eacute;s&uacute;ly k&aacute;v&eacute;s&uacute;ly k&aacute;v&eacute;s&uacute;ly k&aacute;v&eacute;s&uacute;ly k&aacute;v&eacute;</p>', 'weightcoffee', 0, 0, 1, NULL, 25.0000, NULL, NULL, NULL, NULL, 1, '', 6, '', '2019-09-18 20:20:22', 'hu', 'default', 217, '2019-09-18 20:20:22', NULL, 0, NULL, NULL, '<p>s&uacute;ly k&aacute;v&eacute;s&uacute;ly k&aacute;v&eacute;s&uacute;ly k&aacute;v&eacute;s&uacute;ly k&aacute;v&eacute;s&uacute;ly k&aacute;v&eacute;s&uacute;ly k&aacute;v&eacute;</p>', 'súly kávé', 'súly kávé', 'súly kávé', '20', NULL, NULL, NULL, NULL, NULL, '', '', '', '', '', '', '', NULL, NULL, NULL),
	(224, '787-variant-10', 'kávé250g', NULL, NULL, NULL, NULL, 1, NULL, 25.0000, NULL, NULL, NULL, 25.0000, NULL, NULL, NULL, NULL, '2019-09-18 20:20:22', 'hu', 'default', 218, '2019-09-18 20:20:22', 223, NULL, NULL, NULL, NULL, NULL, NULL, NULL, NULL, NULL, NULL, NULL, 10, '250g', NULL, NULL, NULL, NULL, NULL, NULL, NULL, NULL, NULL, NULL),
	(225, '787-variant-11', 'kávé500g', NULL, NULL, NULL, NULL, 1, NULL, 50.0000, NULL, NULL, NULL, 50.0000, NULL, NULL, NULL, NULL, '2019-09-18 20:20:22', 'hu', 'default', 219, '2019-09-18 20:20:22', 223, NULL, NULL, NULL, NULL, NULL, NULL, NULL, NULL, NULL, NULL, NULL, 11, '500g', NULL, NULL, NULL, NULL, NULL, NULL, NULL, NULL, NULL, NULL),
	(226, '787-variant-12', 'kávé1000g', NULL, NULL, NULL, NULL, 1, NULL, 100.0000, NULL, NULL, NULL, 100.0000, NULL, NULL, NULL, NULL, '2019-09-18 20:20:22', 'hu', 'default', 220, '2019-09-18 20:20:22', 223, NULL, NULL, NULL, NULL, NULL, NULL, NULL, NULL, NULL, NULL, NULL, 12, '1000g', NULL, NULL, NULL, NULL, NULL, NULL, NULL, NULL, NULL, NULL),
	(237, '888', 'Blue Bird Blend – Our own selected Blend', '<p>Blue Bird Blend &ndash; Our own selected Blend<br />Blue Bird Blend &ndash; Our own selected Blend<br />Blue Bird Blend &ndash; Our own selected Blend</p>', 'blue-bird-blend-our-own-selected-blend', 0, 0, 1, NULL, 250.0000, NULL, NULL, NULL, NULL, 1, 'Red', 6, 'S', '2019-09-23 14:09:10', 'en', 'default', 221, '2019-09-23 14:09:10', NULL, 0, NULL, NULL, '<p>Blue Bird Blend &ndash; Our own selected Blend</p>', 'Blue Bird Blend – Our own selected Blend', 'Blue Bird Blend – Our own selected Blend', 'Blue Bird Blend – Our own selected Blend', '43', NULL, NULL, NULL, NULL, NULL, NULL, NULL, NULL, NULL, NULL, NULL, NULL, NULL, NULL, NULL),
	(238, '888', NULL, NULL, 'blue-bird-blend-our-own-selected-blend', 0, 0, 1, NULL, 0.0000, NULL, NULL, NULL, NULL, 1, '', 6, '', '2019-09-23 14:09:10', 'hu', 'default', 221, '2019-09-23 14:09:10', NULL, 0, NULL, NULL, NULL, NULL, NULL, NULL, '43', NULL, NULL, NULL, NULL, NULL, NULL, NULL, NULL, NULL, NULL, NULL, NULL, NULL, NULL, NULL),
	(239, '888-variant-10', 'Our own 250g', NULL, NULL, NULL, NULL, 1, NULL, 250.0000, NULL, NULL, NULL, 250.0000, NULL, NULL, NULL, NULL, '2019-09-23 14:09:10', 'en', 'default', 222, '2019-09-23 14:09:10', 237, NULL, NULL, NULL, NULL, NULL, NULL, NULL, NULL, NULL, NULL, NULL, 10, '250g', NULL, NULL, NULL, NULL, NULL, NULL, NULL, NULL, NULL, NULL),
	(240, '888-variant-10', '', NULL, NULL, NULL, NULL, 1, NULL, 250.0000, NULL, NULL, NULL, 250.0000, NULL, NULL, NULL, NULL, '2019-09-23 14:09:10', 'hu', 'default', 222, '2019-09-23 14:09:10', 238, NULL, NULL, NULL, NULL, NULL, NULL, NULL, NULL, NULL, NULL, NULL, 10, '250g', NULL, NULL, NULL, NULL, NULL, NULL, NULL, NULL, NULL, NULL),
	(241, '888-variant-11', 'Our own 500g', NULL, NULL, NULL, NULL, 1, NULL, 500.0000, NULL, NULL, NULL, 500.0000, NULL, NULL, NULL, NULL, '2019-09-23 14:09:10', 'en', 'default', 223, '2019-09-23 14:09:10', 237, NULL, NULL, NULL, NULL, NULL, NULL, NULL, NULL, NULL, NULL, NULL, 11, '500g', NULL, NULL, NULL, NULL, NULL, NULL, NULL, NULL, NULL, NULL),
	(242, '888-variant-11', '', NULL, NULL, NULL, NULL, 1, NULL, 500.0000, NULL, NULL, NULL, 500.0000, NULL, NULL, NULL, NULL, '2019-09-23 14:09:10', 'hu', 'default', 223, '2019-09-23 14:09:10', 238, NULL, NULL, NULL, NULL, NULL, NULL, NULL, NULL, NULL, NULL, NULL, 11, '500g', NULL, NULL, NULL, NULL, NULL, NULL, NULL, NULL, NULL, NULL),
	(243, '888-variant-12', 'Our own 1000g', NULL, NULL, NULL, NULL, 1, NULL, 1000.0000, NULL, NULL, NULL, 1000.0000, NULL, NULL, NULL, NULL, '2019-09-23 14:09:10', 'en', 'default', 224, '2019-09-23 14:09:10', 237, NULL, NULL, NULL, NULL, NULL, NULL, NULL, NULL, NULL, NULL, NULL, 12, '1000g', NULL, NULL, NULL, NULL, NULL, NULL, NULL, NULL, NULL, NULL),
	(244, '888-variant-12', '', NULL, NULL, NULL, NULL, 1, NULL, 1000.0000, NULL, NULL, NULL, 1000.0000, NULL, NULL, NULL, NULL, '2019-09-23 14:09:10', 'hu', 'default', 224, '2019-09-23 14:09:10', 238, NULL, NULL, NULL, NULL, NULL, NULL, NULL, NULL, NULL, NULL, NULL, 12, '1000g', NULL, NULL, NULL, NULL, NULL, NULL, NULL, NULL, NULL, NULL),
	(245, '999', 'Blue Bird Blend – Our own selected Blend Yellow', '<p>Blue Bird Blend &ndash; Our own selected Blend Yellow<br />Blue Bird Blend &ndash; Our own selected Blend Yellow<br />Blue Bird Blend &ndash; Our own selected Blend Yellow</p>', 'blue-bird-blend-our-own-selected-blend-yellow', 0, 0, 1, NULL, 50.0000, NULL, NULL, NULL, NULL, 1, 'Red', 6, 'S', '2019-09-23 14:18:25', 'en', 'default', 225, '2019-09-23 14:18:25', NULL, 0, NULL, NULL, '<p>Blue Bird Blend &ndash; Our own selected Blend Yellow</p>', 'Blue Bird Blend – Our own selected Blend Yellow', 'Blue Bird Blend – Our own selected Blend Yellow', 'Blue Bird Blend – Our own selected Blend Yellow', '34', NULL, NULL, NULL, NULL, NULL, NULL, NULL, NULL, NULL, NULL, NULL, NULL, NULL, NULL, NULL),
	(246, '999', NULL, NULL, 'blue-bird-blend-our-own-selected-blend-yellow', 0, 0, 1, NULL, 0.0000, NULL, NULL, NULL, NULL, 1, '', 6, '', '2019-09-23 14:18:25', 'hu', 'default', 225, '2019-09-23 14:18:25', NULL, 0, NULL, NULL, NULL, NULL, NULL, NULL, '34', NULL, NULL, NULL, NULL, NULL, NULL, NULL, NULL, NULL, NULL, NULL, NULL, NULL, NULL, NULL),
	(247, '999-variant-10', '250g', NULL, NULL, NULL, NULL, 1, NULL, 50.0000, NULL, NULL, NULL, 250.0000, NULL, NULL, NULL, NULL, '2019-09-23 14:18:25', 'en', 'default', 226, '2019-09-23 14:18:25', 245, NULL, NULL, NULL, NULL, NULL, NULL, NULL, NULL, NULL, NULL, NULL, 10, '250g', NULL, NULL, NULL, NULL, NULL, NULL, NULL, NULL, NULL, NULL),
	(248, '999-variant-10', '', NULL, NULL, NULL, NULL, 1, NULL, 50.0000, NULL, NULL, NULL, 250.0000, NULL, NULL, NULL, NULL, '2019-09-23 14:18:25', 'hu', 'default', 226, '2019-09-23 14:18:25', 246, NULL, NULL, NULL, NULL, NULL, NULL, NULL, NULL, NULL, NULL, NULL, 10, '250g', NULL, NULL, NULL, NULL, NULL, NULL, NULL, NULL, NULL, NULL),
	(249, '999-variant-11', '500g', NULL, NULL, NULL, NULL, 1, NULL, 100.0000, NULL, NULL, NULL, 500.0000, NULL, NULL, NULL, NULL, '2019-09-23 14:18:25', 'en', 'default', 227, '2019-09-23 14:18:25', 245, NULL, NULL, NULL, NULL, NULL, NULL, NULL, NULL, NULL, NULL, NULL, 11, '500g', NULL, NULL, NULL, NULL, NULL, NULL, NULL, NULL, NULL, NULL),
	(250, '999-variant-11', '', NULL, NULL, NULL, NULL, 1, NULL, 100.0000, NULL, NULL, NULL, 500.0000, NULL, NULL, NULL, NULL, '2019-09-23 14:18:25', 'hu', 'default', 227, '2019-09-23 14:18:25', 246, NULL, NULL, NULL, NULL, NULL, NULL, NULL, NULL, NULL, NULL, NULL, 11, '500g', NULL, NULL, NULL, NULL, NULL, NULL, NULL, NULL, NULL, NULL),
	(251, '999-variant-12', '1000g', NULL, NULL, NULL, NULL, 1, NULL, 150.0000, NULL, NULL, NULL, 100.0000, NULL, NULL, NULL, NULL, '2019-09-23 14:18:25', 'en', 'default', 228, '2019-09-23 14:18:25', 245, NULL, NULL, NULL, NULL, NULL, NULL, NULL, NULL, NULL, NULL, NULL, 12, '1000g', NULL, NULL, NULL, NULL, NULL, NULL, NULL, NULL, NULL, NULL),
	(252, '999-variant-12', '', NULL, NULL, NULL, NULL, 1, NULL, 150.0000, NULL, NULL, NULL, 100.0000, NULL, NULL, NULL, NULL, '2019-09-23 14:18:25', 'hu', 'default', 228, '2019-09-23 14:18:25', 246, NULL, NULL, NULL, NULL, NULL, NULL, NULL, NULL, NULL, NULL, NULL, 12, '1000g', NULL, NULL, NULL, NULL, NULL, NULL, NULL, NULL, NULL, NULL),
	(253, '990', '4x250g Coffee beans', '<p>4x250g Coffee beans</p>', '4x250g-coffee-beans', 0, 0, 1, NULL, 9150.0000, 0.0000, NULL, NULL, 1000.0000, 1, 'Red', 7, 'M', '2019-09-26 13:58:45', 'en', 'default', 229, '2019-09-26 13:58:45', NULL, 0, NULL, NULL, '<p>4x250g Coffee beans</p>', '4x250g Coffee beans', '4x250g Coffee beans', '4x250g Coffee beans', '10', '20', '40', NULL, 12, '1000g', NULL, NULL, NULL, NULL, NULL, NULL, NULL, NULL, NULL, NULL),
	(254, '990', NULL, NULL, '4x250g-coffee-beans', 0, 0, 1, NULL, 9150.0000, 0.0000, NULL, NULL, 1000.0000, 1, '', 7, '', '2019-09-26 13:58:45', 'hu', 'default', 229, '2019-09-26 13:58:45', NULL, 0, NULL, NULL, NULL, NULL, NULL, NULL, '10', '20', '40', NULL, 12, '1000g', NULL, NULL, NULL, NULL, NULL, NULL, NULL, NULL, NULL, NULL),
	(255, '785', 'Home 10 capsules', '<p>Home 10 capsules</p>', 'home-10-capsules', 0, 0, 1, NULL, 990.0000, 0.0000, NULL, NULL, 5.0000, 1, 'Red', 6, 'S', '2019-09-26 14:23:10', 'en', 'default', 230, '2019-09-26 14:23:10', NULL, 0, NULL, NULL, '<p>Home 10 capsules</p>', 'Home 10 capsules', 'Home 10 capsules', 'Home 10 capsules', '5', '5', '5', NULL, 10, '250g', NULL, NULL, NULL, NULL, NULL, NULL, NULL, NULL, NULL, NULL),
	(256, '785', NULL, NULL, 'home-10-capsules', 0, 0, 1, NULL, 990.0000, 0.0000, NULL, NULL, 5.0000, 1, '', 6, '', '2019-09-26 14:23:10', 'hu', 'default', 230, '2019-09-26 14:23:10', NULL, 0, NULL, NULL, NULL, NULL, NULL, NULL, '5', '5', '5', NULL, 10, '250g', NULL, NULL, NULL, NULL, NULL, NULL, NULL, NULL, NULL, NULL),
	(257, '798', 'Office 100 capsules', '<p>Office 100 capsules</p>', 'office-100-capsules', 0, 0, 1, NULL, 990.0000, 0.0000, NULL, NULL, 5.0000, 1, 'Red', 6, 'S', '2019-09-26 14:24:05', 'en', 'default', 231, '2019-09-26 14:24:05', NULL, 0, NULL, NULL, '<p>Office 100 capsules</p>', 'Office 100 capsules', 'Office 100 capsules', 'Office 100 capsules', '5', '5', '5', NULL, 10, '250g', NULL, NULL, NULL, NULL, NULL, NULL, NULL, NULL, NULL, NULL),
	(258, '798', NULL, NULL, 'office-100-capsules', 0, 0, 1, NULL, 990.0000, 0.0000, NULL, NULL, 5.0000, 1, '', 6, '', '2019-09-26 14:24:05', 'hu', 'default', 231, '2019-09-26 14:24:05', NULL, 0, NULL, NULL, NULL, NULL, NULL, NULL, '5', '5', '5', NULL, 10, '250g', NULL, NULL, NULL, NULL, NULL, NULL, NULL, NULL, NULL, NULL),
	(259, '564', 'Cezve', '<p>Cezve</p>', 'cezve', 0, 0, 1, NULL, 1000.0000, 0.0000, NULL, NULL, 5.0000, 1, 'Red', 6, 'S', '2019-09-26 15:51:35', 'en', 'default', 232, '2019-09-26 15:51:35', NULL, 0, NULL, NULL, '<p>Cezve</p>', 'Cezve', 'Cezve', 'Cezve', '5', '5', '5', NULL, 10, '250g', NULL, NULL, NULL, NULL, NULL, NULL, NULL, NULL, NULL, NULL),
	(260, '564', NULL, NULL, 'cezve', 0, 0, 1, NULL, 1000.0000, 0.0000, NULL, NULL, 5.0000, 1, '', 6, '', '2019-09-26 15:51:35', 'hu', 'default', 232, '2019-09-26 15:51:35', NULL, 0, NULL, NULL, NULL, NULL, NULL, NULL, '5', '5', '5', NULL, 10, '250g', NULL, NULL, NULL, NULL, NULL, NULL, NULL, NULL, NULL, NULL),
	(261, '2344444444', 'body_test', '<p>body_test</p>', 'body_test', 0, 0, 1, NULL, 233.0000, 0.0000, NULL, NULL, 444.0000, 1, 'Red', 6, 'S', '2019-10-02 22:05:16', 'en', 'default', 233, '2019-10-02 22:05:16', NULL, 0, NULL, NULL, '<p>body_test</p>', 'body_test', 'body_test', 'body_test', '2', '3', '55', NULL, 10, '250g', 'Mixed arabica coffee from brazil, guatemala, columbia fields + some robusta coffee', 'South-america (test)', 'Honey and chocolate', 'Medium és medium +', 'Creamy, honey, chocolate aroma, characteristic coffee with more caffein', 'We recommend: Those who like the characteristic and strong coffee this is a good blend for espresso, but it is a good basic for a morning latte or cappuccino as well.', '3tst', 'product/WciGUIhUb5IYH3EgmenbhQiIv3ydV8jOk6fX9QT5.png', NULL, NULL),
	(262, '2344444444', NULL, NULL, 'body_test', 0, 0, 1, NULL, 233.0000, 0.0000, NULL, NULL, 444.0000, 1, '', 6, '', '2019-10-02 22:05:16', 'hu', 'default', 233, '2019-10-02 22:05:16', NULL, 0, NULL, NULL, NULL, NULL, NULL, NULL, '2', '3', '55', NULL, 10, '250g', 'Mixed arabica coffee from brazil, guatemala, columbia fields + some robusta coffee', 'South-america (test)', 'Honey and chocolate', 'Medium és medium +', 'Creamy, honey, chocolate aroma, characteristic coffee with more caffein', 'We recommend: Those who like the characteristic and strong coffee this is a good blend for espresso, but it is a good basic for a morning latte or cappuccino as well.', '3tst', 'product/WciGUIhUb5IYH3EgmenbhQiIv3ydV8jOk6fX9QT5.png', NULL, NULL),
	(263, '555555555', 'coffeemachine', '<p>coffeemachine</p>', 'coffeemachine', 0, 0, 1, NULL, 0.0000, NULL, NULL, NULL, NULL, NULL, NULL, NULL, NULL, '2019-10-03 01:34:57', 'en', 'default', 234, '2019-10-03 01:34:57', NULL, 0, NULL, NULL, '<p>coffeemachine</p>', '', '', '', NULL, NULL, NULL, NULL, NULL, NULL, NULL, NULL, NULL, NULL, NULL, NULL, NULL, NULL, NULL, NULL),
	(264, '555555555', NULL, NULL, 'coffeemachine', 0, 0, 1, NULL, 0.0000, NULL, NULL, NULL, NULL, NULL, NULL, NULL, NULL, '2019-10-03 01:34:57', 'hu', 'default', 234, '2019-10-03 01:34:57', NULL, 0, NULL, NULL, NULL, NULL, NULL, NULL, NULL, NULL, NULL, NULL, NULL, NULL, NULL, NULL, NULL, NULL, NULL, NULL, NULL, NULL, NULL, NULL),
	(265, '555555555-variant-16', 'coffeemachine2000', NULL, NULL, NULL, NULL, 1, NULL, 200.0000, NULL, NULL, NULL, 2000.0000, NULL, NULL, NULL, NULL, '2019-10-03 01:34:57', 'en', 'default', 235, '2019-10-03 01:34:57', 263, NULL, NULL, NULL, NULL, NULL, NULL, NULL, NULL, NULL, NULL, NULL, NULL, NULL, NULL, NULL, NULL, NULL, NULL, NULL, NULL, NULL, 16, '2000'),
	(266, '555555555-variant-16', '', NULL, NULL, NULL, NULL, 1, NULL, 200.0000, NULL, NULL, NULL, 2000.0000, NULL, NULL, NULL, NULL, '2019-10-03 01:34:57', 'hu', 'default', 235, '2019-10-03 01:34:57', 264, NULL, NULL, NULL, NULL, NULL, NULL, NULL, NULL, NULL, NULL, NULL, NULL, NULL, NULL, NULL, NULL, NULL, NULL, NULL, NULL, NULL, 16, '2000'),
	(267, '555555555-variant-17', 'coffeemachine4000', NULL, NULL, NULL, NULL, 1, NULL, 400.0000, NULL, NULL, NULL, 4000.0000, NULL, NULL, NULL, NULL, '2019-10-03 01:34:57', 'en', 'default', 236, '2019-10-03 01:34:57', 263, NULL, NULL, NULL, NULL, NULL, NULL, NULL, NULL, NULL, NULL, NULL, NULL, NULL, NULL, NULL, NULL, NULL, NULL, NULL, NULL, NULL, 17, '4000'),
	(268, '555555555-variant-17', '', NULL, NULL, NULL, NULL, 1, NULL, 400.0000, NULL, NULL, NULL, 4000.0000, NULL, NULL, NULL, NULL, '2019-10-03 01:34:57', 'hu', 'default', 236, '2019-10-03 01:34:57', 264, NULL, NULL, NULL, NULL, NULL, NULL, NULL, NULL, NULL, NULL, NULL, NULL, NULL, NULL, NULL, NULL, NULL, NULL, NULL, NULL, NULL, 17, '4000'),
	(269, '3433333', 'testweight', '<p>testweight</p>', 'testweight', 0, 0, 1, NULL, 0.0000, NULL, NULL, NULL, NULL, 1, 'Red', 6, 'S', '2019-10-03 19:34:38', 'en', 'default', 237, '2019-10-03 19:34:38', NULL, 0, NULL, NULL, '<p>testweight</p>', 'testweight', 'testweight', 'testweight', '222', NULL, NULL, NULL, NULL, NULL, '', '', '', '', '', '', '', NULL, NULL, NULL),
	(270, '3433333', NULL, NULL, 'testweight', 0, 0, 1, NULL, 0.0000, NULL, NULL, NULL, NULL, 1, '', 6, '', '2019-10-03 19:34:38', 'hu', 'default', 237, '2019-10-03 19:34:38', NULL, 0, NULL, NULL, NULL, NULL, NULL, NULL, '222', NULL, NULL, NULL, NULL, NULL, '', '', '', '', '', '', '', NULL, NULL, NULL),
	(271, '3433333-variant-10', 'testweight250', NULL, NULL, NULL, NULL, 1, NULL, 250.0000, NULL, NULL, NULL, 250.0000, NULL, NULL, NULL, NULL, '2019-10-03 19:34:39', 'en', 'default', 238, '2019-10-03 19:34:39', 269, NULL, NULL, NULL, NULL, NULL, NULL, NULL, NULL, NULL, NULL, NULL, 10, '250g', NULL, NULL, NULL, NULL, NULL, NULL, NULL, NULL, NULL, NULL),
	(272, '3433333-variant-10', '', NULL, NULL, NULL, NULL, 1, NULL, 250.0000, NULL, NULL, NULL, 250.0000, NULL, NULL, NULL, NULL, '2019-10-03 19:34:39', 'hu', 'default', 238, '2019-10-03 19:34:39', 270, NULL, NULL, NULL, NULL, NULL, NULL, NULL, NULL, NULL, NULL, NULL, 10, '250g', NULL, NULL, NULL, NULL, NULL, NULL, NULL, NULL, NULL, NULL),
	(273, '3433333-variant-11', 'testweight500', NULL, NULL, NULL, NULL, 1, NULL, 500.0000, NULL, NULL, NULL, 500.0000, NULL, NULL, NULL, NULL, '2019-10-03 19:34:39', 'en', 'default', 239, '2019-10-03 19:34:39', 269, NULL, NULL, NULL, NULL, NULL, NULL, NULL, NULL, NULL, NULL, NULL, 11, '500g', NULL, NULL, NULL, NULL, NULL, NULL, NULL, NULL, NULL, NULL),
	(274, '3433333-variant-11', '', NULL, NULL, NULL, NULL, 1, NULL, 500.0000, NULL, NULL, NULL, 500.0000, NULL, NULL, NULL, NULL, '2019-10-03 19:34:39', 'hu', 'default', 239, '2019-10-03 19:34:39', 270, NULL, NULL, NULL, NULL, NULL, NULL, NULL, NULL, NULL, NULL, NULL, 11, '500g', NULL, NULL, NULL, NULL, NULL, NULL, NULL, NULL, NULL, NULL),
	(275, '3433333-variant-12', 'testweight1000', NULL, NULL, NULL, NULL, 1, NULL, 1000.0000, NULL, NULL, NULL, 1000.0000, NULL, NULL, NULL, NULL, '2019-10-03 19:34:39', 'en', 'default', 240, '2019-10-03 19:34:39', 269, NULL, NULL, NULL, NULL, NULL, NULL, NULL, NULL, NULL, NULL, NULL, 12, '1000g', NULL, NULL, NULL, NULL, NULL, NULL, NULL, NULL, NULL, NULL),
	(276, '3433333-variant-12', '', NULL, NULL, NULL, NULL, 1, NULL, 1000.0000, NULL, NULL, NULL, 1000.0000, NULL, NULL, NULL, NULL, '2019-10-03 19:34:39', 'hu', 'default', 240, '2019-10-03 19:34:39', 270, NULL, NULL, NULL, NULL, NULL, NULL, NULL, NULL, NULL, NULL, NULL, 12, '1000g', NULL, NULL, NULL, NULL, NULL, NULL, NULL, NULL, NULL, NULL);
/*!40000 ALTER TABLE `product_flat` ENABLE KEYS */;

-- Дамп структуры для таблица blue_bird_cafe.product_images
CREATE TABLE IF NOT EXISTS `product_images` (
  `id` int(10) unsigned NOT NULL AUTO_INCREMENT,
  `type` varchar(191) COLLATE utf8mb4_unicode_ci DEFAULT NULL,
  `path` varchar(191) COLLATE utf8mb4_unicode_ci NOT NULL,
  `product_id` int(10) unsigned NOT NULL,
  PRIMARY KEY (`id`),
  KEY `product_images_product_id_foreign` (`product_id`),
  CONSTRAINT `product_images_product_id_foreign` FOREIGN KEY (`product_id`) REFERENCES `products` (`id`) ON DELETE CASCADE
) ENGINE=InnoDB AUTO_INCREMENT=17 DEFAULT CHARSET=utf8mb4 COLLATE=utf8mb4_unicode_ci ROW_FORMAT=DYNAMIC;

-- Дамп данных таблицы blue_bird_cafe.product_images: ~7 rows (приблизительно)
/*!40000 ALTER TABLE `product_images` DISABLE KEYS */;
REPLACE INTO `product_images` (`id`, `type`, `path`, `product_id`) VALUES
	(6, NULL, 'product/217/Wb7KnOWlOmE0bg4vStj481jEZv4ltkBk52gTWv9Y.png', 217),
	(10, NULL, 'product/221/E1BUHEUt6NS9UA4Fh4DBW13grkY8dpEcPuqCPxMJ.png', 221),
	(11, NULL, 'product/225/iNkkQ5DVpzcF1lQ3UqrrlrW0vExDFznZkH9ehKv3.png', 225),
	(12, NULL, 'product/229/tfkExOBjJ5Dhh7dHKXpXl1A0TSBDcpNT51s7tBIl.jpeg', 229),
	(13, NULL, 'product/230/OUZtmEMmmKIxZfpUVqTAzJpDNzKpb8Ze8hGjQgFn.jpeg', 230),
	(14, NULL, 'product/231/IKwwxjryFEdVdqB3feIbV5fS3EAAF8F3uHCS5f1U.jpeg', 231),
	(15, NULL, 'product/232/DJyzO7cLBqxXEIsqpLWEkWeTdv7AKU1JXwSgUEhy.png', 232),
	(16, NULL, 'product/233/hCmcyjJuVP7kRCfLuRQbnzzLRhwvOpBprXJCkE8y.png', 233);
/*!40000 ALTER TABLE `product_images` ENABLE KEYS */;

-- Дамп структуры для таблица blue_bird_cafe.product_inventories
CREATE TABLE IF NOT EXISTS `product_inventories` (
  `id` int(10) unsigned NOT NULL AUTO_INCREMENT,
  `qty` int(11) NOT NULL DEFAULT 0,
  `product_id` int(10) unsigned NOT NULL,
  `inventory_source_id` int(10) unsigned NOT NULL,
  `vendor_id` int(11) NOT NULL DEFAULT 0,
  PRIMARY KEY (`id`),
  UNIQUE KEY `product_source_vendor_index_unique` (`product_id`,`inventory_source_id`,`vendor_id`),
  KEY `product_inventories_inventory_source_id_foreign` (`inventory_source_id`),
  CONSTRAINT `product_inventories_inventory_source_id_foreign` FOREIGN KEY (`inventory_source_id`) REFERENCES `inventory_sources` (`id`) ON DELETE CASCADE,
  CONSTRAINT `product_inventories_product_id_foreign` FOREIGN KEY (`product_id`) REFERENCES `products` (`id`) ON DELETE CASCADE
) ENGINE=InnoDB AUTO_INCREMENT=122 DEFAULT CHARSET=utf8mb4 COLLATE=utf8mb4_unicode_ci ROW_FORMAT=DYNAMIC;

-- Дамп данных таблицы blue_bird_cafe.product_inventories: ~16 rows (приблизительно)
/*!40000 ALTER TABLE `product_inventories` DISABLE KEYS */;
REPLACE INTO `product_inventories` (`id`, `qty`, `product_id`, `inventory_source_id`, `vendor_id`) VALUES
	(95, 500, 218, 1, 0),
	(96, 500, 219, 1, 0),
	(97, 500, 220, 1, 0),
	(106, 300, 222, 1, 0),
	(107, 300, 223, 1, 0),
	(108, 300, 224, 1, 0),
	(109, 300, 226, 1, 0),
	(110, 300, 227, 1, 0),
	(111, 300, 228, 1, 0),
	(112, 999, 229, 1, 0),
	(113, 999, 230, 1, 0),
	(114, 999, 231, 1, 0),
	(115, 999, 232, 1, 0),
	(116, 9999, 233, 1, 0),
	(117, 0, 235, 1, 0),
	(118, 0, 236, 1, 0),
	(119, 888, 238, 1, 0),
	(120, 888, 239, 1, 0),
	(121, 888, 240, 1, 0);
/*!40000 ALTER TABLE `product_inventories` ENABLE KEYS */;

-- Дамп структуры для таблица blue_bird_cafe.product_ordered_inventories
CREATE TABLE IF NOT EXISTS `product_ordered_inventories` (
  `id` int(10) unsigned NOT NULL AUTO_INCREMENT,
  `qty` int(11) NOT NULL DEFAULT 0,
  `product_id` int(10) unsigned NOT NULL,
  `channel_id` int(10) unsigned NOT NULL,
  PRIMARY KEY (`id`),
  UNIQUE KEY `product_ordered_inventories_product_id_channel_id_unique` (`product_id`,`channel_id`),
  KEY `product_ordered_inventories_channel_id_foreign` (`channel_id`),
  CONSTRAINT `product_ordered_inventories_channel_id_foreign` FOREIGN KEY (`channel_id`) REFERENCES `channels` (`id`) ON DELETE CASCADE,
  CONSTRAINT `product_ordered_inventories_product_id_foreign` FOREIGN KEY (`product_id`) REFERENCES `products` (`id`) ON DELETE CASCADE
) ENGINE=InnoDB AUTO_INCREMENT=9 DEFAULT CHARSET=utf8mb4 COLLATE=utf8mb4_unicode_ci ROW_FORMAT=DYNAMIC;

-- Дамп данных таблицы blue_bird_cafe.product_ordered_inventories: ~3 rows (приблизительно)
/*!40000 ALTER TABLE `product_ordered_inventories` DISABLE KEYS */;
REPLACE INTO `product_ordered_inventories` (`id`, `qty`, `product_id`, `channel_id`) VALUES
	(5, 10, 218, 1),
	(6, 6, 222, 1),
	(7, 1, 223, 1),
	(8, 7, 229, 1);
/*!40000 ALTER TABLE `product_ordered_inventories` ENABLE KEYS */;

-- Дамп структуры для таблица blue_bird_cafe.product_relations
CREATE TABLE IF NOT EXISTS `product_relations` (
  `parent_id` int(10) unsigned NOT NULL,
  `child_id` int(10) unsigned NOT NULL,
  KEY `product_relations_parent_id_foreign` (`parent_id`),
  KEY `product_relations_child_id_foreign` (`child_id`),
  CONSTRAINT `product_relations_child_id_foreign` FOREIGN KEY (`child_id`) REFERENCES `products` (`id`) ON DELETE CASCADE,
  CONSTRAINT `product_relations_parent_id_foreign` FOREIGN KEY (`parent_id`) REFERENCES `products` (`id`) ON DELETE CASCADE
) ENGINE=InnoDB DEFAULT CHARSET=utf8mb4 COLLATE=utf8mb4_unicode_ci ROW_FORMAT=DYNAMIC;

-- Дамп данных таблицы blue_bird_cafe.product_relations: ~6 rows (приблизительно)
/*!40000 ALTER TABLE `product_relations` DISABLE KEYS */;
REPLACE INTO `product_relations` (`parent_id`, `child_id`) VALUES
	(217, 225),
	(217, 225),
	(217, 225),
	(217, 225),
	(217, 225),
	(217, 225);
/*!40000 ALTER TABLE `product_relations` ENABLE KEYS */;

-- Дамп структуры для таблица blue_bird_cafe.product_reviews
CREATE TABLE IF NOT EXISTS `product_reviews` (
  `id` int(10) unsigned NOT NULL AUTO_INCREMENT,
  `title` varchar(191) COLLATE utf8mb4_unicode_ci NOT NULL,
  `rating` int(11) NOT NULL,
  `comment` text COLLATE utf8mb4_unicode_ci DEFAULT NULL,
  `status` varchar(191) COLLATE utf8mb4_unicode_ci NOT NULL,
  `created_at` timestamp NULL DEFAULT NULL,
  `updated_at` timestamp NULL DEFAULT NULL,
  `product_id` int(10) unsigned NOT NULL,
  `customer_id` int(11) DEFAULT NULL,
  `name` varchar(191) COLLATE utf8mb4_unicode_ci NOT NULL DEFAULT '',
  PRIMARY KEY (`id`),
  KEY `product_reviews_product_id_foreign` (`product_id`),
  KEY `product_reviews_customer_id_foreign` (`customer_id`),
  CONSTRAINT `product_reviews_product_id_foreign` FOREIGN KEY (`product_id`) REFERENCES `products` (`id`) ON DELETE CASCADE
) ENGINE=InnoDB AUTO_INCREMENT=2 DEFAULT CHARSET=utf8mb4 COLLATE=utf8mb4_unicode_ci ROW_FORMAT=DYNAMIC;

-- Дамп данных таблицы blue_bird_cafe.product_reviews: ~0 rows (приблизительно)
/*!40000 ALTER TABLE `product_reviews` DISABLE KEYS */;
/*!40000 ALTER TABLE `product_reviews` ENABLE KEYS */;

-- Дамп структуры для таблица blue_bird_cafe.product_super_attributes
CREATE TABLE IF NOT EXISTS `product_super_attributes` (
  `product_id` int(10) unsigned NOT NULL,
  `attribute_id` int(10) unsigned NOT NULL,
  KEY `product_super_attributes_product_id_foreign` (`product_id`),
  KEY `product_super_attributes_attribute_id_foreign` (`attribute_id`),
  CONSTRAINT `product_super_attributes_attribute_id_foreign` FOREIGN KEY (`attribute_id`) REFERENCES `attributes` (`id`),
  CONSTRAINT `product_super_attributes_product_id_foreign` FOREIGN KEY (`product_id`) REFERENCES `products` (`id`) ON DELETE CASCADE
) ENGINE=InnoDB DEFAULT CHARSET=utf8mb4 COLLATE=utf8mb4_unicode_ci ROW_FORMAT=DYNAMIC;

-- Дамп данных таблицы blue_bird_cafe.product_super_attributes: ~28 rows (приблизительно)
/*!40000 ALTER TABLE `product_super_attributes` DISABLE KEYS */;
REPLACE INTO `product_super_attributes` (`product_id`, `attribute_id`) VALUES
	(6, 23),
	(6, 24),
	(28, 23),
	(28, 24),
	(49, 23),
	(49, 24),
	(83, 23),
	(83, 24),
	(104, 23),
	(104, 24),
	(217, 32),
	(221, 32),
	(225, 32),
	(234, 44),
	(6, 23),
	(6, 24),
	(28, 23),
	(28, 24),
	(49, 23),
	(49, 24),
	(83, 23),
	(83, 24),
	(104, 23),
	(104, 24),
	(217, 32),
	(221, 32),
	(225, 32),
	(234, 44),
	(237, 32);
/*!40000 ALTER TABLE `product_super_attributes` ENABLE KEYS */;

-- Дамп структуры для таблица blue_bird_cafe.product_up_sells
CREATE TABLE IF NOT EXISTS `product_up_sells` (
  `parent_id` int(10) unsigned NOT NULL,
  `child_id` int(10) unsigned NOT NULL,
  KEY `product_up_sells_parent_id_foreign` (`parent_id`),
  KEY `product_up_sells_child_id_foreign` (`child_id`),
  CONSTRAINT `product_up_sells_child_id_foreign` FOREIGN KEY (`child_id`) REFERENCES `products` (`id`) ON DELETE CASCADE,
  CONSTRAINT `product_up_sells_parent_id_foreign` FOREIGN KEY (`parent_id`) REFERENCES `products` (`id`) ON DELETE CASCADE
) ENGINE=InnoDB DEFAULT CHARSET=utf8mb4 COLLATE=utf8mb4_unicode_ci ROW_FORMAT=DYNAMIC;

-- Дамп данных таблицы blue_bird_cafe.product_up_sells: ~6 rows (приблизительно)
/*!40000 ALTER TABLE `product_up_sells` DISABLE KEYS */;
REPLACE INTO `product_up_sells` (`parent_id`, `child_id`) VALUES
	(217, 221),
	(217, 221),
	(217, 221),
	(217, 221),
	(217, 221),
	(217, 221);
/*!40000 ALTER TABLE `product_up_sells` ENABLE KEYS */;

-- Дамп структуры для таблица blue_bird_cafe.referals
CREATE TABLE IF NOT EXISTS `referals` (
  `id` int(10) unsigned NOT NULL AUTO_INCREMENT,
  `ref_id` varchar(191) COLLATE utf8mb4_unicode_ci DEFAULT NULL,
  `ref_name` varchar(191) COLLATE utf8mb4_unicode_ci DEFAULT NULL,
  `ref_email` varchar(191) COLLATE utf8mb4_unicode_ci DEFAULT NULL,
  `code` varchar(191) COLLATE utf8mb4_unicode_ci DEFAULT NULL,
  `created_at` timestamp NULL DEFAULT NULL,
  `updated_at` timestamp NULL DEFAULT NULL,
  PRIMARY KEY (`id`)
) ENGINE=InnoDB AUTO_INCREMENT=6 DEFAULT CHARSET=utf8mb4 COLLATE=utf8mb4_unicode_ci ROW_FORMAT=DYNAMIC;

-- Дамп данных таблицы blue_bird_cafe.referals: ~4 rows (приблизительно)
/*!40000 ALTER TABLE `referals` DISABLE KEYS */;
REPLACE INTO `referals` (`id`, `ref_id`, `ref_name`, `ref_email`, `code`, `created_at`, `updated_at`) VALUES
	(1, '3', 'test_name1', 'testmail@gmail.com', 'x3424x', '2019-09-27 13:23:38', '2019-09-27 13:23:39'),
	(2, '3', 'test_name2', 'test_email1@gmail.com', 'x34234x', '2019-09-27 13:23:38', '2019-09-27 13:23:39'),
	(3, '3', 'test_name3', 'test@gmail.com', 'x4424x', '2019-09-27 13:23:38', '2019-09-27 13:23:39'),
	(4, '3', 'meharef2', 'meharef2@gmail.com', '3', '2019-09-30 15:27:30', '2019-09-30 15:27:30'),
	(5, '3', 'testtestsad', 'testtestsad@gmail.com', '3', '2019-09-30 15:30:41', '2019-09-30 15:30:41');
/*!40000 ALTER TABLE `referals` ENABLE KEYS */;

-- Дамп структуры для таблица blue_bird_cafe.roles
CREATE TABLE IF NOT EXISTS `roles` (
  `id` int(10) unsigned NOT NULL AUTO_INCREMENT,
  `name` varchar(191) COLLATE utf8mb4_unicode_ci NOT NULL,
  `description` varchar(191) COLLATE utf8mb4_unicode_ci DEFAULT NULL,
  `permission_type` varchar(191) COLLATE utf8mb4_unicode_ci NOT NULL,
  `permissions` longtext CHARACTER SET utf8mb4 COLLATE utf8mb4_bin DEFAULT NULL,
  `created_at` timestamp NULL DEFAULT NULL,
  `updated_at` timestamp NULL DEFAULT NULL,
  PRIMARY KEY (`id`)
) ENGINE=InnoDB AUTO_INCREMENT=2 DEFAULT CHARSET=utf8mb4 COLLATE=utf8mb4_unicode_ci ROW_FORMAT=DYNAMIC;

-- Дамп данных таблицы blue_bird_cafe.roles: ~0 rows (приблизительно)
/*!40000 ALTER TABLE `roles` DISABLE KEYS */;
REPLACE INTO `roles` (`id`, `name`, `description`, `permission_type`, `permissions`, `created_at`, `updated_at`) VALUES
	(1, 'Administrator', 'Administrator rolem', 'all', NULL, NULL, NULL);
/*!40000 ALTER TABLE `roles` ENABLE KEYS */;

-- Дамп структуры для таблица blue_bird_cafe.shipments
CREATE TABLE IF NOT EXISTS `shipments` (
  `id` int(10) unsigned NOT NULL AUTO_INCREMENT,
  `status` varchar(191) COLLATE utf8mb4_unicode_ci DEFAULT NULL,
  `total_qty` int(11) DEFAULT NULL,
  `total_weight` int(11) DEFAULT NULL,
  `carrier_code` varchar(191) COLLATE utf8mb4_unicode_ci DEFAULT NULL,
  `carrier_title` varchar(191) COLLATE utf8mb4_unicode_ci DEFAULT NULL,
  `track_number` text COLLATE utf8mb4_unicode_ci DEFAULT NULL,
  `email_sent` tinyint(1) NOT NULL DEFAULT 0,
  `customer_id` int(10) unsigned DEFAULT NULL,
  `customer_type` varchar(191) COLLATE utf8mb4_unicode_ci DEFAULT NULL,
  `order_id` int(10) unsigned NOT NULL,
  `order_address_id` int(10) unsigned DEFAULT NULL,
  `created_at` timestamp NULL DEFAULT NULL,
  `updated_at` timestamp NULL DEFAULT NULL,
  `inventory_source_id` int(10) unsigned DEFAULT NULL,
  PRIMARY KEY (`id`),
  KEY `shipments_order_id_foreign` (`order_id`),
  KEY `shipments_order_address_id_foreign` (`order_address_id`),
  KEY `shipments_inventory_source_id_foreign` (`inventory_source_id`),
  CONSTRAINT `shipments_inventory_source_id_foreign` FOREIGN KEY (`inventory_source_id`) REFERENCES `inventory_sources` (`id`) ON DELETE SET NULL,
  CONSTRAINT `shipments_order_address_id_foreign` FOREIGN KEY (`order_address_id`) REFERENCES `order_address` (`id`) ON DELETE SET NULL,
  CONSTRAINT `shipments_order_id_foreign` FOREIGN KEY (`order_id`) REFERENCES `orders` (`id`) ON DELETE CASCADE
) ENGINE=InnoDB AUTO_INCREMENT=2 DEFAULT CHARSET=utf8mb4 COLLATE=utf8mb4_unicode_ci ROW_FORMAT=DYNAMIC;

-- Дамп данных таблицы blue_bird_cafe.shipments: ~0 rows (приблизительно)
/*!40000 ALTER TABLE `shipments` DISABLE KEYS */;
/*!40000 ALTER TABLE `shipments` ENABLE KEYS */;

-- Дамп структуры для таблица blue_bird_cafe.shipment_items
CREATE TABLE IF NOT EXISTS `shipment_items` (
  `id` int(10) unsigned NOT NULL AUTO_INCREMENT,
  `name` varchar(191) COLLATE utf8mb4_unicode_ci DEFAULT NULL,
  `description` varchar(191) COLLATE utf8mb4_unicode_ci DEFAULT NULL,
  `sku` varchar(191) COLLATE utf8mb4_unicode_ci DEFAULT NULL,
  `qty` int(11) DEFAULT NULL,
  `weight` int(11) DEFAULT NULL,
  `price` decimal(12,4) DEFAULT 0.0000,
  `base_price` decimal(12,4) DEFAULT 0.0000,
  `total` decimal(12,4) DEFAULT 0.0000,
  `base_total` decimal(12,4) DEFAULT 0.0000,
  `product_id` int(10) unsigned DEFAULT NULL,
  `product_type` varchar(191) COLLATE utf8mb4_unicode_ci DEFAULT NULL,
  `order_item_id` int(10) unsigned DEFAULT NULL,
  `shipment_id` int(10) unsigned NOT NULL,
  `additional` longtext CHARACTER SET utf8mb4 COLLATE utf8mb4_bin DEFAULT NULL,
  `created_at` timestamp NULL DEFAULT NULL,
  `updated_at` timestamp NULL DEFAULT NULL,
  PRIMARY KEY (`id`),
  KEY `shipment_items_shipment_id_foreign` (`shipment_id`),
  CONSTRAINT `shipment_items_shipment_id_foreign` FOREIGN KEY (`shipment_id`) REFERENCES `shipments` (`id`) ON DELETE CASCADE
) ENGINE=InnoDB AUTO_INCREMENT=2 DEFAULT CHARSET=utf8mb4 COLLATE=utf8mb4_unicode_ci ROW_FORMAT=DYNAMIC;

-- Дамп данных таблицы blue_bird_cafe.shipment_items: ~0 rows (приблизительно)
/*!40000 ALTER TABLE `shipment_items` DISABLE KEYS */;
/*!40000 ALTER TABLE `shipment_items` ENABLE KEYS */;

-- Дамп структуры для таблица blue_bird_cafe.sliders
CREATE TABLE IF NOT EXISTS `sliders` (
  `id` int(10) unsigned NOT NULL AUTO_INCREMENT,
  `title` varchar(191) COLLATE utf8mb4_unicode_ci NOT NULL,
  `path` varchar(191) COLLATE utf8mb4_unicode_ci NOT NULL,
  `content` text COLLATE utf8mb4_unicode_ci DEFAULT NULL,
  `channel_id` int(10) unsigned NOT NULL,
  `created_at` timestamp NULL DEFAULT NULL,
  `updated_at` timestamp NULL DEFAULT NULL,
  PRIMARY KEY (`id`),
  KEY `sliders_channel_id_foreign` (`channel_id`),
  CONSTRAINT `sliders_channel_id_foreign` FOREIGN KEY (`channel_id`) REFERENCES `channels` (`id`) ON DELETE CASCADE
) ENGINE=InnoDB DEFAULT CHARSET=utf8mb4 COLLATE=utf8mb4_unicode_ci ROW_FORMAT=DYNAMIC;

-- Дамп данных таблицы blue_bird_cafe.sliders: ~0 rows (приблизительно)
/*!40000 ALTER TABLE `sliders` DISABLE KEYS */;
/*!40000 ALTER TABLE `sliders` ENABLE KEYS */;

-- Дамп структуры для таблица blue_bird_cafe.subscribers_list
CREATE TABLE IF NOT EXISTS `subscribers_list` (
  `id` int(10) unsigned NOT NULL AUTO_INCREMENT,
  `email` varchar(191) COLLATE utf8mb4_unicode_ci NOT NULL,
  `is_subscribed` tinyint(1) NOT NULL DEFAULT 0,
  `token` varchar(191) COLLATE utf8mb4_unicode_ci DEFAULT NULL,
  `channel_id` int(10) unsigned NOT NULL,
  `created_at` timestamp NULL DEFAULT NULL,
  `updated_at` timestamp NULL DEFAULT NULL,
  PRIMARY KEY (`id`),
  KEY `subscribers_list_channel_id_foreign` (`channel_id`),
  CONSTRAINT `subscribers_list_channel_id_foreign` FOREIGN KEY (`channel_id`) REFERENCES `channels` (`id`) ON DELETE CASCADE
) ENGINE=InnoDB AUTO_INCREMENT=7 DEFAULT CHARSET=utf8mb4 COLLATE=utf8mb4_unicode_ci ROW_FORMAT=DYNAMIC;

-- Дамп данных таблицы blue_bird_cafe.subscribers_list: ~6 rows (приблизительно)
/*!40000 ALTER TABLE `subscribers_list` DISABLE KEYS */;
REPLACE INTO `subscribers_list` (`id`, `email`, `is_subscribed`, `token`, `channel_id`, `created_at`, `updated_at`) VALUES
	(1, 'magicjoke@gmail.com', 1, '5d68ed33ba6bd', 1, '2019-08-30 15:02:37', '2019-08-30 15:02:37'),
	(2, 'dim4ik.96@ukr.net', 1, '5d690218ce54b', 1, '2019-08-30 16:31:46', '2019-08-30 16:31:46'),
	(3, 'jluzya@gmail.com', 1, '5d6902f37da61', 1, '2019-08-30 16:35:24', '2019-08-30 16:35:24'),
	(4, 'test@gmail.com', 1, '5d690c1ed6278', 1, '2019-08-30 17:14:32', '2019-08-30 17:14:32'),
	(5, 'test3423@gmail.com', 1, '5d8c94515ff32', 1, '2019-09-26 16:04:58', '2019-09-26 16:04:58'),
	(6, 'megate33st@gmail.com', 1, '5d8c961529add', 1, '2019-09-26 16:12:30', '2019-09-26 16:12:30');
/*!40000 ALTER TABLE `subscribers_list` ENABLE KEYS */;

-- Дамп структуры для таблица blue_bird_cafe.tasks
CREATE TABLE IF NOT EXISTS `tasks` (
  `id` int(10) unsigned NOT NULL AUTO_INCREMENT,
  `name` varchar(191) COLLATE utf8mb4_unicode_ci NOT NULL,
  `description` text COLLATE utf8mb4_unicode_ci DEFAULT NULL,
  `task_date` date NOT NULL,
  `created_at` timestamp NULL DEFAULT NULL,
  `updated_at` timestamp NULL DEFAULT NULL,
  PRIMARY KEY (`id`)
) ENGINE=InnoDB AUTO_INCREMENT=5 DEFAULT CHARSET=utf8mb4 COLLATE=utf8mb4_unicode_ci ROW_FORMAT=DYNAMIC;

-- Дамп данных таблицы blue_bird_cafe.tasks: ~4 rows (приблизительно)
/*!40000 ALTER TABLE `tasks` DISABLE KEYS */;
REPLACE INTO `tasks` (`id`, `name`, `description`, `task_date`, `created_at`, `updated_at`) VALUES
	(1, 'test1', 'test1', '2019-09-28', '2019-09-27 16:25:56', '2019-09-27 16:25:56'),
	(2, 'Test', 'Test', '2019-10-03', '2019-10-03 15:52:11', '2019-10-03 15:52:11'),
	(3, 'Test2', 'Test2', '2019-10-05', '2019-10-03 17:28:39', '2019-10-03 17:28:39'),
	(4, 'Test Front', 'Test Front', '2019-10-14', '2019-10-03 17:46:20', '2019-10-03 17:46:20');
/*!40000 ALTER TABLE `tasks` ENABLE KEYS */;

-- Дамп структуры для таблица blue_bird_cafe.tax_categories
CREATE TABLE IF NOT EXISTS `tax_categories` (
  `id` int(10) unsigned NOT NULL AUTO_INCREMENT,
  `channel_id` int(10) unsigned NOT NULL,
  `code` varchar(191) COLLATE utf8mb4_unicode_ci NOT NULL,
  `name` varchar(191) COLLATE utf8mb4_unicode_ci NOT NULL,
  `description` longtext COLLATE utf8mb4_unicode_ci NOT NULL,
  `created_at` timestamp NULL DEFAULT NULL,
  `updated_at` timestamp NULL DEFAULT NULL,
  PRIMARY KEY (`id`),
  UNIQUE KEY `tax_categories_code_unique` (`code`),
  UNIQUE KEY `tax_categories_name_unique` (`name`),
  KEY `tax_categories_channel_id_foreign` (`channel_id`),
  CONSTRAINT `tax_categories_channel_id_foreign` FOREIGN KEY (`channel_id`) REFERENCES `channels` (`id`) ON DELETE CASCADE
) ENGINE=InnoDB DEFAULT CHARSET=utf8mb4 COLLATE=utf8mb4_unicode_ci ROW_FORMAT=DYNAMIC;

-- Дамп данных таблицы blue_bird_cafe.tax_categories: ~0 rows (приблизительно)
/*!40000 ALTER TABLE `tax_categories` DISABLE KEYS */;
/*!40000 ALTER TABLE `tax_categories` ENABLE KEYS */;

-- Дамп структуры для таблица blue_bird_cafe.tax_categories_tax_rates
CREATE TABLE IF NOT EXISTS `tax_categories_tax_rates` (
  `id` int(10) unsigned NOT NULL AUTO_INCREMENT,
  `tax_category_id` int(10) unsigned NOT NULL,
  `tax_rate_id` int(10) unsigned NOT NULL,
  `created_at` timestamp NULL DEFAULT NULL,
  `updated_at` timestamp NULL DEFAULT NULL,
  PRIMARY KEY (`id`),
  UNIQUE KEY `tax_map_index_unique` (`tax_category_id`,`tax_rate_id`),
  KEY `tax_categories_tax_rates_tax_rate_id_foreign` (`tax_rate_id`),
  CONSTRAINT `tax_categories_tax_rates_tax_category_id_foreign` FOREIGN KEY (`tax_category_id`) REFERENCES `tax_categories` (`id`) ON DELETE CASCADE,
  CONSTRAINT `tax_categories_tax_rates_tax_rate_id_foreign` FOREIGN KEY (`tax_rate_id`) REFERENCES `tax_rates` (`id`) ON DELETE CASCADE
) ENGINE=InnoDB DEFAULT CHARSET=utf8mb4 COLLATE=utf8mb4_unicode_ci ROW_FORMAT=DYNAMIC;

-- Дамп данных таблицы blue_bird_cafe.tax_categories_tax_rates: ~0 rows (приблизительно)
/*!40000 ALTER TABLE `tax_categories_tax_rates` DISABLE KEYS */;
/*!40000 ALTER TABLE `tax_categories_tax_rates` ENABLE KEYS */;

-- Дамп структуры для таблица blue_bird_cafe.tax_rates
CREATE TABLE IF NOT EXISTS `tax_rates` (
  `id` int(10) unsigned NOT NULL AUTO_INCREMENT,
  `identifier` varchar(191) COLLATE utf8mb4_unicode_ci NOT NULL,
  `is_zip` tinyint(1) NOT NULL DEFAULT 0,
  `zip_code` varchar(191) COLLATE utf8mb4_unicode_ci DEFAULT NULL,
  `zip_from` varchar(191) COLLATE utf8mb4_unicode_ci DEFAULT NULL,
  `zip_to` varchar(191) COLLATE utf8mb4_unicode_ci DEFAULT NULL,
  `state` varchar(191) COLLATE utf8mb4_unicode_ci NOT NULL,
  `country` varchar(191) COLLATE utf8mb4_unicode_ci NOT NULL,
  `tax_rate` decimal(12,4) NOT NULL,
  `created_at` timestamp NULL DEFAULT NULL,
  `updated_at` timestamp NULL DEFAULT NULL,
  PRIMARY KEY (`id`),
  UNIQUE KEY `tax_rates_identifier_unique` (`identifier`)
) ENGINE=InnoDB DEFAULT CHARSET=utf8mb4 COLLATE=utf8mb4_unicode_ci ROW_FORMAT=DYNAMIC;

-- Дамп данных таблицы blue_bird_cafe.tax_rates: ~0 rows (приблизительно)
/*!40000 ALTER TABLE `tax_rates` DISABLE KEYS */;
/*!40000 ALTER TABLE `tax_rates` ENABLE KEYS */;

-- Дамп структуры для таблица blue_bird_cafe.trainings_subscription
CREATE TABLE IF NOT EXISTS `trainings_subscription` (
  `id` int(10) unsigned NOT NULL AUTO_INCREMENT,
  `user_id` varchar(191) COLLATE utf8mb4_unicode_ci NOT NULL,
  `subscription_name` varchar(191) COLLATE utf8mb4_unicode_ci DEFAULT NULL,
  `subscription_term` varchar(191) COLLATE utf8mb4_unicode_ci DEFAULT NULL,
  `subscription_term_starts` varchar(191) COLLATE utf8mb4_unicode_ci DEFAULT NULL,
  `subscription_term_ends` varchar(191) COLLATE utf8mb4_unicode_ci DEFAULT NULL,
  `ship_frequency` varchar(191) COLLATE utf8mb4_unicode_ci DEFAULT NULL,
  `ship_quantity` varchar(191) COLLATE utf8mb4_unicode_ci DEFAULT NULL,
  `price` varchar(191) COLLATE utf8mb4_unicode_ci DEFAULT NULL,
  `created_at` timestamp NULL DEFAULT NULL,
  `updated_at` timestamp NULL DEFAULT NULL,
  PRIMARY KEY (`id`)
) ENGINE=InnoDB AUTO_INCREMENT=5 DEFAULT CHARSET=utf8mb4 COLLATE=utf8mb4_unicode_ci ROW_FORMAT=DYNAMIC;

-- Дамп данных таблицы blue_bird_cafe.trainings_subscription: ~3 rows (приблизительно)
/*!40000 ALTER TABLE `trainings_subscription` DISABLE KEYS */;
REPLACE INTO `trainings_subscription` (`id`, `user_id`, `subscription_name`, `subscription_term`, `subscription_term_starts`, `subscription_term_ends`, `ship_frequency`, `ship_quantity`, `price`, `created_at`, `updated_at`) VALUES
	(2, '3', 'Trainings', '6 Months', '2019-09-17 19:53:10', '2020-03-17 19:53:10', NULL, NULL, NULL, '2019-09-17 18:18:58', '2019-09-17 18:18:58'),
	(3, '23', 'Trainings', '6 Months', '2019-09-18 19:49:02', '2020-03-18 19:49:02', NULL, NULL, NULL, '2019-09-18 19:49:02', '2019-09-18 19:49:02'),
	(4, '24', 'Trainings', '6 Months', '2019-09-18 19:49:44', '2020-03-18 19:49:44', NULL, NULL, NULL, '2019-09-18 19:49:44', '2019-09-18 19:49:44');
/*!40000 ALTER TABLE `trainings_subscription` ENABLE KEYS */;

-- Дамп структуры для таблица blue_bird_cafe.users
CREATE TABLE IF NOT EXISTS `users` (
  `id` int(10) unsigned NOT NULL AUTO_INCREMENT,
  `name` varchar(191) COLLATE utf8mb4_unicode_ci NOT NULL,
  `email` varchar(191) COLLATE utf8mb4_unicode_ci NOT NULL,
  `password` varchar(191) COLLATE utf8mb4_unicode_ci NOT NULL,
  `remember_token` varchar(100) COLLATE utf8mb4_unicode_ci DEFAULT NULL,
  `created_at` timestamp NULL DEFAULT NULL,
  `updated_at` timestamp NULL DEFAULT NULL,
  PRIMARY KEY (`id`),
  UNIQUE KEY `users_email_unique` (`email`)
) ENGINE=InnoDB DEFAULT CHARSET=utf8mb4 COLLATE=utf8mb4_unicode_ci ROW_FORMAT=DYNAMIC;

-- Дамп данных таблицы blue_bird_cafe.users: ~0 rows (приблизительно)
/*!40000 ALTER TABLE `users` DISABLE KEYS */;
/*!40000 ALTER TABLE `users` ENABLE KEYS */;

-- Дамп структуры для таблица blue_bird_cafe.wishlist
CREATE TABLE IF NOT EXISTS `wishlist` (
  `id` int(10) unsigned NOT NULL AUTO_INCREMENT,
  `channel_id` int(10) unsigned NOT NULL,
  `product_id` int(10) unsigned NOT NULL,
  `customer_id` int(10) unsigned NOT NULL,
  `item_options` longtext CHARACTER SET utf8mb4 COLLATE utf8mb4_bin DEFAULT NULL,
  `moved_to_cart` date DEFAULT NULL,
  `shared` tinyint(1) DEFAULT NULL,
  `time_of_moving` date DEFAULT NULL,
  `created_at` timestamp NULL DEFAULT NULL,
  `updated_at` timestamp NULL DEFAULT NULL,
  PRIMARY KEY (`id`),
  KEY `wishlist_channel_id_foreign` (`channel_id`),
  KEY `wishlist_product_id_foreign` (`product_id`),
  KEY `wishlist_customer_id_foreign` (`customer_id`),
  CONSTRAINT `wishlist_channel_id_foreign` FOREIGN KEY (`channel_id`) REFERENCES `channels` (`id`) ON DELETE CASCADE,
  CONSTRAINT `wishlist_customer_id_foreign` FOREIGN KEY (`customer_id`) REFERENCES `customers` (`id`) ON DELETE CASCADE,
  CONSTRAINT `wishlist_product_id_foreign` FOREIGN KEY (`product_id`) REFERENCES `products` (`id`) ON DELETE CASCADE
) ENGINE=InnoDB AUTO_INCREMENT=2 DEFAULT CHARSET=utf8mb4 COLLATE=utf8mb4_unicode_ci ROW_FORMAT=DYNAMIC;

-- Дамп данных таблицы blue_bird_cafe.wishlist: ~0 rows (приблизительно)
/*!40000 ALTER TABLE `wishlist` DISABLE KEYS */;
/*!40000 ALTER TABLE `wishlist` ENABLE KEYS */;

/*!40101 SET SQL_MODE=IFNULL(@OLD_SQL_MODE, '') */;
/*!40014 SET FOREIGN_KEY_CHECKS=IF(@OLD_FOREIGN_KEY_CHECKS IS NULL, 1, @OLD_FOREIGN_KEY_CHECKS) */;
/*!40101 SET CHARACTER_SET_CLIENT=@OLD_CHARACTER_SET_CLIENT */;
